{"_id":"invert-kv","_rev":"4-ce3cef81724a39201e9a443141c4f897","name":"invert-kv","description":"Invert the key/value of an object. Example: {foo: 'bar'} → {bar: 'foo'}","dist-tags":{"latest":"1.0.0"},"versions":{"0.1.0":{"name":"invert-kv","version":"0.1.0","description":"Invert the key/value of an object. Example: {foo: 'bar'} → {bar: 'foo'}","license":"MIT","repository":{"type":"git","url":"git://github.com/sindresorhus/invert-kv"},"author":{"name":"Sindre Sorhus","email":"sindresorhus@gmail.com","url":"http://sindresorhus.com"},"engines":{"node":">=0.10.0"},"scripts":{"test":"mocha"},"files":["index.js"],"keywords":["object","obj","key","value","val","kv","invert"],"devDependencies":{"mocha":"*"},"bugs":{"url":"https://github.com/sindresorhus/invert-kv/issues"},"homepage":"https://github.com/sindresorhus/invert-kv","_id":"invert-kv@0.1.0","_shasum":"4638ea2a63c8362311d84cc01a5ac6cccb12a541","_from":".","_npmVersion":"1.4.9","_npmUser":{"name":"sindresorhus","email":"sindresorhus@gmail.com"},"maintainers":[{"name":"sindresorhus","email":"sindresorhus@gmail.com"}],"dist":{"shasum":"4638ea2a63c8362311d84cc01a5ac6cccb12a541","tarball":"https://registry.npmjs.org/invert-kv/-/invert-kv-0.1.0.tgz"},"directories":{}},"1.0.0":{"name":"invert-kv","version":"1.0.0","description":"Invert the key/value of an object. Example: {foo: 'bar'} → {bar: 'foo'}","license":"MIT","repository":{"type":"git","url":"https://github.com/sindresorhus/invert-kv"},"author":{"name":"Sindre Sorhus","email":"sindresorhus@gmail.com","url":"http://sindresorhus.com"},"engines":{"node":">=0.10.0"},"scripts":{"test":"mocha"},"files":["index.js"],"keywords":["object","obj","key","value","val","kv","invert"],"devDependencies":{"mocha":"*"},"gitHead":"c28c3a15abcde3f67bd90f90f8ffe54a5f8cb04e","bugs":{"url":"https://github.com/sindresorhus/invert-kv/issues"},"homepage":"https://github.com/sindresorhus/invert-kv","_id":"invert-kv@1.0.0","_shasum":"104a8e4aaca6d3d8cd157a8ef8bfab2d7a3ffdb6","_from":".","_npmVersion":"1.4.21","_npmUser":{"name":"sindresorhus","email":"sindresorhus@gmail.com"},"maintainers":[{"name":"sindresorhus","email":"sindresorhus@gmail.com"}],"dist":{"shasum":"104a8e4aaca6d3d8cd157a8ef8bfab2d7a3ffdb6","tarball":"https://registry.npmjs.org/invert-kv/-/invert-kv-1.0.0.tgz"},"directories":{}}},"readme":"# invert-kv [![Build Status](https://travis-ci.org/sindresorhus/invert-kv.svg?branch=master)](https://travis-ci.org/sindresorhus/invert-kv)\n\n> Invert the key/value of an object. Example: `{foo: 'bar'}` → `{bar: 'foo'}`\n\n\n## Install\n\n```sh\n$ npm install --save invert-kv\n```\n\n\n## Usage\n\n```js\nvar invertKv = require('invert-kv');\n\ninvertKv({foo: 'bar', unicorn: 'rainbow'});\n//=> {bar: 'foo', rainbow: 'unicorn'}\n```\n\n\n## License\n\nMIT © [Sindre Sorhus](http://sindresorhus.com)\n","maintainers":[{"name":"sindresorhus","email":"sindresorhus@gmail.com"}],"time":{"modified":"2014-08-13T19:22:00.751Z","created":"2014-06-26T20:09:53.471Z","0.1.0":"2014-06-26T20:09:53.471Z","1.0.0":"2014-08-13T19:22:00.751Z"},"homepage":"https://github.com/sindresorhus/invert-kv","keywords":["object","obj","key","value","val","kv","invert"],"repository":{"type":"git","url":"https://github.com/sindresorhus/invert-kv"},"author":{"name":"Sindre Sorhus","email":"sindresorhus@gmail.com","url":"http://sindresorhus.com"},"bugs":{"url":"https://github.com/sindresorhus/invert-kv/issues"},"license":"MIT","readmeFilename":"readme.md","_attachments":{},"_etag":"\"9D0IPY0GVO2A63RZXF19GYY1V\""}