{"_id":"swap-case","_rev":"12-5d65e6fce9b5ac56e3c62b56da2cb378","name":"swap-case","description":"Swap the case of a string","dist-tags":{"latest":"1.1.2"},"versions":{"0.0.1":{"name":"swap-case","version":"0.0.1","description":"Swap the case of a string","main":"swap-case.js","scripts":{"test":"istanbul cover _mocha -- -R spec"},"repository":{"type":"git","url":"git://github.com/blakeembrey/swap-case.git"},"keywords":["swap","case","reverse","switch"],"author":{"name":"Blake Embrey"},"license":"MIT","bugs":{"url":"https://github.com/blakeembrey/swap-case/issues"},"homepage":"https://github.com/blakeembrey/swap-case","devDependencies":{"istanbul":"^0.2.6","mocha":"^1.18.2"},"_id":"swap-case@0.0.1","dist":{"shasum":"7e5ab391256d6e53ecb5d190443b55ccb857c034","tarball":"https://registry.npmjs.org/swap-case/-/swap-case-0.0.1.tgz"},"_from":".","_npmVersion":"1.4.6","_npmUser":{"name":"blakeembrey","email":"hello@blakeembrey.com"},"maintainers":[{"name":"blakeembrey","email":"hello@blakeembrey.com"}],"directories":{}},"1.0.0":{"name":"swap-case","version":"1.0.0","description":"Swap the case of a string","main":"swap-case.js","scripts":{"test":"istanbul cover _mocha -- -R spec"},"repository":{"type":"git","url":"git://github.com/blakeembrey/swap-case.git"},"keywords":["swap","case","reverse","switch"],"author":{"name":"Blake Embrey","email":"hello@blakeembrey.com","url":"http://blakeembrey.me"},"license":"MIT","bugs":{"url":"https://github.com/blakeembrey/swap-case/issues"},"homepage":"https://github.com/blakeembrey/swap-case","devDependencies":{"istanbul":"^0.3.0","mocha":"^1.18.2"},"gitHead":"964db01dbc41862b397d9304d4f35ea4df2b9611","_id":"swap-case@1.0.0","_shasum":"12d61c339073afc704e0a9caa6cc3f8a64a2eecd","_from":".","_npmVersion":"1.4.14","_npmUser":{"name":"blakeembrey","email":"hello@blakeembrey.com"},"maintainers":[{"name":"blakeembrey","email":"hello@blakeembrey.com"}],"dist":{"shasum":"12d61c339073afc704e0a9caa6cc3f8a64a2eecd","tarball":"https://registry.npmjs.org/swap-case/-/swap-case-1.0.0.tgz"},"directories":{}},"1.0.1":{"name":"swap-case","version":"1.0.1","description":"Swap the case of a string","main":"swap-case.js","scripts":{"test":"istanbul cover _mocha -- -R spec"},"repository":{"type":"git","url":"git://github.com/blakeembrey/swap-case.git"},"keywords":["swap","case","reverse","switch"],"author":{"name":"Blake Embrey","email":"hello@blakeembrey.com","url":"http://blakeembrey.me"},"license":"MIT","bugs":{"url":"https://github.com/blakeembrey/swap-case/issues"},"homepage":"https://github.com/blakeembrey/swap-case","devDependencies":{"istanbul":"^0.3.0","mocha":"^1.18.2"},"gitHead":"5eb094fa0d79090c78499600b5c831b9d97c1ffa","_id":"swap-case@1.0.1","_shasum":"c76f608aa489253b729aa42ad1fdd9ea97205303","_from":".","_npmVersion":"1.4.14","_npmUser":{"name":"blakeembrey","email":"hello@blakeembrey.com"},"maintainers":[{"name":"blakeembrey","email":"hello@blakeembrey.com"}],"dist":{"shasum":"c76f608aa489253b729aa42ad1fdd9ea97205303","tarball":"https://registry.npmjs.org/swap-case/-/swap-case-1.0.1.tgz"},"directories":{}},"1.0.2":{"name":"swap-case","version":"1.0.2","description":"Swap the case of a string","main":"swap-case.js","scripts":{"test":"istanbul cover _mocha -- -R spec"},"repository":{"type":"git","url":"git://github.com/blakeembrey/swap-case.git"},"keywords":["swap","case","reverse","switch"],"author":{"name":"Blake Embrey","email":"hello@blakeembrey.com","url":"http://blakeembrey.me"},"license":"MIT","bugs":{"url":"https://github.com/blakeembrey/swap-case/issues"},"homepage":"https://github.com/blakeembrey/swap-case","devDependencies":{"istanbul":"^0.3.0","mocha":"^1.18.2"},"_id":"swap-case@1.0.2","_shasum":"bfa58432ecff4bc9c4f2d3f905974d05aae81de9","_from":".","_npmVersion":"1.4.9","_npmUser":{"name":"blakeembrey","email":"hello@blakeembrey.com"},"maintainers":[{"name":"blakeembrey","email":"hello@blakeembrey.com"}],"dist":{"shasum":"bfa58432ecff4bc9c4f2d3f905974d05aae81de9","tarball":"https://registry.npmjs.org/swap-case/-/swap-case-1.0.2.tgz"},"directories":{}},"1.1.0":{"name":"swap-case","version":"1.1.0","description":"Swap the case of a string","main":"swap-case.js","files":["swap-case.js","LICENSE"],"scripts":{"test":"istanbul cover _mocha -- -R spec"},"repository":{"type":"git","url":"git://github.com/blakeembrey/swap-case.git"},"keywords":["swap","case","reverse","switch"],"author":{"name":"Blake Embrey","email":"hello@blakeembrey.com","url":"http://blakeembrey.me"},"license":"MIT","bugs":{"url":"https://github.com/blakeembrey/swap-case/issues"},"homepage":"https://github.com/blakeembrey/swap-case","devDependencies":{"istanbul":"^0.3.0","mocha":"^1.18.2","pre-commit":"0.0.9"},"dependencies":{"lower-case":"^1.1.1","upper-case":"^1.1.1"},"gitHead":"2906f8dd4c7cb3ab76ea846aa94c286b13966ea6","_id":"swap-case@1.1.0","_shasum":"6e6bc4531d56b6ab0f7ef07b2b7c9816039b3547","_from":".","_npmVersion":"2.1.17","_nodeVersion":"0.11.14","_npmUser":{"name":"blakeembrey","email":"hello@blakeembrey.com"},"maintainers":[{"name":"blakeembrey","email":"hello@blakeembrey.com"}],"dist":{"shasum":"6e6bc4531d56b6ab0f7ef07b2b7c9816039b3547","tarball":"https://registry.npmjs.org/swap-case/-/swap-case-1.1.0.tgz"},"directories":{}},"1.1.1":{"name":"swap-case","version":"1.1.1","description":"Swap the case of a string","main":"swap-case.js","files":["swap-case.js","LICENSE"],"scripts":{"lint":"standard","test-std":"mocha -- -R spec --bail","test-cov":"istanbul cover node_modules/mocha/bin/_mocha -- -R spec --bail","test":"npm run lint && npm run test-cov"},"repository":{"type":"git","url":"git://github.com/blakeembrey/swap-case.git"},"keywords":["swap","case","reverse","switch"],"author":{"name":"Blake Embrey","email":"hello@blakeembrey.com","url":"http://blakeembrey.me"},"license":"MIT","bugs":{"url":"https://github.com/blakeembrey/swap-case/issues"},"homepage":"https://github.com/blakeembrey/swap-case","devDependencies":{"istanbul":"^0.3.0","mocha":"^2.2.1","pre-commit":"^1.0.6","standard":"^3.3.0"},"dependencies":{"lower-case":"^1.1.1","upper-case":"^1.1.1"},"gitHead":"0c88af8912968fcd65262c7ab690dc70b73d35f9","_id":"swap-case@1.1.1","_shasum":"8e1d0ec68e8df3c133bde08c0e25b77352163672","_from":".","_npmVersion":"2.9.0","_nodeVersion":"2.0.1","_npmUser":{"name":"blakeembrey","email":"hello@blakeembrey.com"},"maintainers":[{"name":"blakeembrey","email":"hello@blakeembrey.com"}],"dist":{"shasum":"8e1d0ec68e8df3c133bde08c0e25b77352163672","tarball":"https://registry.npmjs.org/swap-case/-/swap-case-1.1.1.tgz"},"directories":{}},"1.1.2":{"name":"swap-case","version":"1.1.2","description":"Swap the case of a string","main":"swap-case.js","typings":"swap-case.d.ts","files":["swap-case.js","swap-case.d.ts","LICENSE"],"scripts":{"lint":"standard","test-std":"mocha -- -R spec --bail","test-cov":"istanbul cover node_modules/mocha/bin/_mocha -- -R spec --bail","test":"npm run lint && npm run test-cov"},"repository":{"type":"git","url":"git://github.com/blakeembrey/swap-case.git"},"keywords":["swap","case","reverse","switch"],"author":{"name":"Blake Embrey","email":"hello@blakeembrey.com","url":"http://blakeembrey.me"},"license":"MIT","bugs":{"url":"https://github.com/blakeembrey/swap-case/issues"},"homepage":"https://github.com/blakeembrey/swap-case","devDependencies":{"istanbul":"^0.3.0","mocha":"^2.2.1","pre-commit":"^1.0.6","standard":"^3.3.0"},"dependencies":{"lower-case":"^1.1.1","upper-case":"^1.1.1"},"gitHead":"eaaa7e37d03c6d29bd2287caa5a1d1d25c3056af","_id":"swap-case@1.1.2","_shasum":"c39203a4587385fad3c850a0bd1bcafa081974e3","_from":".","_npmVersion":"3.3.12","_nodeVersion":"5.2.0","_npmUser":{"name":"blakeembrey","email":"hello@blakeembrey.com"},"dist":{"shasum":"c39203a4587385fad3c850a0bd1bcafa081974e3","tarball":"https://registry.npmjs.org/swap-case/-/swap-case-1.1.2.tgz"},"maintainers":[{"name":"blakeembrey","email":"hello@blakeembrey.com"}],"directories":{}}},"readme":"# Swap Case\n\n[![NPM version][npm-image]][npm-url]\n[![NPM downloads][downloads-image]][downloads-url]\n[![Build status][travis-image]][travis-url]\n[![Test coverage][coveralls-image]][coveralls-url]\n\nSwap the case of a string.\n\nSupports Unicode (non-ASCII characters) and non-string entities, such as objects with a `toString` property, numbers and booleans. Empty values (`null` and `undefined`) will result in an empty string.\n\n## Installation\n\n```\nnpm install swap-case --save\n```\n\n## Usage\n\n```javascript\nvar swapCase = require('swap-case')\n\nswapCase(null)                   //=> \"\"\nswapCase('string')               //=> \"STRING\"\nswapCase('PascalCase')           //=> \"pASCALcASE\"\nswapCase('Iñtërnâtiônàlizætiøn') //=> \"iÑTËRNÂTIÔNÀLIZÆTIØN\"\n\nswapCase('My String', 'tr') //=> \"mY sTRİNG\"\n```\n\n## Typings\n\nIncludes a [TypeScript definition](swap-case.d.ts).\n\n## License\n\nMIT\n\n[npm-image]: https://img.shields.io/npm/v/swap-case.svg?style=flat\n[npm-url]: https://npmjs.org/package/swap-case\n[downloads-image]: https://img.shields.io/npm/dm/swap-case.svg?style=flat\n[downloads-url]: https://npmjs.org/package/swap-case\n[travis-image]: https://img.shields.io/travis/blakeembrey/swap-case.svg?style=flat\n[travis-url]: https://travis-ci.org/blakeembrey/swap-case\n[coveralls-image]: https://img.shields.io/coveralls/blakeembrey/swap-case.svg?style=flat\n[coveralls-url]: https://coveralls.io/r/blakeembrey/swap-case?branch=master\n","maintainers":[{"name":"blakeembrey","email":"hello@blakeembrey.com"}],"time":{"modified":"2015-12-16T00:10:28.458Z","created":"2014-03-24T22:53:02.534Z","0.0.1":"2014-03-24T22:53:02.534Z","1.0.0":"2014-08-17T19:34:07.055Z","1.0.1":"2014-08-17T21:27:52.562Z","1.0.2":"2014-08-23T22:18:12.948Z","1.1.0":"2015-01-12T08:46:18.961Z","1.1.1":"2015-05-11T23:35:42.300Z","1.1.2":"2015-12-16T00:10:28.458Z"},"homepage":"https://github.com/blakeembrey/swap-case","keywords":["swap","case","reverse","switch"],"repository":{"type":"git","url":"git://github.com/blakeembrey/swap-case.git"},"author":{"name":"Blake Embrey","email":"hello@blakeembrey.com","url":"http://blakeembrey.me"},"bugs":{"url":"https://github.com/blakeembrey/swap-case/issues"},"license":"MIT","readmeFilename":"README.md","_attachments":{},"_etag":"\"57JNIISE4U1U3FIMHW8HFPJ2M\""}