{"_id":"ftp","_rev":"79-4591e1828a6ffce6ac6cd144599e1a21","name":"ftp","description":"An FTP client module for node.js","dist-tags":{"latest":"0.3.10"},"versions":{"0.1.0":{"name":"ftp","version":"0.1.0","author":{"name":"Brian White","email":"mscdex@mscdex.net"},"description":"An FTP client module for node.js","main":"./ftp","engines":{"node":">=0.4.0"},"keywords":["ftp","client","transfer"],"licenses":[{"type":"MIT","url":"http://github.com/mscdex/node-ftp/raw/master/LICENSE"}],"repository":{"type":"git","url":"git://github.com/mscdex/node-ftp.git"},"_id":"ftp@0.1.0","_engineSupported":true,"_npmVersion":"0.3.18","_nodeVersion":"v0.4.5","directories":{},"files":[""],"_defaultsLoaded":true,"dist":{"shasum":"2966666b4cf967efffd85acf2ab42fe5e10bdb35","tarball":"https://registry.npmjs.org/ftp/-/ftp-0.1.0.tgz"}},"0.1.1":{"name":"ftp","version":"0.1.1","author":{"name":"Brian White","email":"mscdex@mscdex.net"},"description":"An FTP client module for node.js","main":"./ftp","engines":{"node":">=0.4.0"},"keywords":["ftp","client","transfer"],"licenses":[{"type":"MIT","url":"http://github.com/mscdex/node-ftp/raw/master/LICENSE"}],"repository":{"type":"git","url":"git://github.com/mscdex/node-ftp.git"},"_id":"ftp@0.1.1","_engineSupported":true,"_npmVersion":"0.3.18","_nodeVersion":"v0.4.6","directories":{},"files":[""],"_defaultsLoaded":true,"dist":{"shasum":"3349d08a87363187fefacd4a658b2b0963603a48","tarball":"https://registry.npmjs.org/ftp/-/ftp-0.1.1.tgz"}},"0.1.2":{"name":"ftp","version":"0.1.2","author":{"name":"Brian White","email":"mscdex@mscdex.net"},"description":"An FTP client module for node.js","main":"./ftp","engines":{"node":">=0.4.0"},"keywords":["ftp","client","transfer"],"licenses":[{"type":"MIT","url":"http://github.com/mscdex/node-ftp/raw/master/LICENSE"}],"repository":{"type":"git","url":"git://github.com/mscdex/node-ftp.git"},"_npmUser":{"name":"mscdex","email":"mscdex@mscdex.net"},"_id":"ftp@0.1.2","dependencies":{},"devDependencies":{},"optionalDependencies":{},"_engineSupported":true,"_npmVersion":"1.1.12","_nodeVersion":"v0.6.14","_defaultsLoaded":true,"dist":{"shasum":"1fb520b0375dad7e62c70b28b0b2393a7dbf95c9","tarball":"https://registry.npmjs.org/ftp/-/ftp-0.1.2.tgz"},"scripts":{},"maintainers":[{"name":"mscdex","email":"mscdex@mscdex.net"}],"directories":{}},"0.1.3":{"name":"ftp","version":"0.1.3","author":{"name":"Brian White","email":"mscdex@mscdex.net"},"description":"An FTP client module for node.js","main":"./ftp","engines":{"node":">=0.4.0"},"keywords":["ftp","client","transfer"],"licenses":[{"type":"MIT","url":"http://github.com/mscdex/node-ftp/raw/master/LICENSE"}],"repository":{"type":"git","url":"http://github.com/mscdex/node-ftp.git"},"_id":"ftp@0.1.3","dist":{"shasum":"f9c956693e620d8330cfedd965c5b6420179baa2","tarball":"https://registry.npmjs.org/ftp/-/ftp-0.1.3.tgz"},"scripts":{},"maintainers":[{"name":"mscdex","email":"mscdex@mscdex.net"}],"directories":{}},"0.1.4":{"name":"ftp","version":"0.1.4","author":{"name":"Brian White","email":"mscdex@mscdex.net"},"description":"An FTP client module for node.js","main":"./ftp","engines":{"node":">=0.4.0"},"keywords":["ftp","client","transfer"],"licenses":[{"type":"MIT","url":"http://github.com/mscdex/node-ftp/raw/master/LICENSE"}],"repository":{"type":"git","url":"http://github.com/mscdex/node-ftp.git"},"_id":"ftp@0.1.4","dist":{"shasum":"a5a2fb31fbcba943bd4f60842a2245d6dc3b029e","tarball":"https://registry.npmjs.org/ftp/-/ftp-0.1.4.tgz"},"scripts":{},"_npmVersion":"1.1.59","_npmUser":{"name":"mscdex","email":"mscdex@mscdex.net"},"maintainers":[{"name":"mscdex","email":"mscdex@mscdex.net"}],"directories":{}},"0.1.5":{"name":"ftp","version":"0.1.5","author":{"name":"Brian White","email":"mscdex@mscdex.net"},"description":"An FTP client module for node.js","main":"./ftp","engines":{"node":">=0.4.0"},"keywords":["ftp","client","transfer"],"licenses":[{"type":"MIT","url":"http://github.com/mscdex/node-ftp/raw/master/LICENSE"}],"repository":{"type":"git","url":"http://github.com/mscdex/node-ftp.git"},"_id":"ftp@0.1.5","dist":{"shasum":"05e51931672bbdeb9371729bb6d765e68410355e","tarball":"https://registry.npmjs.org/ftp/-/ftp-0.1.5.tgz"},"scripts":{},"_npmVersion":"1.1.59","_npmUser":{"name":"mscdex","email":"mscdex@mscdex.net"},"maintainers":[{"name":"mscdex","email":"mscdex@mscdex.net"}],"directories":{}},"0.1.6":{"name":"ftp","version":"0.1.6","author":{"name":"Brian White","email":"mscdex@mscdex.net"},"description":"An FTP client module for node.js","main":"./ftp","engines":{"node":">=0.4.0"},"keywords":["ftp","client","transfer"],"licenses":[{"type":"MIT","url":"http://github.com/mscdex/node-ftp/raw/master/LICENSE"}],"repository":{"type":"git","url":"http://github.com/mscdex/node-ftp.git"},"_id":"ftp@0.1.6","dist":{"shasum":"6244c55f7e24d36a8a1836758361b88fb53c560b","tarball":"https://registry.npmjs.org/ftp/-/ftp-0.1.6.tgz"},"scripts":{},"_npmVersion":"1.1.59","_npmUser":{"name":"mscdex","email":"mscdex@mscdex.net"},"maintainers":[{"name":"mscdex","email":"mscdex@mscdex.net"}],"directories":{}},"0.1.7":{"name":"ftp","version":"0.1.7","author":{"name":"Brian White","email":"mscdex@mscdex.net"},"description":"An FTP client module for node.js","main":"./ftp","engines":{"node":">=0.4.0"},"keywords":["ftp","client","transfer"],"licenses":[{"type":"MIT","url":"http://github.com/mscdex/node-ftp/raw/master/LICENSE"}],"repository":{"type":"git","url":"http://github.com/mscdex/node-ftp.git"},"_id":"ftp@0.1.7","dist":{"shasum":"92fb24d5098dd1e6debe38b792c7d57b5c112cef","tarball":"https://registry.npmjs.org/ftp/-/ftp-0.1.7.tgz"},"scripts":{},"_npmVersion":"1.1.61","_npmUser":{"name":"mscdex","email":"mscdex@mscdex.net"},"maintainers":[{"name":"mscdex","email":"mscdex@mscdex.net"}],"directories":{}},"0.2.0":{"name":"ftp","version":"0.2.0","author":{"name":"Brian White","email":"mscdex@mscdex.net"},"description":"An FTP client module for node.js","main":"./ftp","engines":{"node":">=0.8.0"},"keywords":["ftp","client","transfer"],"licenses":[{"type":"MIT","url":"http://github.com/mscdex/node-ftp/raw/master/LICENSE"}],"repository":{"type":"git","url":"http://github.com/mscdex/node-ftp.git"},"_id":"ftp@0.2.0","dist":{"shasum":"a6ccd136edbd44b26e904e4f76b6d6d2407b5d30","tarball":"https://registry.npmjs.org/ftp/-/ftp-0.2.0.tgz"},"scripts":{},"_npmVersion":"1.1.69","_npmUser":{"name":"mscdex","email":"mscdex@mscdex.net"},"maintainers":[{"name":"mscdex","email":"mscdex@mscdex.net"}],"directories":{}},"0.2.5":{"name":"ftp","version":"0.2.5","author":{"name":"Brian White","email":"mscdex@mscdex.net"},"description":"An FTP client module for node.js","main":"./lib/ftp","engines":{"node":">=0.8.0"},"dependencies":{"xregexp":"*"},"keywords":["ftp","client","transfer"],"licenses":[{"type":"MIT","url":"http://github.com/mscdex/node-ftp/raw/master/LICENSE"}],"repository":{"type":"git","url":"http://github.com/mscdex/node-ftp.git"},"_id":"ftp@0.2.5","dist":{"shasum":"21c9602f309cb52427478359b3b318a9e6d9cc81","tarball":"https://registry.npmjs.org/ftp/-/ftp-0.2.5.tgz"},"scripts":{},"_npmVersion":"1.1.69","_npmUser":{"name":"mscdex","email":"mscdex@mscdex.net"},"maintainers":[{"name":"mscdex","email":"mscdex@mscdex.net"}],"directories":{}},"0.2.6":{"name":"ftp","version":"0.2.6","author":{"name":"Brian White","email":"mscdex@mscdex.net"},"description":"An FTP client module for node.js","main":"./lib/ftp","engines":{"node":">=0.8.0"},"dependencies":{"xregexp":"2.0.0"},"keywords":["ftp","client","transfer"],"licenses":[{"type":"MIT","url":"http://github.com/mscdex/node-ftp/raw/master/LICENSE"}],"repository":{"type":"git","url":"http://github.com/mscdex/node-ftp.git"},"_id":"ftp@0.2.6","dist":{"shasum":"1c8046ab1b11f28c510b414a7307ddf4839ebb33","tarball":"https://registry.npmjs.org/ftp/-/ftp-0.2.6.tgz"},"scripts":{},"_npmVersion":"1.1.69","_npmUser":{"name":"mscdex","email":"mscdex@mscdex.net"},"maintainers":[{"name":"mscdex","email":"mscdex@mscdex.net"}],"directories":{}},"0.2.7":{"name":"ftp","version":"0.2.7","author":{"name":"Brian White","email":"mscdex@mscdex.net"},"description":"An FTP client module for node.js","main":"./lib/ftp","engines":{"node":">=0.8.0"},"dependencies":{"xregexp":"2.0.0"},"keywords":["ftp","client","transfer"],"licenses":[{"type":"MIT","url":"http://github.com/mscdex/node-ftp/raw/master/LICENSE"}],"repository":{"type":"git","url":"http://github.com/mscdex/node-ftp.git"},"_id":"ftp@0.2.7","dist":{"shasum":"28e36c8c4fbe22c436b41db82c993be7b27c2a93","tarball":"https://registry.npmjs.org/ftp/-/ftp-0.2.7.tgz"},"scripts":{},"_npmVersion":"1.1.69","_npmUser":{"name":"mscdex","email":"mscdex@mscdex.net"},"maintainers":[{"name":"mscdex","email":"mscdex@mscdex.net"}],"directories":{}},"0.2.8":{"name":"ftp","version":"0.2.8","author":{"name":"Brian White","email":"mscdex@mscdex.net"},"description":"An FTP client module for node.js","main":"./lib/ftp","engines":{"node":">=0.8.0"},"dependencies":{"xregexp":"2.0.0"},"keywords":["ftp","client","transfer"],"licenses":[{"type":"MIT","url":"http://github.com/mscdex/node-ftp/raw/master/LICENSE"}],"repository":{"type":"git","url":"http://github.com/mscdex/node-ftp.git"},"_id":"ftp@0.2.8","dist":{"shasum":"4fdff37b95e4e4dce01267e245984c2c7071d7e2","tarball":"https://registry.npmjs.org/ftp/-/ftp-0.2.8.tgz"},"scripts":{},"_npmVersion":"1.1.69","_npmUser":{"name":"mscdex","email":"mscdex@mscdex.net"},"maintainers":[{"name":"mscdex","email":"mscdex@mscdex.net"}],"directories":{}},"0.2.9":{"name":"ftp","version":"0.2.9","author":{"name":"Brian White","email":"mscdex@mscdex.net"},"description":"An FTP client module for node.js","main":"./lib/ftp","engines":{"node":">=0.8.0"},"dependencies":{"xregexp":"2.0.0"},"keywords":["ftp","client","transfer"],"licenses":[{"type":"MIT","url":"http://github.com/mscdex/node-ftp/raw/master/LICENSE"}],"repository":{"type":"git","url":"http://github.com/mscdex/node-ftp.git"},"_id":"ftp@0.2.9","dist":{"shasum":"2817b50552ac45d44eab1eccd1f783a607661e07","tarball":"https://registry.npmjs.org/ftp/-/ftp-0.2.9.tgz"},"_from":"https://github.com/mscdex/node-ftp/tarball/v0.2.9","_resolved":"https://github.com/mscdex/node-ftp/tarball/v0.2.9","scripts":{},"_npmVersion":"1.2.14","_npmUser":{"name":"mscdex","email":"mscdex@mscdex.net"},"maintainers":[{"name":"mscdex","email":"mscdex@mscdex.net"}],"directories":{}},"0.2.10":{"name":"ftp","version":"0.2.10","author":{"name":"Brian White","email":"mscdex@mscdex.net"},"description":"An FTP client module for node.js","main":"./lib/ftp","engines":{"node":">=0.8.0"},"dependencies":{"xregexp":"2.0.0"},"keywords":["ftp","client","transfer"],"licenses":[{"type":"MIT","url":"http://github.com/mscdex/node-ftp/raw/master/LICENSE"}],"repository":{"type":"git","url":"http://github.com/mscdex/node-ftp.git"},"_id":"ftp@0.2.10","dist":{"shasum":"c43f5f30d3bd253cbd84e2f9b4bf6c7ff34789a1","tarball":"https://registry.npmjs.org/ftp/-/ftp-0.2.10.tgz"},"_from":"https://github.com/mscdex/node-ftp/tarball/v0.2.10","_resolved":"https://github.com/mscdex/node-ftp/tarball/v0.2.10","scripts":{},"_npmVersion":"1.2.14","_npmUser":{"name":"mscdex","email":"mscdex@mscdex.net"},"maintainers":[{"name":"mscdex","email":"mscdex@mscdex.net"}],"directories":{}},"0.2.11":{"name":"ftp","version":"0.2.11","author":{"name":"Brian White","email":"mscdex@mscdex.net"},"description":"An FTP client module for node.js","main":"./lib/ftp","engines":{"node":">=0.8.0"},"dependencies":{"xregexp":"2.0.0"},"keywords":["ftp","client","transfer"],"licenses":[{"type":"MIT","url":"http://github.com/mscdex/node-ftp/raw/master/LICENSE"}],"repository":{"type":"git","url":"http://github.com/mscdex/node-ftp.git"},"_id":"ftp@0.2.11","dist":{"shasum":"fece823ec2fa290fe45832ba540b2c722886ad05","tarball":"https://registry.npmjs.org/ftp/-/ftp-0.2.11.tgz"},"_from":"https://github.com/mscdex/node-ftp/tarball/v0.2.11","_resolved":"https://github.com/mscdex/node-ftp/tarball/v0.2.11","scripts":{},"_npmVersion":"1.2.14","_npmUser":{"name":"mscdex","email":"mscdex@mscdex.net"},"maintainers":[{"name":"mscdex","email":"mscdex@mscdex.net"}],"directories":{}},"0.3.0":{"name":"ftp","version":"0.3.0","author":{"name":"Brian White","email":"mscdex@mscdex.net"},"description":"An FTP client module for node.js","main":"./lib/ftp","engines":{"node":">=0.8.0"},"dependencies":{"xregexp":"2.0.0"},"keywords":["ftp","client","transfer"],"licenses":[{"type":"MIT","url":"http://github.com/mscdex/node-ftp/raw/master/LICENSE"}],"repository":{"type":"git","url":"http://github.com/mscdex/node-ftp.git"},"_id":"ftp@0.3.0","dist":{"shasum":"18071a9459056a75119d6c4d800877d86c98ab2a","tarball":"https://registry.npmjs.org/ftp/-/ftp-0.3.0.tgz"},"_from":"https://github.com/mscdex/node-ftp/tarball/v0.3.0","_resolved":"https://github.com/mscdex/node-ftp/tarball/v0.3.0","scripts":{},"_npmVersion":"1.2.17","_npmUser":{"name":"mscdex","email":"mscdex@mscdex.net"},"maintainers":[{"name":"mscdex","email":"mscdex@mscdex.net"}],"directories":{}},"0.3.1":{"name":"ftp","version":"0.3.1","author":{"name":"Brian White","email":"mscdex@mscdex.net"},"description":"An FTP client module for node.js","main":"./lib/ftp","engines":{"node":">=0.8.0"},"dependencies":{"xregexp":"2.0.0"},"keywords":["ftp","client","transfer"],"licenses":[{"type":"MIT","url":"http://github.com/mscdex/node-ftp/raw/master/LICENSE"}],"repository":{"type":"git","url":"http://github.com/mscdex/node-ftp.git"},"_id":"ftp@0.3.1","dist":{"shasum":"e5a61cdd2e61e713f8f9635287c291b65d03fc73","tarball":"https://registry.npmjs.org/ftp/-/ftp-0.3.1.tgz"},"_from":"https://github.com/mscdex/node-ftp/tarball/v0.3.1","_resolved":"https://github.com/mscdex/node-ftp/tarball/v0.3.1","scripts":{},"_npmVersion":"1.2.18","_npmUser":{"name":"mscdex","email":"mscdex@mscdex.net"},"maintainers":[{"name":"mscdex","email":"mscdex@mscdex.net"}],"directories":{}},"0.3.2":{"name":"ftp","version":"0.3.2","author":{"name":"Brian White","email":"mscdex@mscdex.net"},"description":"An FTP client module for node.js","main":"./lib/connection","engines":{"node":">=0.8.0"},"dependencies":{"xregexp":"2.0.0","readable-stream":"1.0.2"},"keywords":["ftp","client","transfer"],"licenses":[{"type":"MIT","url":"http://github.com/mscdex/node-ftp/raw/master/LICENSE"}],"repository":{"type":"git","url":"http://github.com/mscdex/node-ftp.git"},"bugs":{"url":"https://github.com/mscdex/node-ftp/issues"},"_id":"ftp@0.3.2","dist":{"shasum":"9f45cd7b34eab9fae668e811a0e2f9cbbc631735","tarball":"https://registry.npmjs.org/ftp/-/ftp-0.3.2.tgz"},"_from":"https://github.com/mscdex/node-ftp/tarball/v0.3.2","_resolved":"https://github.com/mscdex/node-ftp/tarball/v0.3.2","scripts":{},"_npmVersion":"1.3.2","_npmUser":{"name":"mscdex","email":"mscdex@mscdex.net"},"maintainers":[{"name":"mscdex","email":"mscdex@mscdex.net"}],"directories":{}},"0.3.3":{"name":"ftp","version":"0.3.3","author":{"name":"Brian White","email":"mscdex@mscdex.net"},"description":"An FTP client module for node.js","main":"./lib/connection","engines":{"node":">=0.8.0"},"dependencies":{"xregexp":"2.0.0","readable-stream":"1.0.2"},"keywords":["ftp","client","transfer"],"licenses":[{"type":"MIT","url":"http://github.com/mscdex/node-ftp/raw/master/LICENSE"}],"repository":{"type":"git","url":"http://github.com/mscdex/node-ftp.git"},"bugs":{"url":"https://github.com/mscdex/node-ftp/issues"},"_id":"ftp@0.3.3","dist":{"shasum":"907a8d7e76abb332dd9d0ca801c12e390570bd2a","tarball":"https://registry.npmjs.org/ftp/-/ftp-0.3.3.tgz"},"_from":"https://github.com/mscdex/node-ftp/tarball/v0.3.3","_resolved":"https://github.com/mscdex/node-ftp/tarball/v0.3.3","scripts":{},"_npmVersion":"1.3.5","_npmUser":{"name":"mscdex","email":"mscdex@mscdex.net"},"maintainers":[{"name":"mscdex","email":"mscdex@mscdex.net"}],"directories":{}},"0.3.4":{"name":"ftp","version":"0.3.4","author":{"name":"Brian White","email":"mscdex@mscdex.net"},"description":"An FTP client module for node.js","main":"./lib/connection","engines":{"node":">=0.8.0"},"dependencies":{"xregexp":"2.0.0","readable-stream":"1.0.2"},"keywords":["ftp","client","transfer"],"licenses":[{"type":"MIT","url":"http://github.com/mscdex/node-ftp/raw/master/LICENSE"}],"repository":{"type":"git","url":"http://github.com/mscdex/node-ftp.git"},"bugs":{"url":"https://github.com/mscdex/node-ftp/issues"},"_id":"ftp@0.3.4","dist":{"shasum":"180e4201a31174807bfb8e04058f8508cedaafe1","tarball":"https://registry.npmjs.org/ftp/-/ftp-0.3.4.tgz"},"_from":"https://github.com/mscdex/node-ftp/tarball/v0.3.4","_resolved":"https://github.com/mscdex/node-ftp/tarball/v0.3.4","scripts":{},"_npmVersion":"1.3.5","_npmUser":{"name":"mscdex","email":"mscdex@mscdex.net"},"maintainers":[{"name":"mscdex","email":"mscdex@mscdex.net"}],"directories":{}},"0.3.5":{"name":"ftp","version":"0.3.5","author":{"name":"Brian White","email":"mscdex@mscdex.net"},"description":"An FTP client module for node.js","main":"./lib/connection","engines":{"node":">=0.8.0"},"dependencies":{"xregexp":"2.0.0","readable-stream":"1.1.x"},"keywords":["ftp","client","transfer"],"licenses":[{"type":"MIT","url":"http://github.com/mscdex/node-ftp/raw/master/LICENSE"}],"repository":{"type":"git","url":"http://github.com/mscdex/node-ftp.git"},"bugs":{"url":"https://github.com/mscdex/node-ftp/issues"},"_id":"ftp@0.3.5","dist":{"shasum":"dcf7bc99f423f1a75db728160ed4f6b745ccfdd3","tarball":"https://registry.npmjs.org/ftp/-/ftp-0.3.5.tgz"},"_from":"https://github.com/mscdex/node-ftp/tarball/v0.3.5","_resolved":"https://github.com/mscdex/node-ftp/tarball/v0.3.5","scripts":{},"_npmVersion":"1.3.11","_npmUser":{"name":"mscdex","email":"mscdex@mscdex.net"},"maintainers":[{"name":"mscdex","email":"mscdex@mscdex.net"}],"directories":{}},"0.3.6":{"name":"ftp","version":"0.3.6","author":{"name":"Brian White","email":"mscdex@mscdex.net"},"description":"An FTP client module for node.js","main":"./lib/connection","engines":{"node":">=0.8.0"},"dependencies":{"xregexp":"2.0.0","readable-stream":"1.1.x"},"keywords":["ftp","client","transfer"],"licenses":[{"type":"MIT","url":"http://github.com/mscdex/node-ftp/raw/master/LICENSE"}],"repository":{"type":"git","url":"http://github.com/mscdex/node-ftp.git"},"bugs":{"url":"https://github.com/mscdex/node-ftp/issues"},"homepage":"https://github.com/mscdex/node-ftp","_id":"ftp@0.3.6","dist":{"shasum":"144db4965d4e557454f742684b7d551cde4c3dff","tarball":"https://registry.npmjs.org/ftp/-/ftp-0.3.6.tgz"},"_from":"https://github.com/mscdex/node-ftp/tarball/v0.3.6","_resolved":"https://github.com/mscdex/node-ftp/tarball/v0.3.6","scripts":{},"_npmVersion":"1.3.14","_npmUser":{"name":"mscdex","email":"mscdex@mscdex.net"},"maintainers":[{"name":"mscdex","email":"mscdex@mscdex.net"}],"directories":{}},"0.3.7":{"name":"ftp","version":"0.3.7","author":{"name":"Brian White","email":"mscdex@mscdex.net"},"description":"An FTP client module for node.js","main":"./lib/connection","engines":{"node":">=0.8.0"},"dependencies":{"xregexp":"2.0.0","readable-stream":"1.1.x"},"scripts":{"test":"node test/test.js"},"keywords":["ftp","client","transfer"],"licenses":[{"type":"MIT","url":"http://github.com/mscdex/node-ftp/raw/master/LICENSE"}],"repository":{"type":"git","url":"http://github.com/mscdex/node-ftp.git"},"bugs":{"url":"https://github.com/mscdex/node-ftp/issues"},"homepage":"https://github.com/mscdex/node-ftp","_id":"ftp@0.3.7","_shasum":"7f3558a94aa33c3cd1b648fde481e2e77262934d","_from":"https://github.com/mscdex/node-ftp/tarball/v0.3.7","_resolved":"https://github.com/mscdex/node-ftp/tarball/v0.3.7","_npmVersion":"1.4.9","_npmUser":{"name":"mscdex","email":"mscdex@mscdex.net"},"maintainers":[{"name":"mscdex","email":"mscdex@mscdex.net"}],"dist":{"shasum":"7f3558a94aa33c3cd1b648fde481e2e77262934d","tarball":"https://registry.npmjs.org/ftp/-/ftp-0.3.7.tgz"},"directories":{}},"0.3.8":{"name":"ftp","version":"0.3.8","author":{"name":"Brian White","email":"mscdex@mscdex.net"},"description":"An FTP client module for node.js","main":"./lib/connection","engines":{"node":">=0.8.0"},"dependencies":{"xregexp":"2.0.0","readable-stream":"1.1.x"},"scripts":{"test":"node test/test.js"},"keywords":["ftp","client","transfer"],"licenses":[{"type":"MIT","url":"http://github.com/mscdex/node-ftp/raw/master/LICENSE"}],"repository":{"type":"git","url":"http://github.com/mscdex/node-ftp.git"},"bugs":{"url":"https://github.com/mscdex/node-ftp/issues"},"homepage":"https://github.com/mscdex/node-ftp","_id":"ftp@0.3.8","_shasum":"d9764f8bb3eeffa3319429b88ecc4b8e75396632","_from":"https://github.com/mscdex/node-ftp/tarball/v0.3.8","_resolved":"https://github.com/mscdex/node-ftp/tarball/v0.3.8","_npmVersion":"1.4.21","_npmUser":{"name":"mscdex","email":"mscdex@mscdex.net"},"maintainers":[{"name":"mscdex","email":"mscdex@mscdex.net"}],"dist":{"shasum":"d9764f8bb3eeffa3319429b88ecc4b8e75396632","tarball":"https://registry.npmjs.org/ftp/-/ftp-0.3.8.tgz"},"directories":{}},"0.3.9":{"name":"ftp","version":"0.3.9","author":{"name":"Brian White","email":"mscdex@mscdex.net"},"description":"An FTP client module for node.js","main":"./lib/connection","engines":{"node":">=0.8.0"},"dependencies":{"xregexp":"2.0.0","readable-stream":"1.1.x"},"scripts":{"test":"node test/test.js"},"keywords":["ftp","client","transfer"],"licenses":[{"type":"MIT","url":"http://github.com/mscdex/node-ftp/raw/master/LICENSE"}],"repository":{"type":"git","url":"http://github.com/mscdex/node-ftp.git"},"bugs":{"url":"https://github.com/mscdex/node-ftp/issues"},"homepage":"https://github.com/mscdex/node-ftp","_id":"ftp@0.3.9","_shasum":"89327b0b0dce7577516632f46fb3f8eb756d9688","_from":"https://github.com/mscdex/node-ftp/tarball/v0.3.9","_resolved":"https://github.com/mscdex/node-ftp/tarball/v0.3.9","_npmVersion":"1.4.28","_npmUser":{"name":"mscdex","email":"mscdex@mscdex.net"},"maintainers":[{"name":"mscdex","email":"mscdex@mscdex.net"}],"dist":{"shasum":"89327b0b0dce7577516632f46fb3f8eb756d9688","tarball":"https://registry.npmjs.org/ftp/-/ftp-0.3.9.tgz"},"directories":{}},"0.3.10":{"name":"ftp","version":"0.3.10","author":{"name":"Brian White","email":"mscdex@mscdex.net"},"description":"An FTP client module for node.js","main":"./lib/connection","engines":{"node":">=0.8.0"},"dependencies":{"xregexp":"2.0.0","readable-stream":"1.1.x"},"scripts":{"test":"node test/test.js"},"keywords":["ftp","client","transfer"],"licenses":[{"type":"MIT","url":"http://github.com/mscdex/node-ftp/raw/master/LICENSE"}],"repository":{"type":"git","url":"http://github.com/mscdex/node-ftp.git"},"bugs":{"url":"https://github.com/mscdex/node-ftp/issues"},"homepage":"https://github.com/mscdex/node-ftp","_id":"ftp@0.3.10","_shasum":"9197d861ad8142f3e63d5a83bfe4c59f7330885d","_from":"https://github.com/mscdex/node-ftp/tarball/v0.3.10","_resolved":"https://github.com/mscdex/node-ftp/tarball/v0.3.10","_npmVersion":"1.4.28","_npmUser":{"name":"mscdex","email":"mscdex@mscdex.net"},"maintainers":[{"name":"mscdex","email":"mscdex@mscdex.net"}],"dist":{"shasum":"9197d861ad8142f3e63d5a83bfe4c59f7330885d","tarball":"https://registry.npmjs.org/ftp/-/ftp-0.3.10.tgz"},"directories":{}}},"maintainers":[{"name":"mscdex","email":"mscdex@mscdex.net"}],"time":{"modified":"2015-04-05T00:36:31.902Z","created":"2011-04-10T04:37:58.230Z","0.1.0":"2011-04-10T04:37:58.603Z","0.1.1":"2011-04-17T18:29:06.753Z","0.1.2":"2012-03-28T04:25:39.561Z","0.1.3":"2012-07-07T14:09:44.896Z","0.1.4":"2012-08-29T23:35:01.916Z","0.1.5":"2012-09-06T14:45:30.375Z","0.1.6":"2012-09-10T22:57:44.703Z","0.1.7":"2012-09-17T20:21:05.834Z","0.2.0":"2012-12-16T17:01:09.286Z","0.2.5":"2012-12-18T03:24:54.581Z","0.2.6":"2012-12-18T08:10:38.305Z","0.2.7":"2012-12-18T23:17:04.117Z","0.2.8":"2012-12-31T06:28:35.040Z","0.2.9":"2013-03-08T16:58:02.943Z","0.2.10":"2013-03-11T15:32:11.191Z","0.2.11":"2013-03-15T17:20:31.448Z","0.3.0":"2013-04-06T20:14:58.724Z","0.3.1":"2013-04-15T10:17:01.407Z","0.3.2":"2013-07-13T16:23:24.442Z","0.3.3":"2013-08-01T23:11:40.240Z","0.3.4":"2013-08-10T13:45:24.473Z","0.3.5":"2013-11-14T05:39:11.817Z","0.3.6":"2014-01-09T18:45:52.082Z","0.3.7":"2014-05-23T23:15:03.015Z","0.3.8":"2014-11-10T20:44:27.600Z","0.3.9":"2015-03-26T03:00:53.061Z","0.3.10":"2015-04-05T00:36:31.902Z"},"author":{"name":"Brian White","email":"mscdex@mscdex.net"},"repository":{"type":"git","url":"http://github.com/mscdex/node-ftp.git"},"users":{"tokuhirom":true,"maxgfeller":true,"pospi":true,"tchey":true,"lexoyo":true,"ashkyd":true,"crewmoss":true,"iamdb":true,"favasconcelos":true,"nmccready":true,"nwservices":true,"gztomas":true,"fedor":true,"hdjarv":true,"atef":true,"stany":true,"tobiasnickel":true,"nukisman":true,"nickeltobias":true,"gracheff":true},"readme":"Description\n===========\n\nnode-ftp is an FTP client module for [node.js](http://nodejs.org/) that provides an asynchronous interface for communicating with an FTP server.\n\n\nRequirements\n============\n\n* [node.js](http://nodejs.org/) -- v0.8.0 or newer\n\n\nInstall\n=======\n\n    npm install ftp\n\n\nExamples\n========\n\n* Get a directory listing of the current (remote) working directory:\n\n```javascript\n  var Client = require('ftp');\n\n  var c = new Client();\n  c.on('ready', function() {\n    c.list(function(err, list) {\n      if (err) throw err;\n      console.dir(list);\n      c.end();\n    });\n  });\n  // connect to localhost:21 as anonymous\n  c.connect();\n```\n\n* Download remote file 'foo.txt' and save it to the local file system:\n\n```javascript\n  var Client = require('ftp');\n  var fs = require('fs');\n\n  var c = new Client();\n  c.on('ready', function() {\n    c.get('foo.txt', function(err, stream) {\n      if (err) throw err;\n      stream.once('close', function() { c.end(); });\n      stream.pipe(fs.createWriteStream('foo.local-copy.txt'));\n    });\n  });\n  // connect to localhost:21 as anonymous\n  c.connect();\n```\n\n* Upload local file 'foo.txt' to the server:\n\n```javascript\n  var Client = require('ftp');\n  var fs = require('fs');\n\n  var c = new Client();\n  c.on('ready', function() {\n    c.put('foo.txt', 'foo.remote-copy.txt', function(err) {\n      if (err) throw err;\n      c.end();\n    });\n  });\n  // connect to localhost:21 as anonymous\n  c.connect();\n```\n\n\nAPI\n===\n\nEvents\n------\n\n* **greeting**(< _string_ >msg) - Emitted after connection. `msg` is the text the server sent upon connection.\n\n* **ready**() - Emitted when connection and authentication were sucessful.\n\n* **close**(< _boolean_ >hadErr) - Emitted when the connection has fully closed.\n\n* **end**() - Emitted when the connection has ended.\n\n* **error**(< _Error_ >err) - Emitted when an error occurs. In case of protocol-level errors, `err` contains a 'code' property that references the related 3-digit FTP response code.\n\n\nMethods\n-------\n\n**\\* Note: As with the 'error' event, any error objects passed to callbacks will have a 'code' property for protocol-level errors.**\n\n* **(constructor)**() - Creates and returns a new FTP client instance.\n\n* **connect**(< _object_ >config) - _(void)_ - Connects to an FTP server. Valid config properties:\n\n    * host - _string_ - The hostname or IP address of the FTP server. **Default:** 'localhost'\n\n    * port - _integer_ - The port of the FTP server. **Default:** 21\n\n    * secure - _mixed_ - Set to true for both control and data connection encryption, 'control' for control connection encryption only, or 'implicit' for implicitly encrypted control connection (this mode is deprecated in modern times, but usually uses port 990) **Default:** false\n\n    * secureOptions - _object_ - Additional options to be passed to `tls.connect()`. **Default:** (none)\n\n    * user - _string_ - Username for authentication. **Default:** 'anonymous'\n\n    * password - _string_ - Password for authentication. **Default:** 'anonymous@'\n\n    * connTimeout - _integer_ - How long (in milliseconds) to wait for the control connection to be established. **Default:** 10000\n\n    * pasvTimeout - _integer_ - How long (in milliseconds) to wait for a PASV data connection to be established. **Default:** 10000\n\n    * keepalive - _integer_ - How often (in milliseconds) to send a 'dummy' (NOOP) command to keep the connection alive. **Default:** 10000\n\n* **end**() - _(void)_ - Closes the connection to the server after any/all enqueued commands have been executed.\n\n* **destroy**() - _(void)_ - Closes the connection to the server immediately.\n\n### Required \"standard\" commands (RFC 959)\n\n* **list**([< _string_ >path, ][< _boolean_ >useCompression, ]< _function_ >callback) - _(void)_ - Retrieves the directory listing of `path`. `path` defaults to the current working directory. `useCompression` defaults to false. `callback` has 2 parameters: < _Error_ >err, < _array_ >list. `list` is an array of objects with these properties:\n\n      * type - _string_ - A single character denoting the entry type: 'd' for directory, '-' for file (or 'l' for symlink on **\\*NIX only**).\n\n      * name - _string_ - The name of the entry.\n\n      * size - _string_ - The size of the entry in bytes.\n\n      * date - _Date_ - The last modified date of the entry.\n\n      * rights - _object_ - The various permissions for this entry **(*NIX only)**.\n\n          * user - _string_ - An empty string or any combination of 'r', 'w', 'x'.\n\n          * group - _string_ - An empty string or any combination of 'r', 'w', 'x'.\n\n          * other - _string_ - An empty string or any combination of 'r', 'w', 'x'.\n     \n      * owner - _string_ - The user name or ID that this entry belongs to **(*NIX only)**.\n\n      * group - _string_ - The group name or ID that this entry belongs to **(*NIX only)**.\n\n      * target - _string_ - For symlink entries, this is the symlink's target **(*NIX only)**.\n\n      * sticky - _boolean_ - True if the sticky bit is set for this entry **(*NIX only)**.\n\n* **get**(< _string_ >path, [< _boolean_ >useCompression, ]< _function_ >callback) - _(void)_ - Retrieves a file at `path` from the server. `useCompression` defaults to false. `callback` has 2 parameters: < _Error_ >err, < _ReadableStream_ >fileStream.\n\n* **put**(< _mixed_ >input, < _string_ >destPath, [< _boolean_ >useCompression, ]< _function_ >callback) - _(void)_ - Sends data to the server to be stored as `destPath`. `input` can be a ReadableStream, a Buffer, or a path to a local file. `useCompression` defaults to false. `callback` has 1 parameter: < _Error_ >err.\n\n* **append**(< _mixed_ >input, < _string_ >destPath, [< _boolean_ >useCompression, ]< _function_ >callback) - _(void)_ - Same as **put()**, except if `destPath` already exists, it will be appended to instead of overwritten.\n\n* **rename**(< _string_ >oldPath, < _string_ >newPath, < _function_ >callback) - _(void)_ - Renames `oldPath` to `newPath` on the server. `callback` has 1 parameter: < _Error_ >err.\n\n* **logout**(< _function_ >callback) - _(void)_ - Logout the user from the server. `callback` has 1 parameter: < _Error_ >err.\n\n* **delete**(< _string_ >path, < _function_ >callback) - _(void)_ - Deletes a file, `path`, on the server. `callback` has 1 parameter: < _Error_ >err.\n\n* **cwd**(< _string_ >path, < _function_ >callback) - _(void)_ - Changes the current working directory to `path`. `callback` has 2 parameters: < _Error_ >err, < _string_ >currentDir. Note: `currentDir` is only given if the server replies with the path in the response text.\n\n* **abort**(< _function_ >callback) - _(void)_ - Aborts the current data transfer (e.g. from get(), put(), or list()). `callback` has 1 parameter: < _Error_ >err.\n\n* **site**(< _string_ >command, < _function_ >callback) - _(void)_ - Sends `command` (e.g. 'CHMOD 755 foo', 'QUOTA') using SITE. `callback` has 3 parameters: < _Error_ >err, < _string >responseText, < _integer_ >responseCode.\n\n* **status**(< _function_ >callback) - _(void)_ - Retrieves human-readable information about the server's status. `callback` has 2 parameters: < _Error_ >err, < _string_ >status.\n\n* **ascii**(< _function_ >callback) - _(void)_ - Sets the transfer data type to ASCII. `callback` has 1 parameter: < _Error_ >err.\n\n* **binary**(< _function_ >callback) - _(void)_ - Sets the transfer data type to binary (default at time of connection). `callback` has 1 parameter: < _Error_ >err.\n\n### Optional \"standard\" commands (RFC 959)\n\n* **mkdir**(< _string_ >path, [< _boolean_ >recursive, ]< _function_ >callback) - _(void)_ - Creates a new directory, `path`, on the server. `recursive` is for enabling a 'mkdir -p' algorithm and defaults to false. `callback` has 1 parameter: < _Error_ >err.\n\n* **rmdir**(< _string_ >path, [< _boolean_ >recursive, ]< _function_ >callback) - _(void)_ - Removes a directory, `path`, on the server. If `recursive`, this call will delete the contents of the directory if it is not empty. `callback` has 1 parameter: < _Error_ >err.\n\n* **cdup**(< _function_ >callback) - _(void)_ - Changes the working directory to the parent of the current directory. `callback` has 1 parameter: < _Error_ >err.\n\n* **pwd**(< _function_ >callback) - _(void)_ - Retrieves the current working directory. `callback` has 2 parameters: < _Error_ >err, < _string_ >cwd.\n\n* **system**(< _function_ >callback) - _(void)_ - Retrieves the server's operating system. `callback` has 2 parameters: < _Error_ >err, < _string_ >OS.\n\n* **listSafe**([< _string_ >path, ][< _boolean_ >useCompression, ]< _function_ >callback) - _(void)_ - Similar to list(), except the directory is temporarily changed to `path` to retrieve the directory listing. This is useful for servers that do not handle characters like spaces and quotes in directory names well for the LIST command. This function is \"optional\" because it relies on pwd() being available.\n\n### Extended commands (RFC 3659)\n\n* **size**(< _string_ >path, < _function_ >callback) - _(void)_ - Retrieves the size of `path`. `callback` has 2 parameters: < _Error_ >err, < _integer_ >numBytes.\n\n* **lastMod**(< _string_ >path, < _function_ >callback) - _(void)_ - Retrieves the last modified date and time for `path`. `callback` has 2 parameters: < _Error_ >err, < _Date_ >lastModified.\n\n* **restart**(< _integer_ >byteOffset, < _function_ >callback) - _(void)_ - Sets the file byte offset for the next file transfer action (get/put) to `byteOffset`. `callback` has 1 parameter: < _Error_ >err.\n","homepage":"https://github.com/mscdex/node-ftp","keywords":["ftp","client","transfer"],"bugs":{"url":"https://github.com/mscdex/node-ftp/issues"},"readmeFilename":"README.md","_attachments":{},"_etag":"\"9JKQUT1JE7SHE7COMRKFZRJF7\""}