{"_id":"pac-resolver","_rev":"23-f1788c09c297dd84cccc9ed0b75699f6","name":"pac-resolver","description":"Generates an asynchronous resolver function from a PAC file","dist-tags":{"latest":"1.2.6"},"versions":{"0.0.1":{"name":"pac-resolver","version":"0.0.1","description":"Generates an asynchronous resolver function from a PAC file","main":"index.js","dependencies":{"co":"~2.3.0","netmask":"0.0.2","degenerator":"~0.0.2","regenerator":"~0.3.1"},"devDependencies":{"mocha":"*"},"scripts":{"test":"mocha --reporter spec"},"repository":{"type":"git","url":"git://github.com/TooTallNate/node-pac-resolver.git"},"keywords":["pac","file","proxy","resolve","dns"],"author":{"name":"Nathan Rajlich","email":"nathan@tootallnate.net","url":"http://n8.io/"},"license":"MIT","bugs":{"url":"https://github.com/TooTallNate/node-pac-resolver/issues"},"homepage":"https://github.com/TooTallNate/node-pac-resolver","_id":"pac-resolver@0.0.1","dist":{"shasum":"f64d77caa78f7230ca57dce429cf4004c404b865","tarball":"https://registry.npmjs.org/pac-resolver/-/pac-resolver-0.0.1.tgz"},"_from":".","_npmVersion":"1.3.14","_npmUser":{"name":"tootallnate","email":"nathan@tootallnate.net"},"maintainers":[{"name":"tootallnate","email":"nathan@tootallnate.net"}],"directories":{}},"0.0.2":{"name":"pac-resolver","version":"0.0.2","description":"Generates an asynchronous resolver function from a PAC file","main":"index.js","dependencies":{"co":"~2.3.0","netmask":"1.0.4","degenerator":"~0.0.2","regenerator":"~0.3.1"},"devDependencies":{"mocha":"*"},"scripts":{"test":"mocha --reporter spec"},"repository":{"type":"git","url":"git://github.com/TooTallNate/node-pac-resolver.git"},"keywords":["pac","file","proxy","resolve","dns"],"author":{"name":"Nathan Rajlich","email":"nathan@tootallnate.net","url":"http://n8.io/"},"license":"MIT","bugs":{"url":"https://github.com/TooTallNate/node-pac-resolver/issues"},"homepage":"https://github.com/TooTallNate/node-pac-resolver","_id":"pac-resolver@0.0.2","dist":{"shasum":"663b741b1368d16df75138f514d54d76cdc2ff27","tarball":"https://registry.npmjs.org/pac-resolver/-/pac-resolver-0.0.2.tgz"},"_from":".","_npmVersion":"1.3.17","_npmUser":{"name":"tootallnate","email":"nathan@tootallnate.net"},"maintainers":[{"name":"tootallnate","email":"nathan@tootallnate.net"}],"directories":{}},"1.0.0":{"name":"pac-resolver","version":"1.0.0","description":"Generates an asynchronous resolver function from a PAC file","main":"index.js","dependencies":{"co":"~2.3.0","netmask":"1.0.4","degenerator":"~0.0.2","regenerator":"~0.3.1"},"devDependencies":{"mocha":"*"},"scripts":{"test":"mocha --reporter spec"},"repository":{"type":"git","url":"git://github.com/TooTallNate/node-pac-resolver.git"},"keywords":["pac","file","proxy","resolve","dns"],"author":{"name":"Nathan Rajlich","email":"nathan@tootallnate.net","url":"http://n8.io/"},"license":"MIT","bugs":{"url":"https://github.com/TooTallNate/node-pac-resolver/issues"},"homepage":"https://github.com/TooTallNate/node-pac-resolver","_id":"pac-resolver@1.0.0","dist":{"shasum":"a4b0ce3c81f1b0816e1f9aaa54fdfe57ee56c6b4","tarball":"https://registry.npmjs.org/pac-resolver/-/pac-resolver-1.0.0.tgz"},"_from":".","_npmVersion":"1.3.21","_npmUser":{"name":"tootallnate","email":"nathan@tootallnate.net"},"maintainers":[{"name":"tootallnate","email":"nathan@tootallnate.net"}],"directories":{}},"1.1.0":{"name":"pac-resolver","version":"1.1.0","description":"Generates an asynchronous resolver function from a PAC file","main":"index.js","dependencies":{"co":"~2.3.0","netmask":"1.0.4","degenerator":"~0.0.2","regenerator":"~0.3.1"},"devDependencies":{"mocha":"*"},"scripts":{"test":"mocha --reporter spec"},"repository":{"type":"git","url":"git://github.com/TooTallNate/node-pac-resolver.git"},"keywords":["pac","file","proxy","resolve","dns"],"author":{"name":"Nathan Rajlich","email":"nathan@tootallnate.net","url":"http://n8.io/"},"license":"MIT","bugs":{"url":"https://github.com/TooTallNate/node-pac-resolver/issues"},"homepage":"https://github.com/TooTallNate/node-pac-resolver","_id":"pac-resolver@1.1.0","dist":{"shasum":"a3b1c2d220e0fe1493196f68bffbec48ad2e5816","tarball":"https://registry.npmjs.org/pac-resolver/-/pac-resolver-1.1.0.tgz"},"_from":".","_npmVersion":"1.3.21","_npmUser":{"name":"tootallnate","email":"nathan@tootallnate.net"},"maintainers":[{"name":"tootallnate","email":"nathan@tootallnate.net"}],"directories":{}},"1.2.0":{"name":"pac-resolver","version":"1.2.0","description":"Generates an asynchronous resolver function from a PAC file","main":"index.js","dependencies":{"co":"~2.3.0","netmask":"1.0.4","degenerator":"~0.0.2","regenerator":"~0.3.1","thunkify":"0.0.1"},"devDependencies":{"mocha":"*"},"scripts":{"test":"mocha --reporter spec"},"repository":{"type":"git","url":"git://github.com/TooTallNate/node-pac-resolver.git"},"keywords":["pac","file","proxy","resolve","dns"],"author":{"name":"Nathan Rajlich","email":"nathan@tootallnate.net","url":"http://n8.io/"},"license":"MIT","bugs":{"url":"https://github.com/TooTallNate/node-pac-resolver/issues"},"homepage":"https://github.com/TooTallNate/node-pac-resolver","_id":"pac-resolver@1.2.0","dist":{"shasum":"9408488425ea143f1f9ce2c9ff5c742a45b62860","tarball":"https://registry.npmjs.org/pac-resolver/-/pac-resolver-1.2.0.tgz"},"_from":".","_npmVersion":"1.3.21","_npmUser":{"name":"tootallnate","email":"nathan@tootallnate.net"},"maintainers":[{"name":"tootallnate","email":"nathan@tootallnate.net"}],"directories":{}},"1.2.1":{"name":"pac-resolver","version":"1.2.1","description":"Generates an asynchronous resolver function from a PAC file","main":"index.js","dependencies":{"co":"~3.0.5","netmask":"1.0.4","degenerator":"~0.0.3","regenerator":"~0.4.5","thunkify":"0.0.1"},"devDependencies":{"mocha":"*"},"scripts":{"test":"mocha --reporter spec"},"repository":{"type":"git","url":"git://github.com/TooTallNate/node-pac-resolver.git"},"keywords":["pac","file","proxy","resolve","dns"],"author":{"name":"Nathan Rajlich","email":"nathan@tootallnate.net","url":"http://n8.io/"},"license":"MIT","bugs":{"url":"https://github.com/TooTallNate/node-pac-resolver/issues"},"homepage":"https://github.com/TooTallNate/node-pac-resolver","_id":"pac-resolver@1.2.1","dist":{"shasum":"3845bd5cfc5934f7fc9edcd468e6560cad0e8343","tarball":"https://registry.npmjs.org/pac-resolver/-/pac-resolver-1.2.1.tgz"},"_from":".","_npmVersion":"1.4.3","_npmUser":{"name":"tootallnate","email":"nathan@tootallnate.net"},"maintainers":[{"name":"tootallnate","email":"nathan@tootallnate.net"}],"directories":{}},"1.2.2":{"name":"pac-resolver","version":"1.2.2","description":"Generates an asynchronous resolver function from a PAC file","main":"index.js","dependencies":{"co":"~3.0.6","netmask":"~1.0.4","degenerator":"~0.0.3","regenerator":"~0.4.7","thunkify":"~2.1.1"},"devDependencies":{"mocha":"*"},"scripts":{"test":"mocha --reporter spec"},"repository":{"type":"git","url":"git://github.com/TooTallNate/node-pac-resolver.git"},"keywords":["pac","file","proxy","resolve","dns"],"author":{"name":"Nathan Rajlich","email":"nathan@tootallnate.net","url":"http://n8.io/"},"license":"MIT","bugs":{"url":"https://github.com/TooTallNate/node-pac-resolver/issues"},"homepage":"https://github.com/TooTallNate/node-pac-resolver","_id":"pac-resolver@1.2.2","_shasum":"6eccedeabbe9b7a115fa3478db855de0f44de1c7","_from":".","_npmVersion":"1.4.9","_npmUser":{"name":"tootallnate","email":"nathan@tootallnate.net"},"maintainers":[{"name":"tootallnate","email":"nathan@tootallnate.net"}],"dist":{"shasum":"6eccedeabbe9b7a115fa3478db855de0f44de1c7","tarball":"https://registry.npmjs.org/pac-resolver/-/pac-resolver-1.2.2.tgz"},"directories":{}},"1.2.3":{"name":"pac-resolver","version":"1.2.3","description":"Generates an asynchronous resolver function from a PAC file","main":"index.js","dependencies":{"co":"~3.1.0","netmask":"~1.0.4","degenerator":"~1.0.0","regenerator":"~0.4.7","thunkify":"~2.1.1"},"devDependencies":{"mocha":"*"},"scripts":{"test":"mocha --reporter spec"},"repository":{"type":"git","url":"git://github.com/TooTallNate/node-pac-resolver.git"},"keywords":["pac","file","proxy","resolve","dns"],"author":{"name":"Nathan Rajlich","email":"nathan@tootallnate.net","url":"http://n8.io/"},"license":"MIT","bugs":{"url":"https://github.com/TooTallNate/node-pac-resolver/issues"},"gitHead":"624840e868bb29b59d335967dcb90c3352defbde","homepage":"https://github.com/TooTallNate/node-pac-resolver","_id":"pac-resolver@1.2.3","_shasum":"19d2eee77c0bf8006fa3bd21950289dcf8a515d4","_from":".","_npmVersion":"2.1.2","_nodeVersion":"0.10.32","_npmUser":{"name":"tootallnate","email":"nathan@tootallnate.net"},"maintainers":[{"name":"tootallnate","email":"nathan@tootallnate.net"}],"dist":{"shasum":"19d2eee77c0bf8006fa3bd21950289dcf8a515d4","tarball":"https://registry.npmjs.org/pac-resolver/-/pac-resolver-1.2.3.tgz"},"directories":{}},"1.2.4":{"name":"pac-resolver","version":"1.2.4","description":"Generates an asynchronous resolver function from a PAC file","main":"index.js","dependencies":{"co":"~3.0.6","netmask":"~1.0.4","degenerator":"~1.0.0","regenerator":"~0.4.7","thunkify":"~2.1.1"},"devDependencies":{"mocha":"*"},"scripts":{"test":"mocha --reporter spec"},"repository":{"type":"git","url":"git://github.com/TooTallNate/node-pac-resolver.git"},"keywords":["pac","file","proxy","resolve","dns"],"author":{"name":"Nathan Rajlich","email":"nathan@tootallnate.net","url":"http://n8.io/"},"license":"MIT","bugs":{"url":"https://github.com/TooTallNate/node-pac-resolver/issues"},"gitHead":"a2b6036006e921d31e97e1143895d888d1e8c9d0","homepage":"https://github.com/TooTallNate/node-pac-resolver","_id":"pac-resolver@1.2.4","_shasum":"c6948acc57a1e78c8104ccdc8a4c89de90189008","_from":".","_npmVersion":"2.1.2","_nodeVersion":"0.10.32","_npmUser":{"name":"tootallnate","email":"nathan@tootallnate.net"},"maintainers":[{"name":"tootallnate","email":"nathan@tootallnate.net"}],"dist":{"shasum":"c6948acc57a1e78c8104ccdc8a4c89de90189008","tarball":"https://registry.npmjs.org/pac-resolver/-/pac-resolver-1.2.4.tgz"},"directories":{}},"1.2.5":{"name":"pac-resolver","version":"1.2.5","description":"Generates an asynchronous resolver function from a PAC file","main":"index.js","dependencies":{"co":"~3.0.6","netmask":"~1.0.4","degenerator":"~1.0.0","regenerator":"~0.8.11","thunkify":"~2.1.1"},"devDependencies":{"mocha":"*"},"scripts":{"test":"mocha --reporter spec"},"repository":{"type":"git","url":"git://github.com/TooTallNate/node-pac-resolver.git"},"keywords":["pac","file","proxy","resolve","dns"],"author":{"name":"Nathan Rajlich","email":"nathan@tootallnate.net","url":"http://n8.io/"},"license":"MIT","bugs":{"url":"https://github.com/TooTallNate/node-pac-resolver/issues"},"gitHead":"8f9640e3cb7084f08366be16490ead85a105b803","homepage":"https://github.com/TooTallNate/node-pac-resolver","_id":"pac-resolver@1.2.5","_shasum":"4eb2676ca413c87449f8b04419066af8f4726219","_from":".","_npmVersion":"2.5.1","_nodeVersion":"0.12.0","_npmUser":{"name":"tootallnate","email":"nathan@tootallnate.net"},"maintainers":[{"name":"tootallnate","email":"nathan@tootallnate.net"}],"dist":{"shasum":"4eb2676ca413c87449f8b04419066af8f4726219","tarball":"https://registry.npmjs.org/pac-resolver/-/pac-resolver-1.2.5.tgz"},"directories":{}},"1.2.6":{"name":"pac-resolver","version":"1.2.6","description":"Generates an asynchronous resolver function from a PAC file","main":"index.js","dependencies":{"co":"~3.0.6","netmask":"~1.0.4","degenerator":"~1.0.0","regenerator":"~0.8.13","thunkify":"~2.1.1"},"devDependencies":{"mocha":"*"},"scripts":{"test":"mocha --reporter spec"},"repository":{"type":"git","url":"git://github.com/TooTallNate/node-pac-resolver.git"},"keywords":["pac","file","proxy","resolve","dns"],"author":{"name":"Nathan Rajlich","email":"nathan@tootallnate.net","url":"http://n8.io/"},"license":"MIT","bugs":{"url":"https://github.com/TooTallNate/node-pac-resolver/issues"},"gitHead":"f6e4fa5faa2a140d2a95e75b626c87be62512ca3","homepage":"https://github.com/TooTallNate/node-pac-resolver","_id":"pac-resolver@1.2.6","_shasum":"ed03af0c5b5933505bdd3f07f75175466d5e7cfb","_from":".","_npmVersion":"1.4.28","_npmUser":{"name":"tootallnate","email":"nathan@tootallnate.net"},"maintainers":[{"name":"tootallnate","email":"nathan@tootallnate.net"}],"dist":{"shasum":"ed03af0c5b5933505bdd3f07f75175466d5e7cfb","tarball":"https://registry.npmjs.org/pac-resolver/-/pac-resolver-1.2.6.tgz"},"directories":{}}},"readme":"pac-resolver\n============\n### Generates an asynchronous resolver function from a [PAC file][pac-wikipedia]\n[![Build Status](https://travis-ci.org/TooTallNate/node-pac-resolver.svg?branch=master)](https://travis-ci.org/TooTallNate/node-pac-resolver)\n\n\nThis module accepts a JavaScript String of code, which is meant to be a\n[PAC proxy file][pac-wikipedia], and returns a generated asynchronous\n`FindProxyForURL()` function.\n\n\nInstallation\n------------\n\nInstall with `npm`:\n\n``` bash\n$ npm install pac-resolver\n```\n\n\nExample\n-------\n\nGiven the PAC proxy file named `proxy.pac`:\n\n``` js\nfunction FindProxyForURL(url, host) {\n  if (isInNet(myIpAddress(), \"10.1.10.0\", \"255.255.255.0\")) {\n    return \"PROXY 1.2.3.4:8080\";\n  } else {\n    return \"DIRECT\";\n  }\n}\n```\n\nYou can consume this PAC file with `pac-resolver` like so:\n\n``` js\nvar fs = require('fs');\nvar pac = require('pac-resolver');\n\nvar FindProxyForURL = pac(fs.readFileSync('proxy.pac', 'utf8'));\n\nFindProxyForURL('http://foo.com/', 'foo.com', function (err, res) {\n  if (err) throw err;\n  console.log(res);\n    // → \"DIRECT\"\n});\n```\n\n\nAPI\n---\n\n### pac(String jsStr[, Object options]) → Function\n\nReturns an asynchronous `FindProxyForURL()` function based off of the given JS\nstring `jsStr` PAC proxy file. An optional `options` object may be passed in which\nrespects the following options:\n\n * `filename` - String - the filename to use in error stack traces. Defaults to `proxy.pac`.\n * `sandbox` - Object - a map of functions to include in the sandbox of the\n JavaScript environment where the JS code will be executed. i.e. if you wanted to\n include the common `alert` function you could pass `alert: console.log`. For\n async functions, you must set the `async = true` property on the function\n instance, and the JS code will be able to invoke the function as if it were\n synchronous.\n\n\nLicense\n-------\n\n(The MIT License)\n\nCopyright (c) 2013 Nathan Rajlich &lt;nathan@tootallnate.net&gt;\n\nPermission is hereby granted, free of charge, to any person obtaining\na copy of this software and associated documentation files (the\n'Software'), to deal in the Software without restriction, including\nwithout limitation the rights to use, copy, modify, merge, publish,\ndistribute, sublicense, and/or sell copies of the Software, and to\npermit persons to whom the Software is furnished to do so, subject to\nthe following conditions:\n\nThe above copyright notice and this permission notice shall be\nincluded in all copies or substantial portions of the Software.\n\nTHE SOFTWARE IS PROVIDED 'AS IS', WITHOUT WARRANTY OF ANY KIND,\nEXPRESS OR IMPLIED, INCLUDING BUT NOT LIMITED TO THE WARRANTIES OF\nMERCHANTABILITY, FITNESS FOR A PARTICULAR PURPOSE AND NONINFRINGEMENT.\nIN NO EVENT SHALL THE AUTHORS OR COPYRIGHT HOLDERS BE LIABLE FOR ANY\nCLAIM, DAMAGES OR OTHER LIABILITY, WHETHER IN AN ACTION OF CONTRACT,\nTORT OR OTHERWISE, ARISING FROM, OUT OF OR IN CONNECTION WITH THE\nSOFTWARE OR THE USE OR OTHER DEALINGS IN THE SOFTWARE.\n\n[pac-file-docs]: https://web.archive.org/web/20070602031929/http://wp.netscape.com/eng/mozilla/2.0/relnotes/demo/proxy-live.html\n[pac-wikipedia]: http://wikipedia.org/wiki/Proxy_auto-config\n","maintainers":[{"name":"tootallnate","email":"nathan@tootallnate.net"}],"time":{"modified":"2015-02-22T05:29:12.430Z","created":"2013-12-09T21:44:42.130Z","0.0.1":"2013-12-09T21:44:50.924Z","0.0.2":"2013-12-30T04:36:41.433Z","1.0.0":"2014-01-08T22:17:07.171Z","1.1.0":"2014-01-25T18:52:51.513Z","1.2.0":"2014-01-28T22:27:58Z","1.2.1":"2014-04-04T18:54:18.474Z","1.2.2":"2014-05-21T05:24:29.908Z","1.2.3":"2014-11-22T20:32:17.568Z","1.2.4":"2014-11-22T20:37:05.972Z","1.2.5":"2015-02-20T20:58:07.035Z","1.2.6":"2015-02-22T05:29:12.430Z"},"author":{"name":"Nathan Rajlich","email":"nathan@tootallnate.net","url":"http://n8.io/"},"repository":{"type":"git","url":"git://github.com/TooTallNate/node-pac-resolver.git"},"readmeFilename":"README.md","homepage":"https://github.com/TooTallNate/node-pac-resolver","keywords":["pac","file","proxy","resolve","dns"],"bugs":{"url":"https://github.com/TooTallNate/node-pac-resolver/issues"},"license":"MIT","_attachments":{},"_etag":"\"D54RRN3KFH7VJ38XN0I9KWEI7\""}