{"_id":"bignumber.js","_rev":"65-7ac480f34fbfb4d61ced3f81be3e8683","name":"bignumber.js","description":"A library for arbitrary-precision decimal and non-decimal arithmetic","dist-tags":{"latest":"2.3.0"},"versions":{"1.0.0":{"name":"bignumber.js","description":"A library for arbitrary-precision decimal and non-decimal arithmetic","version":"1.0.0","keywords":["arbitrary","precision","arithmetic","big","number","decimal","float","biginteger","bigdecimal","bignumber","bigint","bignum"],"repository":{"type":"git","url":"https://github.com/MikeMcl/bignumber.js.git"},"main":"bignumber","author":{"name":"Michael Mclaughlin","email":"M8ch88l@gmail.com"},"engines":{"node":"*"},"license":"MIT","scripts":{"test":"node ./test/every-test.js","build":"uglifyjs -o ./bignumber.min.js ./bignumber.js"},"_id":"bignumber.js@1.0.0","dist":{"shasum":"944c0d5c6420620484ddc36c55d8b401799be13b","tarball":"https://registry.npmjs.org/bignumber.js/-/bignumber.js-1.0.0.tgz"},"_npmVersion":"1.1.63","_npmUser":{"name":"mikemcl","email":"M8ch88l@gmail.com"},"maintainers":[{"name":"mikemcl","email":"M8ch88l@gmail.com"}],"directories":{}},"1.0.1":{"name":"bignumber.js","description":"A library for arbitrary-precision decimal and non-decimal arithmetic","version":"1.0.1","keywords":["arbitrary","precision","arithmetic","big","number","decimal","float","biginteger","bigdecimal","bignumber","bigint","bignum"],"repository":{"type":"git","url":"https://github.com/MikeMcl/bignumber.js.git"},"main":"bignumber","author":{"name":"Michael Mclaughlin","email":"M8ch88l@gmail.com"},"engines":{"node":"*"},"license":"MIT","scripts":{"test":"node ./test/every-test.js","build":"uglifyjs -o ./bignumber.min.js ./bignumber.js"},"_id":"bignumber.js@1.0.1","dist":{"shasum":"0e953896823b783d48ea921884d3fd90b89bdcb1","tarball":"https://registry.npmjs.org/bignumber.js/-/bignumber.js-1.0.1.tgz"},"_npmVersion":"1.1.66","_npmUser":{"name":"mikemcl","email":"M8ch88l@gmail.com"},"maintainers":[{"name":"mikemcl","email":"M8ch88l@gmail.com"}],"directories":{}},"1.1.0":{"name":"bignumber.js","description":"A library for arbitrary-precision decimal and non-decimal arithmetic","version":"1.1.0","keywords":["arbitrary","precision","arithmetic","big","number","decimal","float","biginteger","bigdecimal","bignumber","bigint","bignum"],"repository":{"type":"git","url":"https://github.com/MikeMcl/bignumber.js.git"},"main":"bignumber","author":{"name":"Michael Mclaughlin","email":"M8ch88l@gmail.com"},"engines":{"node":"*"},"license":"MIT","scripts":{"test":"node ./test/every-test.js","build":"uglifyjs -o ./bignumber.min.js ./bignumber.js"},"_id":"bignumber.js@1.1.0","dist":{"shasum":"ebcc3dfa6ee8debd7656f4f63257b25931aadddf","tarball":"https://registry.npmjs.org/bignumber.js/-/bignumber.js-1.1.0.tgz"},"_from":".","_npmVersion":"1.2.14","_npmUser":{"name":"mikemcl","email":"M8ch88l@gmail.com"},"maintainers":[{"name":"mikemcl","email":"M8ch88l@gmail.com"}],"directories":{}},"1.1.1":{"name":"bignumber.js","description":"A library for arbitrary-precision decimal and non-decimal arithmetic","version":"1.1.1","keywords":["arbitrary","precision","arithmetic","big","number","decimal","float","biginteger","bigdecimal","bignumber","bigint","bignum"],"repository":{"type":"git","url":"https://github.com/MikeMcl/bignumber.js.git"},"main":"bignumber","author":{"name":"Michael Mclaughlin","email":"M8ch88l@gmail.com"},"engines":{"node":"*"},"license":"MIT","scripts":{"test":"node ./test/every-test.js","build":"uglifyjs -o ./bignumber.min.js ./bignumber.js"},"_id":"bignumber.js@1.1.1","dist":{"shasum":"1a415d9ac014c13256af1feed9d1a3e5717a8cf7","tarball":"https://registry.npmjs.org/bignumber.js/-/bignumber.js-1.1.1.tgz"},"_from":".","_npmVersion":"1.2.14","_npmUser":{"name":"mikemcl","email":"M8ch88l@gmail.com"},"maintainers":[{"name":"mikemcl","email":"M8ch88l@gmail.com"}],"directories":{}},"1.2.0":{"name":"bignumber.js","description":"A library for arbitrary-precision decimal and non-decimal arithmetic","version":"1.2.0","keywords":["arbitrary","precision","arithmetic","big","number","decimal","float","biginteger","bigdecimal","bignumber","bigint","bignum"],"repository":{"type":"git","url":"https://github.com/MikeMcl/bignumber.js.git"},"main":"bignumber","author":{"name":"Michael Mclaughlin","email":"M8ch88l@gmail.com"},"engines":{"node":"*"},"license":"MIT","scripts":{"test":"node ./test/every-test.js","build":"uglifyjs -o ./bignumber.min.js ./bignumber.js"},"_id":"bignumber.js@1.2.0","dist":{"shasum":"6b99ecc89638164aeff66f01a48e38aa8fbd79b8","tarball":"https://registry.npmjs.org/bignumber.js/-/bignumber.js-1.2.0.tgz"},"_from":".","_npmVersion":"1.2.14","_npmUser":{"name":"mikemcl","email":"M8ch88l@gmail.com"},"maintainers":[{"name":"mikemcl","email":"M8ch88l@gmail.com"}],"directories":{}},"1.2.1":{"name":"bignumber.js","description":"A library for arbitrary-precision decimal and non-decimal arithmetic","version":"1.2.1","keywords":["arbitrary","precision","arithmetic","big","number","decimal","float","biginteger","bigdecimal","bignumber","bigint","bignum"],"repository":{"type":"git","url":"https://github.com/MikeMcl/bignumber.js.git"},"main":"bignumber","author":{"name":"Michael Mclaughlin","email":"M8ch88l@gmail.com"},"engines":{"node":"*"},"license":"MIT","scripts":{"test":"node ./test/every-test.js","build":"uglifyjs -o ./bignumber.min.js ./bignumber.js"},"_id":"bignumber.js@1.2.1","dist":{"shasum":"e190f7bf5721c8766a074a95f90c0e476b0a2f10","tarball":"https://registry.npmjs.org/bignumber.js/-/bignumber.js-1.2.1.tgz"},"_from":".","_npmVersion":"1.2.14","_npmUser":{"name":"mikemcl","email":"M8ch88l@gmail.com"},"maintainers":[{"name":"mikemcl","email":"M8ch88l@gmail.com"}],"directories":{}},"1.3.0":{"name":"bignumber.js","description":"A library for arbitrary-precision decimal and non-decimal arithmetic","version":"1.3.0","keywords":["arbitrary","precision","arithmetic","big","number","decimal","float","biginteger","bigdecimal","bignumber","bigint","bignum"],"repository":{"type":"git","url":"https://github.com/MikeMcl/bignumber.js.git"},"main":"bignumber","author":{"name":"Michael Mclaughlin","email":"M8ch88l@gmail.com"},"engines":{"node":"*"},"license":"MIT","scripts":{"test":"node ./test/every-test.js","build":"uglifyjs -o ./bignumber.min.js ./bignumber.js"},"_id":"bignumber.js@1.3.0","dist":{"shasum":"07be3d171235a2ab78c0efae52338d645c76b735","tarball":"https://registry.npmjs.org/bignumber.js/-/bignumber.js-1.3.0.tgz"},"_from":".","_npmVersion":"1.2.14","_npmUser":{"name":"mikemcl","email":"M8ch88l@gmail.com"},"maintainers":[{"name":"mikemcl","email":"M8ch88l@gmail.com"}],"directories":{}},"1.4.0":{"name":"bignumber.js","description":"A library for arbitrary-precision decimal and non-decimal arithmetic","version":"1.4.0","keywords":["arbitrary","precision","arithmetic","big","number","decimal","float","biginteger","bigdecimal","bignumber","bigint","bignum"],"repository":{"type":"git","url":"https://github.com/MikeMcl/bignumber.js.git"},"main":"bignumber","author":{"name":"Michael Mclaughlin","email":"M8ch88l@gmail.com"},"engines":{"node":"*"},"license":"MIT","scripts":{"test":"node ./test/every-test.js","build":"uglifyjs bignumber.js -c -m -o bignumber.min.js --preamble '/* bignumber.js v1.4.0 https://github.com/MikeMcl/bignumber.js/LICENCE */'"},"bugs":{"url":"https://github.com/MikeMcl/bignumber.js/issues"},"homepage":"https://github.com/MikeMcl/bignumber.js","_id":"bignumber.js@1.4.0","dist":{"shasum":"28a11ade4b26fa07896426a5e52513049f51ad72","tarball":"https://registry.npmjs.org/bignumber.js/-/bignumber.js-1.4.0.tgz"},"_from":".","_npmVersion":"1.4.6","_npmUser":{"name":"mikemcl","email":"M8ch88l@gmail.com"},"maintainers":[{"name":"mikemcl","email":"M8ch88l@gmail.com"}],"directories":{}},"1.4.1":{"name":"bignumber.js","description":"A library for arbitrary-precision decimal and non-decimal arithmetic","version":"1.4.1","keywords":["arbitrary","precision","arithmetic","big","number","decimal","float","biginteger","bigdecimal","bignumber","bigint","bignum"],"repository":{"type":"git","url":"https://github.com/MikeMcl/bignumber.js.git"},"main":"bignumber","author":{"name":"Michael Mclaughlin","email":"M8ch88l@gmail.com"},"engines":{"node":"*"},"license":"MIT","scripts":{"test":"node ./test/every-test.js","build":"uglifyjs bignumber.js -c -m -o bignumber.min.js --preamble '/* bignumber.js v1.4.1 https://github.com/MikeMcl/bignumber.js/LICENCE */'"},"bugs":{"url":"https://github.com/MikeMcl/bignumber.js/issues"},"homepage":"https://github.com/MikeMcl/bignumber.js","_id":"bignumber.js@1.4.1","dist":{"shasum":"3d19ac321f8db4ba07aace23ebd4ac976fae6bfa","tarball":"https://registry.npmjs.org/bignumber.js/-/bignumber.js-1.4.1.tgz"},"_from":".","_npmVersion":"1.4.6","_npmUser":{"name":"mikemcl","email":"M8ch88l@gmail.com"},"maintainers":[{"name":"mikemcl","email":"M8ch88l@gmail.com"}],"directories":{}},"1.5.0":{"name":"bignumber.js","description":"A library for arbitrary-precision decimal and non-decimal arithmetic","version":"1.5.0","keywords":["arbitrary","precision","arithmetic","big","number","decimal","float","biginteger","bigdecimal","bignumber","bigint","bignum"],"repository":{"type":"git","url":"https://github.com/MikeMcl/bignumber.js.git"},"main":"bignumber","author":{"name":"Michael Mclaughlin","email":"M8ch88l@gmail.com"},"engines":{"node":"*"},"license":"MIT","scripts":{"test":"node ./test/every-test.js","build":"uglifyjs bignumber.js -c -m -o bignumber.min.js --preamble '/* bignumber.js v1.5.0 https://github.com/MikeMcl/bignumber.js/LICENCE */'"},"gitHead":"e8130405e47239e3a3c0d665a5f3f373e5e77f9f","bugs":{"url":"https://github.com/MikeMcl/bignumber.js/issues"},"homepage":"https://github.com/MikeMcl/bignumber.js","_id":"bignumber.js@1.5.0","_shasum":"ff41453ac7b19ee15cda7977e179ff1b0d11956d","_from":".","_npmVersion":"1.4.28","_npmUser":{"name":"mikemcl","email":"M8ch88l@gmail.com"},"maintainers":[{"name":"mikemcl","email":"M8ch88l@gmail.com"}],"dist":{"shasum":"ff41453ac7b19ee15cda7977e179ff1b0d11956d","tarball":"https://registry.npmjs.org/bignumber.js/-/bignumber.js-1.5.0.tgz"},"directories":{}},"2.0.0":{"name":"bignumber.js","description":"A library for arbitrary-precision decimal and non-decimal arithmetic","version":"2.0.0","keywords":["arbitrary","precision","arithmetic","big","number","decimal","float","biginteger","bigdecimal","bignumber","bigint","bignum"],"repository":{"type":"git","url":"https://github.com/MikeMcl/bignumber.js.git"},"main":"bignumber","author":{"name":"Michael Mclaughlin","email":"M8ch88l@gmail.com"},"engines":{"node":"*"},"license":"MIT","scripts":{"test":"node ./test/every-test.js","build":"uglifyjs bignumber.js -c -m -o bignumber.min.js --preamble '/* bignumber.js v2.0.0 https://github.com/MikeMcl/bignumber.js/LICENCE */'"},"gitHead":"bc66fcfed12c7b4aad528167f3138eb5ad13826f","bugs":{"url":"https://github.com/MikeMcl/bignumber.js/issues"},"homepage":"https://github.com/MikeMcl/bignumber.js","_id":"bignumber.js@2.0.0","_shasum":"9fca55e6c73e1ba5d294bda9983180e947e2119c","_from":".","_npmVersion":"1.4.28","_npmUser":{"name":"mikemcl","email":"M8ch88l@gmail.com"},"maintainers":[{"name":"mikemcl","email":"M8ch88l@gmail.com"}],"dist":{"shasum":"9fca55e6c73e1ba5d294bda9983180e947e2119c","tarball":"https://registry.npmjs.org/bignumber.js/-/bignumber.js-2.0.0.tgz"},"deprecated":"critical bug fixed in v2.0.4","directories":{}},"2.0.1":{"name":"bignumber.js","description":"A library for arbitrary-precision decimal and non-decimal arithmetic","version":"2.0.1","keywords":["arbitrary","precision","arithmetic","big","number","decimal","float","biginteger","bigdecimal","bignumber","bigint","bignum"],"repository":{"type":"git","url":"https://github.com/MikeMcl/bignumber.js.git"},"main":"bignumber","author":{"name":"Michael Mclaughlin","email":"M8ch88l@gmail.com"},"engines":{"node":"*"},"license":"MIT","scripts":{"test":"node ./test/every-test.js","build":"uglifyjs bignumber.js -c -m -o bignumber.min.js --preamble '/* bignumber.js v2.0.1 https://github.com/MikeMcl/bignumber.js/LICENCE */'"},"gitHead":"44c4ab72b540ad3f1db58c686ef4cf1551739c7a","bugs":{"url":"https://github.com/MikeMcl/bignumber.js/issues"},"homepage":"https://github.com/MikeMcl/bignumber.js","_id":"bignumber.js@2.0.1","_shasum":"4db50dd4bc0d48c3ae5912d1717f27dfdf218ef9","_from":".","_npmVersion":"1.4.28","_npmUser":{"name":"mikemcl","email":"M8ch88l@gmail.com"},"maintainers":[{"name":"mikemcl","email":"M8ch88l@gmail.com"}],"dist":{"shasum":"4db50dd4bc0d48c3ae5912d1717f27dfdf218ef9","tarball":"https://registry.npmjs.org/bignumber.js/-/bignumber.js-2.0.1.tgz"},"deprecated":"critical bug fixed in v2.0.4","directories":{}},"2.0.2":{"name":"bignumber.js","description":"A library for arbitrary-precision decimal and non-decimal arithmetic","version":"2.0.2","keywords":["arbitrary","precision","arithmetic","big","number","decimal","float","biginteger","bigdecimal","bignumber","bigint","bignum"],"repository":{"type":"git","url":"https://github.com/MikeMcl/bignumber.js.git"},"main":"bignumber","author":{"name":"Michael Mclaughlin","email":"M8ch88l@gmail.com"},"engines":{"node":"*"},"license":"MIT","scripts":{"test":"node ./test/every-test.js","build":"uglifyjs bignumber.js -c -m -o bignumber.min.js --preamble '/* bignumber.js v2.0.2 https://github.com/MikeMcl/bignumber.js/LICENCE */'"},"gitHead":"e7fd7c15786c3b7e7afc9e4bd5f00d1baf00b77d","bugs":{"url":"https://github.com/MikeMcl/bignumber.js/issues"},"homepage":"https://github.com/MikeMcl/bignumber.js","_id":"bignumber.js@2.0.2","_shasum":"7f80eff1e502ba743beaf3ad015119d4a2495bdd","_from":".","_npmVersion":"1.4.28","_npmUser":{"name":"mikemcl","email":"M8ch88l@gmail.com"},"maintainers":[{"name":"mikemcl","email":"M8ch88l@gmail.com"}],"dist":{"shasum":"7f80eff1e502ba743beaf3ad015119d4a2495bdd","tarball":"https://registry.npmjs.org/bignumber.js/-/bignumber.js-2.0.2.tgz"},"deprecated":"critical bug fixed in v2.0.4","directories":{}},"2.0.3":{"name":"bignumber.js","description":"A library for arbitrary-precision decimal and non-decimal arithmetic","version":"2.0.3","keywords":["arbitrary","precision","arithmetic","big","number","decimal","float","biginteger","bigdecimal","bignumber","bigint","bignum"],"repository":{"type":"git","url":"https://github.com/MikeMcl/bignumber.js.git"},"main":"bignumber","author":{"name":"Michael Mclaughlin","email":"M8ch88l@gmail.com"},"engines":{"node":"*"},"license":"MIT","scripts":{"test":"node ./test/every-test.js","build":"uglifyjs bignumber.js --source-map doc/bignumber.js.map -c -m -o bignumber.min.js --preamble \"/* bignumber.js v2.0.3 https://github.com/MikeMcl/bignumber.js/LICENCE */\""},"gitHead":"9eb3bf841a1cf1d7cced73170790776b744f88da","bugs":{"url":"https://github.com/MikeMcl/bignumber.js/issues"},"homepage":"https://github.com/MikeMcl/bignumber.js","_id":"bignumber.js@2.0.3","_shasum":"1328f1d618f4bfe23587af73577a5a1e4f3cf105","_from":".","_npmVersion":"1.4.28","_npmUser":{"name":"mikemcl","email":"M8ch88l@gmail.com"},"maintainers":[{"name":"mikemcl","email":"M8ch88l@gmail.com"}],"dist":{"shasum":"1328f1d618f4bfe23587af73577a5a1e4f3cf105","tarball":"https://registry.npmjs.org/bignumber.js/-/bignumber.js-2.0.3.tgz"},"deprecated":"critical bug fixed in v2.0.4","directories":{}},"2.0.5":{"name":"bignumber.js","description":"A library for arbitrary-precision decimal and non-decimal arithmetic","version":"2.0.5","keywords":["arbitrary","precision","arithmetic","big","number","decimal","float","biginteger","bigdecimal","bignumber","bigint","bignum"],"repository":{"type":"git","url":"https://github.com/MikeMcl/bignumber.js.git"},"main":"bignumber","author":{"name":"Michael Mclaughlin","email":"M8ch88l@gmail.com"},"engines":{"node":"*"},"license":"MIT","scripts":{"test":"node ./test/every-test.js","build":"uglifyjs bignumber.js --source-map doc/bignumber.js.map -c -m -o bignumber.min.js --preamble \"/* bignumber.js v2.0.5 https://github.com/MikeMcl/bignumber.js/LICENCE */\""},"gitHead":"c5eeb7e9ded3547ce27980f649a66ef167375cfb","bugs":{"url":"https://github.com/MikeMcl/bignumber.js/issues"},"homepage":"https://github.com/MikeMcl/bignumber.js","_id":"bignumber.js@2.0.5","_shasum":"e1d16f495454d4229a7a483ce8d3d774ddc50659","_from":".","_npmVersion":"2.5.1","_nodeVersion":"0.12.0","_npmUser":{"name":"mikemcl","email":"M8ch88l@gmail.com"},"maintainers":[{"name":"mikemcl","email":"M8ch88l@gmail.com"}],"dist":{"shasum":"e1d16f495454d4229a7a483ce8d3d774ddc50659","tarball":"https://registry.npmjs.org/bignumber.js/-/bignumber.js-2.0.5.tgz"},"directories":{}},"2.0.6":{"name":"bignumber.js","description":"A library for arbitrary-precision decimal and non-decimal arithmetic","version":"2.0.6","keywords":["arbitrary","precision","arithmetic","big","number","decimal","float","biginteger","bigdecimal","bignumber","bigint","bignum"],"repository":{"type":"git","url":"https://github.com/MikeMcl/bignumber.js.git"},"main":"bignumber","author":{"name":"Michael Mclaughlin","email":"M8ch88l@gmail.com"},"engines":{"node":"*"},"license":"MIT","scripts":{"test":"node ./test/every-test.js","build":"uglifyjs bignumber.js --source-map doc/bignumber.js.map -c -m -o bignumber.min.js --preamble \"/* bignumber.js v2.0.6 https://github.com/MikeMcl/bignumber.js/LICENCE */\""},"gitHead":"c5e054594488b6dde01f16ca2a82c5efadc83455","bugs":{"url":"https://github.com/MikeMcl/bignumber.js/issues"},"homepage":"https://github.com/MikeMcl/bignumber.js","_id":"bignumber.js@2.0.6","_shasum":"d4094494fbb2afd30e5f63f4dbdc8a7066502625","_from":".","_npmVersion":"2.5.1","_nodeVersion":"0.12.0","_npmUser":{"name":"mikemcl","email":"M8ch88l@gmail.com"},"maintainers":[{"name":"mikemcl","email":"M8ch88l@gmail.com"}],"dist":{"shasum":"d4094494fbb2afd30e5f63f4dbdc8a7066502625","tarball":"https://registry.npmjs.org/bignumber.js/-/bignumber.js-2.0.6.tgz"},"directories":{}},"2.0.7":{"name":"bignumber.js","description":"A library for arbitrary-precision decimal and non-decimal arithmetic","version":"2.0.7","keywords":["arbitrary","precision","arithmetic","big","number","decimal","float","biginteger","bigdecimal","bignumber","bigint","bignum"],"repository":{"type":"git","url":"https://github.com/MikeMcl/bignumber.js.git"},"main":"bignumber","author":{"name":"Michael Mclaughlin","email":"M8ch88l@gmail.com"},"engines":{"node":"*"},"license":"MIT","scripts":{"test":"node ./test/every-test.js","build":"uglifyjs bignumber.js --source-map bignumber.js.map -c -m -o bignumber.min.js --preamble \"/* bignumber.js v2.0.7 https://github.com/MikeMcl/bignumber.js/LICENCE */\""},"gitHead":"968471891943735593f3711d2f6d9ce6f72868d1","bugs":{"url":"https://github.com/MikeMcl/bignumber.js/issues"},"homepage":"https://github.com/MikeMcl/bignumber.js","_id":"bignumber.js@2.0.7","_shasum":"86eb0707cf6a5110909d23e6ea7434c14f500f1c","_from":".","_npmVersion":"2.5.1","_nodeVersion":"0.12.0","_npmUser":{"name":"mikemcl","email":"M8ch88l@gmail.com"},"maintainers":[{"name":"mikemcl","email":"M8ch88l@gmail.com"}],"dist":{"shasum":"86eb0707cf6a5110909d23e6ea7434c14f500f1c","tarball":"https://registry.npmjs.org/bignumber.js/-/bignumber.js-2.0.7.tgz"},"directories":{}},"2.0.8":{"name":"bignumber.js","description":"A library for arbitrary-precision decimal and non-decimal arithmetic","version":"2.0.8","keywords":["arbitrary","precision","arithmetic","big","number","decimal","float","biginteger","bigdecimal","bignumber","bigint","bignum"],"repository":{"type":"git","url":"git+https://github.com/MikeMcl/bignumber.js.git"},"main":"bignumber","author":{"name":"Michael Mclaughlin","email":"M8ch88l@gmail.com"},"engines":{"node":"*"},"license":"MIT","scripts":{"test":"node ./test/every-test.js","build":"uglifyjs bignumber.js --source-map bignumber.js.map -c -m -o bignumber.min.js --preamble \"/* bignumber.js v2.0.8 https://github.com/MikeMcl/bignumber.js/LICENCE */\""},"gitHead":"f549554c8ca0c6ba9e3db40f366edc9422afc862","bugs":{"url":"https://github.com/MikeMcl/bignumber.js/issues"},"homepage":"https://github.com/MikeMcl/bignumber.js#readme","_id":"bignumber.js@2.0.8","_shasum":"ab9f2d18b2a7a4415473e009114b6866abd5745d","_from":".","_npmVersion":"2.14.2","_nodeVersion":"4.0.0","_npmUser":{"name":"mikemcl","email":"M8ch88l@gmail.com"},"maintainers":[{"name":"mikemcl","email":"M8ch88l@gmail.com"}],"dist":{"shasum":"ab9f2d18b2a7a4415473e009114b6866abd5745d","tarball":"https://registry.npmjs.org/bignumber.js/-/bignumber.js-2.0.8.tgz"},"directories":{}},"2.1.0":{"name":"bignumber.js","description":"A library for arbitrary-precision decimal and non-decimal arithmetic","version":"2.1.0","keywords":["arbitrary","precision","arithmetic","big","number","decimal","float","biginteger","bigdecimal","bignumber","bigint","bignum"],"repository":{"type":"git","url":"git+https://github.com/MikeMcl/bignumber.js.git"},"main":"bignumber","author":{"name":"Michael Mclaughlin","email":"M8ch88l@gmail.com"},"engines":{"node":"*"},"license":"MIT","scripts":{"test":"node ./test/every-test.js","build":"uglifyjs bignumber.js --source-map bignumber.js.map -c -m -o bignumber.min.js --preamble \"/* bignumber.js v2.1.0 https://github.com/MikeMcl/bignumber.js/LICENCE */\""},"gitHead":"94501c0b286b0b9a01d1ba80a60d4f7b68c60094","bugs":{"url":"https://github.com/MikeMcl/bignumber.js/issues"},"homepage":"https://github.com/MikeMcl/bignumber.js#readme","_id":"bignumber.js@2.1.0","_shasum":"4f2f516b1494093a25dcf9af568de01f550a4c61","_from":".","_npmVersion":"2.14.2","_nodeVersion":"4.0.0","_npmUser":{"name":"mikemcl","email":"M8ch88l@gmail.com"},"maintainers":[{"name":"mikemcl","email":"M8ch88l@gmail.com"}],"dist":{"shasum":"4f2f516b1494093a25dcf9af568de01f550a4c61","tarball":"https://registry.npmjs.org/bignumber.js/-/bignumber.js-2.1.0.tgz"},"directories":{}},"2.1.1":{"name":"bignumber.js","description":"A library for arbitrary-precision decimal and non-decimal arithmetic","version":"2.1.1","keywords":["arbitrary","precision","arithmetic","big","number","decimal","float","biginteger","bigdecimal","bignumber","bigint","bignum"],"repository":{"type":"git","url":"git+https://github.com/MikeMcl/bignumber.js.git"},"main":"bignumber","author":{"name":"Michael Mclaughlin","email":"M8ch88l@gmail.com"},"engines":{"node":"*"},"license":"MIT","scripts":{"test":"node ./test/every-test.js","build":"uglifyjs bignumber.js --source-map bignumber.js.map -c -m -o bignumber.min.js --preamble \"/* bignumber.js v2.1.1 https://github.com/MikeMcl/bignumber.js/LICENCE */\""},"gitHead":"003231086e2789ea964cbd99805c59ff6e731813","bugs":{"url":"https://github.com/MikeMcl/bignumber.js/issues"},"homepage":"https://github.com/MikeMcl/bignumber.js#readme","_id":"bignumber.js@2.1.1","_shasum":"fd24a5f6bce992aa56692ecf5882dd029788a9f2","_from":".","_npmVersion":"3.3.12","_nodeVersion":"5.1.1","_npmUser":{"name":"mikemcl","email":"M8ch88l@gmail.com"},"maintainers":[{"name":"mikemcl","email":"M8ch88l@gmail.com"}],"dist":{"shasum":"fd24a5f6bce992aa56692ecf5882dd029788a9f2","tarball":"https://registry.npmjs.org/bignumber.js/-/bignumber.js-2.1.1.tgz"},"directories":{}},"2.1.2":{"name":"bignumber.js","description":"A library for arbitrary-precision decimal and non-decimal arithmetic","version":"2.1.2","keywords":["arbitrary","precision","arithmetic","big","number","decimal","float","biginteger","bigdecimal","bignumber","bigint","bignum"],"repository":{"type":"git","url":"git+https://github.com/MikeMcl/bignumber.js.git"},"main":"bignumber","author":{"name":"Michael Mclaughlin","email":"M8ch88l@gmail.com"},"engines":{"node":"*"},"license":"MIT","scripts":{"test":"node ./test/every-test.js","build":"uglifyjs bignumber.js --source-map bignumber.js.map -c -m -o bignumber.min.js --preamble \"/* bignumber.js v2.1.2 https://github.com/MikeMcl/bignumber.js/LICENCE */\""},"gitHead":"9a312f5b8739ca72cd74f4fd5107a31534c2afeb","bugs":{"url":"https://github.com/MikeMcl/bignumber.js/issues"},"homepage":"https://github.com/MikeMcl/bignumber.js#readme","_id":"bignumber.js@2.1.2","_shasum":"5b34651333a7e088b3ac230a31e26574e7c6d0a6","_from":".","_npmVersion":"3.3.12","_nodeVersion":"5.1.1","_npmUser":{"name":"mikemcl","email":"M8ch88l@gmail.com"},"maintainers":[{"name":"mikemcl","email":"M8ch88l@gmail.com"}],"dist":{"shasum":"5b34651333a7e088b3ac230a31e26574e7c6d0a6","tarball":"https://registry.npmjs.org/bignumber.js/-/bignumber.js-2.1.2.tgz"},"directories":{}},"2.1.3":{"name":"bignumber.js","description":"A library for arbitrary-precision decimal and non-decimal arithmetic","version":"2.1.3","keywords":["arbitrary","precision","arithmetic","big","number","decimal","float","biginteger","bigdecimal","bignumber","bigint","bignum"],"repository":{"type":"git","url":"git+https://github.com/MikeMcl/bignumber.js.git"},"main":"bignumber","author":{"name":"Michael Mclaughlin","email":"M8ch88l@gmail.com"},"engines":{"node":"*"},"license":"MIT","scripts":{"test":"node ./test/every-test.js","build":"uglifyjs bignumber.js --source-map bignumber.js.map -c -m -o bignumber.min.js --preamble \"/* bignumber.js v2.1.3 https://github.com/MikeMcl/bignumber.js/LICENCE */\""},"gitHead":"2b7d12318068d0683ebd067a0fe155580804137e","bugs":{"url":"https://github.com/MikeMcl/bignumber.js/issues"},"homepage":"https://github.com/MikeMcl/bignumber.js#readme","_id":"bignumber.js@2.1.3","_shasum":"12cde364275430c323c198e4b602a0c5943826b2","_from":".","_npmVersion":"3.3.12","_nodeVersion":"5.1.1","_npmUser":{"name":"mikemcl","email":"M8ch88l@gmail.com"},"maintainers":[{"name":"mikemcl","email":"M8ch88l@gmail.com"}],"dist":{"shasum":"12cde364275430c323c198e4b602a0c5943826b2","tarball":"https://registry.npmjs.org/bignumber.js/-/bignumber.js-2.1.3.tgz"},"directories":{}},"2.1.4":{"name":"bignumber.js","description":"A library for arbitrary-precision decimal and non-decimal arithmetic","version":"2.1.4","keywords":["arbitrary","precision","arithmetic","big","number","decimal","float","biginteger","bigdecimal","bignumber","bigint","bignum"],"repository":{"type":"git","url":"git+https://github.com/MikeMcl/bignumber.js.git"},"main":"bignumber","author":{"name":"Michael Mclaughlin","email":"M8ch88l@gmail.com"},"engines":{"node":"*"},"license":"MIT","scripts":{"test":"node ./test/every-test.js","build":"uglifyjs bignumber.js --source-map bignumber.js.map -c -m -o bignumber.min.js --preamble \"/* bignumber.js v2.1.4 https://github.com/MikeMcl/bignumber.js/LICENCE */\""},"gitHead":"ad704dc44f9e2de5cd8bf027b0ff3fcc18e83811","bugs":{"url":"https://github.com/MikeMcl/bignumber.js/issues"},"homepage":"https://github.com/MikeMcl/bignumber.js#readme","_id":"bignumber.js@2.1.4","_shasum":"29b3bb693dbb238e88b72eac2fb89650888b2d59","_from":".","_npmVersion":"3.3.12","_nodeVersion":"5.1.1","_npmUser":{"name":"mikemcl","email":"M8ch88l@gmail.com"},"maintainers":[{"name":"mikemcl","email":"M8ch88l@gmail.com"}],"dist":{"shasum":"29b3bb693dbb238e88b72eac2fb89650888b2d59","tarball":"https://registry.npmjs.org/bignumber.js/-/bignumber.js-2.1.4.tgz"},"directories":{}},"2.2.0":{"name":"bignumber.js","description":"A library for arbitrary-precision decimal and non-decimal arithmetic","version":"2.2.0","keywords":["arbitrary","precision","arithmetic","big","number","decimal","float","biginteger","bigdecimal","bignumber","bigint","bignum"],"repository":{"type":"git","url":"git+https://github.com/MikeMcl/bignumber.js.git"},"main":"bignumber","author":{"name":"Michael Mclaughlin","email":"M8ch88l@gmail.com"},"engines":{"node":"*"},"license":"MIT","scripts":{"test":"node ./test/every-test.js","build":"uglifyjs bignumber.js --source-map bignumber.js.map -c -m -o bignumber.min.js --preamble \"/* bignumber.js v2.2.0 https://github.com/MikeMcl/bignumber.js/LICENCE */\""},"gitHead":"2182c5948ed4419a35fb9a1fffba2b11ea70e100","bugs":{"url":"https://github.com/MikeMcl/bignumber.js/issues"},"homepage":"https://github.com/MikeMcl/bignumber.js#readme","_id":"bignumber.js@2.2.0","_shasum":"160d2f47668abe216bdc0f2d6148b43d23073437","_from":".","_npmVersion":"3.7.1","_nodeVersion":"5.7.0","_npmUser":{"name":"mikemcl","email":"M8ch88l@gmail.com"},"dist":{"shasum":"160d2f47668abe216bdc0f2d6148b43d23073437","tarball":"https://registry.npmjs.org/bignumber.js/-/bignumber.js-2.2.0.tgz"},"maintainers":[{"name":"mikemcl","email":"M8ch88l@gmail.com"}],"_npmOperationalInternal":{"host":"packages-13-west.internal.npmjs.com","tmp":"tmp/bignumber.js-2.2.0.tgz_1457049454480_0.39299471979029477"},"directories":{}},"2.3.0":{"name":"bignumber.js","description":"A library for arbitrary-precision decimal and non-decimal arithmetic","version":"2.3.0","keywords":["arbitrary","precision","arithmetic","big","number","decimal","float","biginteger","bigdecimal","bignumber","bigint","bignum"],"repository":{"type":"git","url":"git+https://github.com/MikeMcl/bignumber.js.git"},"main":"bignumber","author":{"name":"Michael Mclaughlin","email":"M8ch88l@gmail.com"},"engines":{"node":"*"},"license":"MIT","scripts":{"test":"node ./test/every-test.js","build":"uglifyjs bignumber.js --source-map bignumber.js.map -c -m -o bignumber.min.js --preamble \"/* bignumber.js v2.3.0 https://github.com/MikeMcl/bignumber.js/LICENCE */\""},"gitHead":"65e21f202adab641efda0d43b85a605791c0816a","bugs":{"url":"https://github.com/MikeMcl/bignumber.js/issues"},"homepage":"https://github.com/MikeMcl/bignumber.js#readme","_id":"bignumber.js@2.3.0","_shasum":"597a02d791edc3d64f17850e21789e7a4095df66","_from":".","_npmVersion":"3.7.1","_nodeVersion":"5.7.0","_npmUser":{"name":"mikemcl","email":"M8ch88l@gmail.com"},"dist":{"shasum":"597a02d791edc3d64f17850e21789e7a4095df66","tarball":"https://registry.npmjs.org/bignumber.js/-/bignumber.js-2.3.0.tgz"},"maintainers":[{"name":"mikemcl","email":"M8ch88l@gmail.com"}],"_npmOperationalInternal":{"host":"packages-13-west.internal.npmjs.com","tmp":"tmp/bignumber.js-2.3.0.tgz_1457392338289_0.9482216306496412"},"directories":{}}},"readme":"![bignumber.js](https://raw.githubusercontent.com/MikeMcl/bignumber.js/gh-pages/bignumberjs.png)\r\n\r\nA JavaScript library for arbitrary-precision decimal and non-decimal arithmetic.\r\n\r\n[![Build Status](https://travis-ci.org/MikeMcl/bignumber.js.svg)](https://travis-ci.org/MikeMcl/bignumber.js)\r\n\r\n<br />\r\n\r\n## Features\r\n\r\n  - Faster, smaller, and perhaps easier to use than JavaScript versions of Java's BigDecimal\r\n  - 8 KB minified and gzipped\r\n  - Simple API but full-featured\r\n  - Works with numbers with or without fraction digits in bases from 2 to 64 inclusive\r\n  - Replicates the `toExponential`, `toFixed`, `toPrecision` and `toString` methods of JavaScript's Number type\r\n  - Includes a `toFraction` and a correctly-rounded `squareRoot` method\r\n  - Supports cryptographically-secure pseudo-random number generation\r\n  - No dependencies\r\n  - Wide platform compatibility: uses JavaScript 1.5 (ECMAScript 3) features only\r\n  - Comprehensive [documentation](http://mikemcl.github.io/bignumber.js/) and test set\r\n\r\n![API](https://raw.githubusercontent.com/MikeMcl/bignumber.js/gh-pages/API.png)\r\n\r\nIf a smaller and simpler library is required see [big.js](https://github.com/MikeMcl/big.js/).\r\nIt's less than half the size but only works with decimal numbers and only has half the methods.\r\nIt also does not allow `NaN` or `Infinity`, or have the configuration options of this library.\r\n\r\nSee also [decimal.js](https://github.com/MikeMcl/decimal.js/), which among other things adds support for non-integer powers, and performs all operations to a specified number of significant digits.\r\n\r\n## Load\r\n\r\nThe library is the single JavaScript file *bignumber.js* (or minified, *bignumber.min.js*).\r\n\r\n```html\r\n<script src='relative/path/to/bignumber.js'></script>\r\n```\r\n\r\nFor [Node.js](http://nodejs.org) or [io.js](https://iojs.org/en/index.html), the library is available from the [npm](https://npmjs.org/) registry\r\n\r\n    $ npm install bignumber.js\r\n\r\n```javascript\r\nvar BigNumber = require('bignumber.js');\r\n```\r\n\r\nTo load with AMD loader libraries such as [requireJS](http://requirejs.org/):\r\n\r\n```javascript\r\nrequire(['path/to/bignumber'], function(BigNumber) {\r\n    // Use BigNumber here in local scope. No global BigNumber.\r\n});\r\n```\r\n\r\n## Use\r\n\r\n*In all examples below, `var`, semicolons and `toString` calls are not shown.\r\nIf a commented-out value is in quotes it means `toString` has been called on the preceding expression.*\r\n\r\nThe library exports a single function: `BigNumber`, the constructor of BigNumber instances.\r\n\r\nIt accepts a value of type number *(up to 15 significant digits only)*, string or BigNumber object,\r\n\r\n```javascript\r\nx = new BigNumber(123.4567)\r\ny = BigNumber('123456.7e-3')\r\nz = new BigNumber(x)\r\nx.equals(y) && y.equals(z) && x.equals(z)      // true\r\n```\r\n\r\n\r\nand a base from 2 to 64 inclusive can be specified.\r\n\r\n```javascript\r\nx = new BigNumber(1011, 2)          // \"11\"\r\ny = new BigNumber('zz.9', 36)       // \"1295.25\"\r\nz = x.plus(y)                       // \"1306.25\"\r\n```\r\n\r\nA BigNumber is immutable in the sense that it is not changed by its methods.\r\n\r\n```javascript\r\n0.3 - 0.1                           // 0.19999999999999998\r\nx = new BigNumber(0.3)\r\nx.minus(0.1)                        // \"0.2\"\r\nx                                   // \"0.3\"\r\n```\r\n\r\nThe methods that return a BigNumber can be chained.\r\n\r\n```javascript\r\nx.dividedBy(y).plus(z).times(9).floor()\r\nx.times('1.23456780123456789e+9').plus(9876.5432321).dividedBy('4444562598.111772').ceil()\r\n```\r\n\r\nMany method names have a shorter alias.\r\n\r\n```javascript\r\nx.squareRoot().dividedBy(y).toPower(3).equals(x.sqrt().div(y).pow(3))         // true\r\nx.cmp(y.mod(z).neg()) == 1 && x.comparedTo(y.modulo(z).negated()) == 1        // true\r\n```\r\n\r\nLike JavaScript's number type, there are `toExponential`, `toFixed` and `toPrecision` methods\r\n\r\n```javascript\r\nx = new BigNumber(255.5)\r\nx.toExponential(5)                  // \"2.55500e+2\"\r\nx.toFixed(5)                        // \"255.50000\"\r\nx.toPrecision(5)                    // \"255.50\"\r\nx.toNumber()                        // 255.5\r\n```\r\n\r\n and a base can be specified for `toString`.\r\n\r\n ```javascript\r\n x.toString(16)                     // \"ff.8\"\r\n ```\r\n\r\nThere is also a `toFormat` method which may be useful for internationalisation\r\n\r\n```javascript\r\ny = new BigNumber('1234567.898765')\r\ny.toFormat(2)                       // \"1,234,567.90\"\r\n```\r\n\r\nThe maximum number of decimal places of the result of an operation involving division (i.e. a division, square root, base conversion or negative power operation) is set using the `config` method of the `BigNumber` constructor.\r\n\r\nThe other arithmetic operations always give the exact result.\r\n\r\n```javascript\r\nBigNumber.config({ DECIMAL_PLACES: 10, ROUNDING_MODE: 4 })\r\n// Alternatively, BigNumber.config( 10, 4 );\r\n\r\nx = new BigNumber(2);\r\ny = new BigNumber(3);\r\nz = x.div(y)                        // \"0.6666666667\"\r\nz.sqrt()                            // \"0.8164965809\"\r\nz.pow(-3)                           // \"3.3749999995\"\r\nz.toString(2)                       // \"0.1010101011\"\r\nz.times(z)                          // \"0.44444444448888888889\"\r\nz.times(z).round(10)                // \"0.4444444445\"\r\n```\r\n\r\nThere is a `toFraction` method with an optional *maximum denominator* argument\r\n\r\n```javascript\r\ny = new BigNumber(355)\r\npi = y.dividedBy(113)               // \"3.1415929204\"\r\npi.toFraction()                     // [ \"7853982301\", \"2500000000\" ]\r\npi.toFraction(1000)                 // [ \"355\", \"113\" ]\r\n```\r\n\r\nand `isNaN` and `isFinite` methods, as `NaN` and `Infinity` are valid `BigNumber` values.\r\n\r\n```javascript\r\nx = new BigNumber(NaN)                                           // \"NaN\"\r\ny = new BigNumber(Infinity)                                      // \"Infinity\"\r\nx.isNaN() && !y.isNaN() && !x.isFinite() && !y.isFinite()        // true\r\n```\r\n\r\nThe value of a BigNumber is stored in a decimal floating point format in terms of a coefficient, exponent and sign.\r\n\r\n\r\n```javascript\r\nx = new BigNumber(-123.456);\r\nx.c                                 // [ 123, 45600000000000 ]  coefficient (i.e. significand)\r\nx.e                                 // 2                        exponent\r\nx.s                                 // -1                       sign\r\n```\r\n\r\n\r\nMultiple BigNumber constructors can be created, each with their own independent configuration which applies to all BigNumber's created from it.\r\n\r\n```javascript\r\n// Set DECIMAL_PLACES for the original BigNumber constructor\r\nBigNumber.config({ DECIMAL_PLACES: 10 })\r\n\r\n// Create another BigNumber constructor, optionally passing in a configuration object\r\nBN = BigNumber.another({ DECIMAL_PLACES: 5 })\r\n\r\nx = new BigNumber(1)\r\ny = new BN(1)\r\n\r\nx.div(3)                            // '0.3333333333'\r\ny.div(3)                            // '0.33333'\r\n```\r\n\r\nFor futher information see the [API](http://mikemcl.github.io/bignumber.js/) reference in the *doc* directory.\r\n\r\n## Test\r\n\r\nThe *test* directory contains the test scripts for each method.\r\n\r\nThe tests can be run with Node or a browser. For Node use\r\n\r\n    $ npm test\r\n\r\nor\r\n\r\n    $ node test/every-test\r\n\r\nTo test a single method, e.g.\r\n\r\n    $ node test/toFraction\r\n\r\nFor the browser, see *every-test.html* and *single-test.html* in the *test/browser* directory.\r\n\r\n*bignumber-vs-number.html* enables some of the methods of bignumber.js to be compared with those of JavaScript's number type.\r\n\r\n## Versions\r\n\r\nThis is version 2.x.x of the library, for version 1.x.x see the tagged releases or switch to the 'original' branch. The advantages of version 2 are that it is considerably faster for numbers with many digits and that there are a some added methods (see Change Log below). The disadvantages are more lines of code and increased code complexity, and the loss of simplicity in no longer having the coefficient of a BigNumber stored in base 10. The 'original' version will continue to be supported.\r\n\r\n## Performance\r\n\r\nSee the [README](https://github.com/MikeMcl/bignumber.js/tree/master/perf) in the *perf* directory.\r\n\r\n## Build\r\n\r\nFor Node, if [uglify-js](https://github.com/mishoo/UglifyJS2) is installed\r\n\r\n    npm install uglify-js -g\r\n\r\nthen\r\n\r\n    npm run build\r\n\r\nwill create *bignumber.min.js*.\r\n\r\nA source map will also be created in the root directory.\r\n\r\n## Feedback\r\n\r\nOpen an issue, or email\r\n\r\nMichael\r\n\r\n<a href=\"mailto:M8ch88l@gmail.com\">M8ch88l@gmail.com</a>\r\n\r\n## Licence\r\n\r\nMIT.\r\n\r\nSee [LICENCE](https://github.com/MikeMcl/bignumber.js/blob/master/LICENCE).\r\n\r\n## Change Log\r\n\r\n####2.3.0\r\n* 07/03/2016\r\n* #86 Add modulus parameter to `toPower`.\r\n\r\n####2.2.0\r\n* 03/03/2016\r\n* #91 Permit larger JS integers.\r\n\r\n####2.1.4\r\n* 15/12/2015\r\n* Correct UMD.\r\n\r\n####2.1.3\r\n* 13/12/2015\r\n* Refactor re global object and crypto availability when bundling.\r\n\r\n####2.1.2\r\n* 10/12/2015\r\n* Bugfix: `window.crypto` not assigned to `crypto`.\r\n\r\n####2.1.1\r\n* 09/12/2015\r\n* Prevent code bundler from adding `crypto` shim.\r\n\r\n####2.1.0\r\n* 26/10/2015\r\n* For `valueOf` and `toJSON`, include the minus sign with negative zero.\r\n\r\n####2.0.8\r\n* 2/10/2015\r\n* Internal round function bugfix.\r\n\r\n####2.0.6\r\n* 31/03/2015\r\n* Add bower.json. Tweak division after in-depth review.\r\n\r\n####2.0.5\r\n* 25/03/2015\r\n* Amend README. Remove bitcoin address.\r\n\r\n####2.0.4\r\n* 25/03/2015\r\n* Critical bugfix #58: division.\r\n\r\n####2.0.3\r\n* 18/02/2015\r\n* Amend README. Add source map.\r\n\r\n####2.0.2\r\n* 18/02/2015\r\n* Correct links.\r\n\r\n####2.0.1\r\n* 18/02/2015\r\n* Add `max`, `min`, `precision`, `random`, `shift`, `toDigits` and `truncated` methods.\r\n* Add the short-forms: `add`, `mul`, `sd`, `sub` and `trunc`.\r\n* Add an `another` method to enable multiple independent constructors to be created.\r\n* Add support for the base 2, 8 and 16 prefixes `0b`, `0o` and `0x`.\r\n* Enable a rounding mode to be specified as a second parameter to `toExponential`, `toFixed`, `toFormat` and `toPrecision`.\r\n* Add a `CRYPTO` configuration property so cryptographically-secure pseudo-random number generation can be specified.\r\n* Add a `MODULO_MODE` configuration property to enable the rounding mode used by the `modulo` operation to be specified.\r\n* Add a `POW_PRECISION` configuration property to enable the number of significant digits calculated by the power operation to be limited.\r\n* Improve code quality.\r\n* Improve documentation.\r\n\r\n####2.0.0\r\n* 29/12/2014\r\n* Add `dividedToIntegerBy`, `isInteger` and `toFormat` methods.\r\n* Remove the following short-forms: `isF`, `isZ`, `toE`, `toF`, `toFr`, `toN`, `toP`, `toS`.\r\n* Store a BigNumber's coefficient in base 1e14, rather than base 10.\r\n* Add fast path for integers to BigNumber constructor.\r\n* Incorporate the library into the online documentation.\r\n\r\n####1.5.0\r\n* 13/11/2014\r\n* Add `toJSON` and `decimalPlaces` methods.\r\n\r\n####1.4.1\r\n* 08/06/2014\r\n* Amend README.\r\n\r\n####1.4.0\r\n* 08/05/2014\r\n* Add `toNumber`.\r\n\r\n####1.3.0\r\n* 08/11/2013\r\n* Ensure correct rounding of `sqrt` in all, rather than almost all, cases.\r\n* Maximum radix to 64.\r\n\r\n####1.2.1\r\n* 17/10/2013\r\n* Sign of zero when x < 0 and x + (-x) = 0.\r\n\r\n####1.2.0\r\n* 19/9/2013\r\n* Throw Error objects for stack.\r\n\r\n####1.1.1\r\n* 22/8/2013\r\n* Show original value in constructor error message.\r\n\r\n####1.1.0\r\n* 1/8/2013\r\n* Allow numbers with trailing radix point.\r\n\r\n####1.0.1\r\n* Bugfix: error messages with incorrect method name\r\n\r\n####1.0.0\r\n* 8/11/2012\r\n* Initial release\r\n","maintainers":[{"name":"mikemcl","email":"M8ch88l@gmail.com"}],"time":{"modified":"2016-03-07T23:12:22.295Z","created":"2012-11-26T23:19:46.876Z","1.0.0":"2012-11-26T23:19:52.139Z","1.0.1":"2013-01-16T13:53:16.486Z","1.1.0":"2013-08-01T18:16:32.821Z","1.1.1":"2013-08-22T09:27:31.238Z","1.2.0":"2013-09-19T11:31:56.852Z","1.2.1":"2013-10-17T12:56:30.529Z","1.3.0":"2013-11-29T10:20:01.422Z","1.4.0":"2014-05-08T22:45:23.786Z","1.4.1":"2014-06-08T22:46:37.076Z","1.5.0":"2014-11-13T23:26:39.637Z","2.0.0":"2014-12-29T00:31:37.191Z","2.0.1":"2015-02-18T13:07:47.873Z","2.0.2":"2015-02-18T13:40:46.936Z","2.0.3":"2015-02-18T20:52:50.827Z","2.0.4":"2015-03-25T19:52:01.085Z","2.0.5":"2015-03-25T23:09:37.483Z","2.0.6":"2015-03-31T15:27:12.497Z","2.0.7":"2015-04-02T19:48:44.449Z","2.0.8":"2015-10-06T08:34:33.222Z","2.1.0":"2015-10-26T15:57:38.364Z","2.1.1":"2015-12-09T20:01:14.752Z","2.1.2":"2015-12-10T19:54:37.911Z","2.1.3":"2015-12-13T23:47:39.507Z","2.1.4":"2015-12-15T21:13:45.242Z","2.2.0":"2016-03-03T23:57:37.681Z","2.3.0":"2016-03-07T23:12:22.295Z"},"author":{"name":"Michael Mclaughlin","email":"M8ch88l@gmail.com"},"repository":{"type":"git","url":"git+https://github.com/MikeMcl/bignumber.js.git"},"users":{"oliversalzburg":true,"devonning":true,"yourhoneysky":true,"gazilla":true,"ctd1500":true,"jokecr":true,"pengzhao":true,"lucasmciruzzi":true,"nickeltobias":true,"kaasdude":true,"tobiasnickel":true,"danielbankhead":true,"ondak":true},"homepage":"https://github.com/MikeMcl/bignumber.js#readme","keywords":["arbitrary","precision","arithmetic","big","number","decimal","float","biginteger","bigdecimal","bignumber","bigint","bignum"],"bugs":{"url":"https://github.com/MikeMcl/bignumber.js/issues"},"license":"MIT","readmeFilename":"README.md","_attachments":{},"_etag":"\"12KJZTQPSBC5UBTLX4RH18WCH\""}