{"_id":"repeat-string","_rev":"30-5fabc8bd8d2c322fa198d72ed66991c3","name":"repeat-string","description":"Repeat the given string n times. Fastest implementation for repeating a string.","dist-tags":{"latest":"1.5.4"},"versions":{"0.1.0":{"name":"repeat-string","description":"Repeat the given string, n times.","version":"0.1.0","homepage":"https://github.com/jonschlinkert/repeat-string","author":{"name":"Jon Schlinkert","url":"http://github.com/jonschlinkert/"},"repository":{"type":"git","url":"git://github.com/jonschlinkert/repeat-string.git"},"bugs":{"url":"https://github.com/jonschlinkert/repeat-string/issues"},"licenses":[{"type":"MIT","url":"https://github.com/jonschlinkert/repeat-string/blob/master/LICENSE-MIT"}],"keywords":["docs","documentation","generate","generator","markdown","templates","verb"],"engines":{"node":">=0.8"},"scripts":{"test":"mocha -R test"},"devDependencies":{"verb":"~0.1.20","chai":"~1.9.1"},"_id":"repeat-string@0.1.0","dist":{"shasum":"e786bc8fc50e1ba990915f6f5311c3d4eb478162","tarball":"https://registry.npmjs.org/repeat-string/-/repeat-string-0.1.0.tgz"},"_from":".","_npmVersion":"1.3.24","_npmUser":{"name":"jonschlinkert","email":"github@sellside.com"},"maintainers":[{"name":"jonschlinkert","email":"github@sellside.com"}],"directories":{}},"0.1.1":{"name":"repeat-string","description":"Repeat the given string, n times.","version":"0.1.1","homepage":"https://github.com/jonschlinkert/repeat-string","author":{"name":"Jon Schlinkert","url":"http://github.com/jonschlinkert/"},"repository":{"type":"git","url":"git://github.com/jonschlinkert/repeat-string.git"},"bugs":{"url":"https://github.com/jonschlinkert/repeat-string/issues"},"licenses":[{"type":"MIT","url":"https://github.com/jonschlinkert/repeat-string/blob/master/LICENSE-MIT"}],"keywords":["docs","documentation","generate","generator","markdown","templates","verb"],"engines":{"node":">=0.10"},"scripts":{"test":"mocha -R spec"},"devDependencies":{"chai":"~1.9.1","verb":"~0.2.6"},"_id":"repeat-string@0.1.1","dist":{"shasum":"eefdb59d1ba4f49396231d03db9f9a3fa9e633bc","tarball":"https://registry.npmjs.org/repeat-string/-/repeat-string-0.1.1.tgz"},"_from":".","_npmVersion":"1.3.24","_npmUser":{"name":"jonschlinkert","email":"github@sellside.com"},"maintainers":[{"name":"jonschlinkert","email":"github@sellside.com"}],"directories":{}},"0.1.2":{"name":"repeat-string","description":"Repeat the given string, n times.","version":"0.1.2","homepage":"https://github.com/jonschlinkert/repeat-string","author":{"name":"Jon Schlinkert","url":"http://github.com/jonschlinkert/"},"repository":{"type":"git","url":"git://github.com/jonschlinkert/repeat-string.git"},"bugs":{"url":"https://github.com/jonschlinkert/repeat-string/issues"},"licenses":[{"type":"MIT","url":"https://github.com/jonschlinkert/repeat-string/blob/master/LICENSE-MIT"}],"main":"index.js","keywords":["docs","documentation","generate","generator","markdown","templates","verb"],"engines":{"node":">=0.10"},"scripts":{"test":"mocha -R spec"},"devDependencies":{"chai":"~1.9.1","verb":"~0.2.6"},"_id":"repeat-string@0.1.2","_shasum":"d3a99f01f2c169a9b38ec573c97afcf508d91228","_from":".","_npmVersion":"1.4.9","_npmUser":{"name":"jonschlinkert","email":"github@sellside.com"},"maintainers":[{"name":"jonschlinkert","email":"github@sellside.com"}],"dist":{"shasum":"d3a99f01f2c169a9b38ec573c97afcf508d91228","tarball":"https://registry.npmjs.org/repeat-string/-/repeat-string-0.1.2.tgz"},"directories":{}},"0.2.0":{"name":"repeat-string","description":"Repeat the given string, n times.","version":"0.2.0","homepage":"https://github.com/jonschlinkert/repeat-string","author":{"name":"Jon Schlinkert","url":"http://github.com/jonschlinkert/"},"repository":{"type":"git","url":"git://github.com/jonschlinkert/repeat-string.git"},"bugs":{"url":"https://github.com/jonschlinkert/repeat-string/issues"},"licenses":[{"type":"MIT","url":"https://github.com/jonschlinkert/repeat-string/blob/master/LICENSE-MIT"}],"main":"index.js","engines":{"node":">=0.10"},"scripts":{"test":"mocha -R spec"},"devDependencies":{"chai":"~1.9.1","should":"^4.0.4","verb":"^0.2.15"},"_id":"repeat-string@0.2.0","_shasum":"d5942f4729e6ec241608b19cc623771352571984","_from":".","_npmVersion":"1.4.9","_npmUser":{"name":"jonschlinkert","email":"github@sellside.com"},"maintainers":[{"name":"jonschlinkert","email":"github@sellside.com"}],"dist":{"shasum":"d5942f4729e6ec241608b19cc623771352571984","tarball":"https://registry.npmjs.org/repeat-string/-/repeat-string-0.2.0.tgz"},"directories":{}},"0.2.1":{"name":"repeat-string","description":"Repeat the given string, n times.","version":"0.2.1","homepage":"https://github.com/jonschlinkert/repeat-string","author":{"name":"Jon Schlinkert","url":"http://github.com/jonschlinkert/"},"repository":{"type":"git","url":"git://github.com/jonschlinkert/repeat-string.git"},"bugs":{"url":"https://github.com/jonschlinkert/repeat-string/issues"},"licenses":[{"type":"MIT","url":"https://github.com/jonschlinkert/repeat-string/blob/master/LICENSE-MIT"}],"main":"index.js","engines":{"node":">=0.10"},"scripts":{"test":"mocha -R spec"},"devDependencies":{"chai":"~1.9.1","should":"^4.0.4","verb":"^0.2.15"},"keywords":["multiple","repeat","str","string","times"],"_id":"repeat-string@0.2.1","_shasum":"68cb6dbc3c8bf3c8d2e56313a5286bdc45635e56","_from":".","_npmVersion":"1.4.9","_npmUser":{"name":"jonschlinkert","email":"github@sellside.com"},"maintainers":[{"name":"jonschlinkert","email":"github@sellside.com"}],"dist":{"shasum":"68cb6dbc3c8bf3c8d2e56313a5286bdc45635e56","tarball":"https://registry.npmjs.org/repeat-string/-/repeat-string-0.2.1.tgz"},"directories":{}},"0.2.2":{"name":"repeat-string","description":"Repeat the given string, n times.","version":"0.2.2","homepage":"https://github.com/jonschlinkert/repeat-string","author":{"name":"Jon Schlinkert","url":"http://github.com/jonschlinkert/"},"repository":{"type":"git","url":"git://github.com/jonschlinkert/repeat-string.git"},"bugs":{"url":"https://github.com/jonschlinkert/repeat-string/issues"},"licenses":[{"type":"MIT","url":"https://github.com/jonschlinkert/repeat-string/blob/master/LICENSE-MIT"}],"main":"index.js","engines":{"node":">=0.10"},"scripts":{"test":"mocha -R spec"},"devDependencies":{"chai":"~1.9.1","should":"^4.0.4","verb":"^0.2.15"},"keywords":["multiple","repeat","str","string","times"],"_id":"repeat-string@0.2.2","_shasum":"c7a8d3236068362059a7e4651fc6884e8b1fb4ae","_from":".","_npmVersion":"1.4.9","_npmUser":{"name":"jonschlinkert","email":"github@sellside.com"},"maintainers":[{"name":"jonschlinkert","email":"github@sellside.com"}],"dist":{"shasum":"c7a8d3236068362059a7e4651fc6884e8b1fb4ae","tarball":"https://registry.npmjs.org/repeat-string/-/repeat-string-0.2.2.tgz"},"directories":{}},"1.0.0":{"name":"repeat-string","description":"Fastest implementation for repeating a string.","version":"1.0.0","homepage":"https://github.com/jonschlinkert/repeat-string","author":{"name":"Jon Schlinkert","url":"http://github.com/jonschlinkert/"},"repository":{"type":"git","url":"git://github.com/jonschlinkert/repeat-string.git"},"bugs":{"url":"https://github.com/jonschlinkert/repeat-string/issues"},"license":{"type":"MIT","url":"https://github.com/jonschlinkert/repeat-string/blob/master/LICENSE-MIT"},"main":"index.js","engines":{"node":">=0.10"},"scripts":{"test":"mocha -R spec"},"devDependencies":{"should":"^4.0.4"},"keywords":["fill","javascript","js","left","left-pad","multiple","node.js","pad","padding","repeat","repeating","right","right-pad","str","string","text","times","util","utility","utils"],"_id":"repeat-string@1.0.0","_shasum":"e504a20b71e932b53a02f88b6c13dc63f5f37218","_from":".","_npmVersion":"1.4.9","_npmUser":{"name":"jonschlinkert","email":"github@sellside.com"},"maintainers":[{"name":"jonschlinkert","email":"github@sellside.com"}],"dist":{"shasum":"e504a20b71e932b53a02f88b6c13dc63f5f37218","tarball":"https://registry.npmjs.org/repeat-string/-/repeat-string-1.0.0.tgz"},"directories":{}},"1.1.0":{"name":"repeat-string","description":"Repeat the given string n times. Fastest implementation for repeating a string.","version":"1.1.0","homepage":"https://github.com/jonschlinkert/repeat-string","author":{"name":"Jon Schlinkert","url":"http://github.com/jonschlinkert/"},"repository":{"type":"git","url":"git://github.com/jonschlinkert/repeat-string.git"},"bugs":{"url":"https://github.com/jonschlinkert/repeat-string/issues"},"license":{"type":"MIT","url":"https://github.com/jonschlinkert/repeat-string/blob/master/LICENSE-MIT"},"main":"index.js","engines":{"node":">=0.10"},"scripts":{"test":"mocha -R spec"},"devDependencies":{"should":"^4.0.4"},"keywords":["fast","fastest","fill","javascript","js","left","left-pad","multiple","node.js","pad","padding","repeat","repeating","right","right-pad","str","string","text","times","util","utility","utils"],"_id":"repeat-string@1.1.0","_shasum":"12b876fdea42386d1db1521983fb645926ca87d4","_from":".","_npmVersion":"1.4.9","_npmUser":{"name":"jonschlinkert","email":"github@sellside.com"},"maintainers":[{"name":"jonschlinkert","email":"github@sellside.com"}],"dist":{"shasum":"12b876fdea42386d1db1521983fb645926ca87d4","tarball":"https://registry.npmjs.org/repeat-string/-/repeat-string-1.1.0.tgz"},"directories":{}},"1.2.0":{"name":"repeat-string","description":"Repeat the given string n times. Fastest implementation for repeating a string.","version":"1.2.0","homepage":"https://github.com/jonschlinkert/repeat-string","author":{"name":"Jon Schlinkert","url":"http://github.com/jonschlinkert/"},"repository":{"type":"git","url":"git://github.com/jonschlinkert/repeat-string.git"},"bugs":{"url":"https://github.com/jonschlinkert/repeat-string/issues"},"license":{"type":"MIT","url":"https://github.com/jonschlinkert/repeat-string/blob/master/LICENSE-MIT"},"main":"index.js","engines":{"node":">=0.10"},"scripts":{"test":"mocha -R spec"},"devDependencies":{"should":"^4.0.4"},"keywords":["fast","fastest","fill","javascript","js","left","left-pad","multiple","node.js","pad","padding","repeat","repeating","right","right-pad","str","string","text","times","util","utility","utils"],"gitHead":"086f2a0b678ca9eafb491a599e9419d5dff8dd46","_id":"repeat-string@1.2.0","_shasum":"5e812b13aa15c9a86fb0fa20ce9921c05aa9227c","_from":".","_npmVersion":"1.4.23","_npmUser":{"name":"jonschlinkert","email":"github@sellside.com"},"maintainers":[{"name":"jonschlinkert","email":"github@sellside.com"}],"dist":{"shasum":"5e812b13aa15c9a86fb0fa20ce9921c05aa9227c","tarball":"https://registry.npmjs.org/repeat-string/-/repeat-string-1.2.0.tgz"},"directories":{}},"1.3.0":{"name":"repeat-string","description":"Repeat the given string n times. Fastest implementation for repeating a string.","version":"1.3.0","homepage":"https://github.com/jonschlinkert/repeat-string","author":{"name":"Jon Schlinkert","url":"http://github.com/jonschlinkert/"},"repository":{"type":"git","url":"git://github.com/jonschlinkert/repeat-string.git"},"bugs":{"url":"https://github.com/jonschlinkert/repeat-string/issues"},"license":{"type":"MIT","url":"https://github.com/jonschlinkert/repeat-string/blob/master/LICENSE"},"main":"index.js","engines":{"node":">=0.10"},"scripts":{"test":"mocha -R spec"},"devDependencies":{"benchmarked":"^0.1.3","chalk":"^0.5.1","glob":"^4.3.5","minimist":"^1.1.0","repeating":"^1.1.1","should":"^4.0.4"},"keywords":["fast","fastest","fill","javascript","js","left","left-pad","multiple","node.js","pad","padding","repeat","repeating","right","right-pad","str","string","text","times","util","utility","utils"],"gitHead":"3653899391d4108f9fe9f7addfc736f5d1e4a544","_id":"repeat-string@1.3.0","_shasum":"5dfda114f59522d7b160337649abc8676d3faf52","_from":".","_npmVersion":"1.4.23","_npmUser":{"name":"jonschlinkert","email":"github@sellside.com"},"maintainers":[{"name":"jonschlinkert","email":"github@sellside.com"}],"dist":{"shasum":"5dfda114f59522d7b160337649abc8676d3faf52","tarball":"https://registry.npmjs.org/repeat-string/-/repeat-string-1.3.0.tgz"},"directories":{}},"1.4.0":{"name":"repeat-string","description":"Repeat the given string n times. Fastest implementation for repeating a string.","version":"1.4.0","homepage":"https://github.com/jonschlinkert/repeat-string","author":{"name":"Jon Schlinkert","url":"http://github.com/jonschlinkert/"},"repository":{"type":"git","url":"git://github.com/jonschlinkert/repeat-string.git"},"bugs":{"url":"https://github.com/jonschlinkert/repeat-string/issues"},"license":{"type":"MIT","url":"https://github.com/jonschlinkert/repeat-string/blob/master/LICENSE"},"main":"index.js","engines":{"node":">=0.10"},"scripts":{"test":"mocha -R spec"},"files":["index.js"],"devDependencies":{"benchmarked":"^0.1.3","chalk":"^0.5.1","glob":"^4.3.5","minimist":"^1.1.0","repeating":"^1.1.1","should":"^4.0.4"},"keywords":["fast","fastest","fill","left","left-pad","multiple","pad","padding","repetition","repeat","repeating","right","right-pad","string","times"],"gitHead":"53875172eaee59174f92dec68e4f4db186310807","_id":"repeat-string@1.4.0","_shasum":"0133d7b542ce809a685e6c6d4bae11c7a4d892ef","_from":".","_npmVersion":"1.4.28","_npmUser":{"name":"jonschlinkert","email":"github@sellside.com"},"maintainers":[{"name":"jonschlinkert","email":"github@sellside.com"}],"dist":{"shasum":"0133d7b542ce809a685e6c6d4bae11c7a4d892ef","tarball":"https://registry.npmjs.org/repeat-string/-/repeat-string-1.4.0.tgz"},"directories":{}},"1.5.0":{"name":"repeat-string","description":"Repeat the given string n times. Fastest implementation for repeating a string.","version":"1.5.0","homepage":"https://github.com/jonschlinkert/repeat-string","author":{"name":"Jon Schlinkert","url":"http://github.com/jonschlinkert/"},"repository":{"type":"git","url":"git://github.com/jonschlinkert/repeat-string.git"},"bugs":{"url":"https://github.com/jonschlinkert/repeat-string/issues"},"license":{"type":"MIT","url":"https://github.com/jonschlinkert/repeat-string/blob/master/LICENSE"},"main":"index.js","engines":{"node":">=0.10"},"scripts":{"test":"mocha -R spec"},"files":["index.js"],"devDependencies":{"benchmarked":"^0.1.3","chalk":"^0.5.1","glob":"^4.3.5","minimist":"^1.1.0","repeating":"^1.1.1","should":"^4.0.4"},"keywords":["fast","fastest","fill","left","left-pad","multiple","pad","padding","repetition","repeat","repeating","right","right-pad","string","times"],"gitHead":"7d1699165a8beda5a3262c45cc0910f43b092217","_id":"repeat-string@1.5.0","_shasum":"ed2351aaa58b1ed45053d80214204aa3582ff17f","_from":".","_npmVersion":"1.4.28","_npmUser":{"name":"jonschlinkert","email":"github@sellside.com"},"maintainers":[{"name":"jonschlinkert","email":"github@sellside.com"}],"dist":{"shasum":"ed2351aaa58b1ed45053d80214204aa3582ff17f","tarball":"https://registry.npmjs.org/repeat-string/-/repeat-string-1.5.0.tgz"},"directories":{}},"1.5.1":{"name":"repeat-string","description":"Repeat the given string n times. Fastest implementation for repeating a string.","version":"1.5.1","homepage":"https://github.com/jonschlinkert/repeat-string","author":{"name":"Jon Schlinkert","url":"http://github.com/jonschlinkert/"},"repository":{"type":"git","url":"git://github.com/jonschlinkert/repeat-string.git"},"bugs":{"url":"https://github.com/jonschlinkert/repeat-string/issues"},"license":{"type":"MIT","url":"https://github.com/jonschlinkert/repeat-string/blob/master/LICENSE"},"files":["index.js"],"main":"index.js","engines":{"node":">=0.10"},"scripts":{"test":"mocha"},"devDependencies":{"benchmarked":"^0.1.3","chalk":"^0.5.1","glob":"^4.3.5","minimist":"^1.1.0","repeating":"^1.1.1","should":"^4.0.4"},"keywords":["fast","fastest","fill","left","left-pad","multiple","pad","padding","repetition","repeat","repeating","right","right-pad","string","times"],"gitHead":"bf20e5dc1414305bec6ff26d90988378a5bad6ec","_id":"repeat-string@1.5.1","_shasum":"d29532c978c5a0c64600c2a323f74b80bd01f741","_from":".","_npmVersion":"2.5.1","_nodeVersion":"0.12.0","_npmUser":{"name":"jonschlinkert","email":"github@sellside.com"},"maintainers":[{"name":"jonschlinkert","email":"github@sellside.com"}],"dist":{"shasum":"d29532c978c5a0c64600c2a323f74b80bd01f741","tarball":"https://registry.npmjs.org/repeat-string/-/repeat-string-1.5.1.tgz"},"directories":{}},"1.5.2":{"name":"repeat-string","description":"Repeat the given string n times. Fastest implementation for repeating a string.","version":"1.5.2","homepage":"https://github.com/jonschlinkert/repeat-string","author":{"name":"Jon Schlinkert","url":"http://github.com/jonschlinkert/"},"repository":{"type":"git","url":"git://github.com/jonschlinkert/repeat-string.git"},"bugs":{"url":"https://github.com/jonschlinkert/repeat-string/issues"},"license":{"type":"MIT","url":"https://github.com/jonschlinkert/repeat-string/blob/master/LICENSE"},"files":["index.js"],"main":"index.js","engines":{"node":">=0.10"},"scripts":{"test":"mocha"},"devDependencies":{"benchmarked":"^0.1.3","chalk":"^0.5.1","glob":"^4.3.5","mocha":"^2.2.1","repeating":"^1.1.1","should":"^4.0.4"},"keywords":["fast","fastest","fill","left","left-pad","multiple","pad","padding","repetition","repeat","repeating","right","right-pad","string","times"],"gitHead":"bf20e5dc1414305bec6ff26d90988378a5bad6ec","_id":"repeat-string@1.5.2","_shasum":"21065f70727ad053a0dd5e957ac9e00c7560d90a","_from":".","_npmVersion":"2.5.1","_nodeVersion":"0.12.0","_npmUser":{"name":"jonschlinkert","email":"github@sellside.com"},"maintainers":[{"name":"jonschlinkert","email":"github@sellside.com"}],"dist":{"shasum":"21065f70727ad053a0dd5e957ac9e00c7560d90a","tarball":"https://registry.npmjs.org/repeat-string/-/repeat-string-1.5.2.tgz"},"directories":{}},"1.5.4":{"name":"repeat-string","description":"Repeat the given string n times. Fastest implementation for repeating a string.","version":"1.5.4","homepage":"https://github.com/jonschlinkert/repeat-string","author":{"name":"Jon Schlinkert","url":"http://github.com/jonschlinkert"},"repository":{"type":"git","url":"git+https://github.com/jonschlinkert/repeat-string.git"},"bugs":{"url":"https://github.com/jonschlinkert/repeat-string/issues"},"license":"MIT","files":["index.js"],"main":"index.js","engines":{"node":">=0.10"},"scripts":{"test":"mocha"},"devDependencies":{"benchmarked":"^0.1.5","chalk":"^1.1.1","glob":"^7.0.0","gulp-format-md":"^0.1.7","mocha":"*","repeating":"^2.0.0","should":"*"},"keywords":["fast","fastest","fill","left","left-pad","multiple","pad","padding","repeat","repeating","repetition","right","right-pad","string","times"],"verb":{"related":{"list":["repeat-element"]},"toc":false,"layout":"default","tasks":["readme"],"plugins":["gulp-format-md"],"reflinks":["verb"]},"gitHead":"53b4ac32e4cfa5bf339aed73544fe86b0f3e9190","_id":"repeat-string@1.5.4","_shasum":"64ec0c91e0f4b475f90d5b643651e3e6e5b6c2d5","_from":".","_npmVersion":"3.6.0","_nodeVersion":"5.5.0","_npmUser":{"name":"jonschlinkert","email":"github@sellside.com"},"maintainers":[{"name":"jonschlinkert","email":"github@sellside.com"},{"name":"doowb","email":"brian.woodward@gmail.com"}],"dist":{"shasum":"64ec0c91e0f4b475f90d5b643651e3e6e5b6c2d5","tarball":"https://registry.npmjs.org/repeat-string/-/repeat-string-1.5.4.tgz"},"_npmOperationalInternal":{"host":"packages-5-east.internal.npmjs.com","tmp":"tmp/repeat-string-1.5.4.tgz_1456747759357_0.14794702967628837"},"directories":{}}},"readme":"# repeat-string [![NPM version](https://img.shields.io/npm/v/repeat-string.svg)](https://www.npmjs.com/package/repeat-string) [![Build Status](https://img.shields.io/travis/jonschlinkert/repeat-string.svg)](https://travis-ci.org/jonschlinkert/repeat-string)\n\n> Repeat the given string n times. Fastest implementation for repeating a string.\n\n## Install\n\nInstall with [npm](https://www.npmjs.com/):\n\n```sh\n$ npm install repeat-string --save\n```\n\n## Usage\n\n### [repeat](index.js#L41)\n\nRepeat the given `string` the specified `number` of times.\n\n**Example:**\n\n**Params**\n\n* `string` **{String}**: The string to repeat\n* `number` **{Number}**: The number of times to repeat the string\n* `returns` **{String}**: Repeated string\n\n**Example**\n\n```js\nvar repeat = require('repeat-string');\nrepeat('A', 5);\n//=> AAAAA\n```\n\n## Benchmarks\n\nRepeat string is significantly faster than the native method (which is itself faster than [repeating](https://github.com/sindresorhus/repeating)):\n\n```sh\n#1: 5\n  native x 10,484,023 ops/sec ±1.24% (89 runs sampled)\n  repeat-string x 16,189,255 ops/sec ±1.05% (91 runs sampled)\n  repeating x 9,051,715 ops/sec ±1.18% (90 runs sampled)\n\n#2: 50\n  native x 7,975,566 ops/sec ±1.29% (91 runs sampled)\n  repeat-string x 15,317,972 ops/sec ±1.16% (87 runs sampled)\n  repeating x 6,279,112 ops/sec ±1.29% (89 runs sampled)\n\n#3: 250\n  native x 6,212,752 ops/sec ±1.33% (91 runs sampled)\n  repeat-string x 14,565,168 ops/sec ±0.83% (93 runs sampled)\n  repeating x 5,787,124 ops/sec ±1.25% (92 runs sampled)\n\n#4: 2000\n  native x 4,912,163 ops/sec ±1.27% (91 runs sampled)\n  repeat-string x 17,129,748 ops/sec ±1.01% (91 runs sampled)\n  repeating x 4,613,043 ops/sec ±1.37% (91 runs sampled)\n\n#5: 20000\n  native x 4,506,624 ops/sec ±1.33% (90 runs sampled)\n  repeat-string x 14,877,672 ops/sec ±1.00% (93 runs sampled)\n  repeating x 4,305,756 ops/sec ±1.36% (89 runs sampled)\n```\n\n**Run the benchmarks**\n\nInstall dev dependencies:\n\n```sh\nnpm i -d && node benchmark\n```\n\n## Related projects\n\n[repeat-element](https://www.npmjs.com/package/repeat-element): Create an array by repeating the given value n times. | [homepage](https://github.com/jonschlinkert/repeat-element)\n\n## Contributing\n\nPull requests and stars are always welcome. For bugs and feature requests, [please create an issue](https://github.com/jonschlinkert/repeat-string/issues/new).\n\n## Building docs\n\nGenerate readme and API documentation with [verb](https://github.com/verbose/verb):\n\n```sh\n$ npm install verb && npm run docs\n```\n\nOr, if [verb](https://github.com/verbose/verb) is installed globally:\n\n```sh\n$ verb\n```\n\n## Running tests\n\nInstall dev dependencies:\n\n```sh\n$ npm install -d && npm test\n```\n\n## Author\n\n**Jon Schlinkert**\n\n* [github/jonschlinkert](https://github.com/jonschlinkert)\n* [twitter/jonschlinkert](http://twitter.com/jonschlinkert)\n\n## License\n\nCopyright © 2016 [Jon Schlinkert](http://github.com/jonschlinkert)\nReleased under the [MIT license](https://github.com/jonschlinkert/repeat-string/blob/master/LICENSE).\n\n***\n\n_This file was generated by [verb](https://github.com/verbose/verb), v0.9.0, on February 29, 2016._","maintainers":[{"name":"jonschlinkert","email":"github@sellside.com"},{"name":"doowb","email":"brian.woodward@gmail.com"}],"time":{"modified":"2016-02-29T12:09:20.719Z","created":"2014-03-27T21:01:52.770Z","0.1.0":"2014-03-27T21:01:52.770Z","0.1.1":"2014-05-03T06:24:49.371Z","0.1.2":"2014-05-11T07:59:47.854Z","0.2.0":"2014-10-01T23:26:05.179Z","0.2.1":"2014-10-01T23:35:23.389Z","0.2.2":"2014-10-14T17:40:30.973Z","1.0.0":"2014-12-06T15:19:42.433Z","1.1.0":"2014-12-06T21:37:07.791Z","1.2.0":"2014-12-23T03:40:38.066Z","1.3.0":"2015-01-19T03:17:51.739Z","1.4.0":"2015-01-24T05:12:02.507Z","1.5.0":"2015-01-26T12:47:58.436Z","1.5.1":"2015-04-01T22:19:26.963Z","1.5.2":"2015-04-02T00:17:15.854Z","1.5.4":"2016-02-29T12:09:20.719Z"},"homepage":"https://github.com/jonschlinkert/repeat-string","repository":{"type":"git","url":"git+https://github.com/jonschlinkert/repeat-string.git"},"author":{"name":"Jon Schlinkert","url":"http://github.com/jonschlinkert"},"bugs":{"url":"https://github.com/jonschlinkert/repeat-string/issues"},"readmeFilename":"README.md","users":{"tunnckocore":true,"jonschlinkert":true},"keywords":["fast","fastest","fill","left","left-pad","multiple","pad","padding","repeat","repeating","repetition","right","right-pad","string","times"],"license":"MIT","_attachments":{},"_etag":"\"UIFBZY9O146P6FCOVUIVIRZG\""}