{"_id":"window-size","_rev":"10-d6b31fa91cb803968b4fd3c377e3f37d","name":"window-size","description":"Reliable way to to get the height and width of the terminal/console in a node.js environment.","dist-tags":{"latest":"0.2.0"},"versions":{"0.1.0":{"name":"window-size","description":"Reliable way to to get the height and width of the terminal/console in a node.js environment.","version":"0.1.0","homepage":"https://github.com/jonschlinkert/window-size","author":{"name":"Jon Schlinkert","url":"https://github.com/jonschlinkert"},"repository":{"type":"git","url":"https://github.com/jonschlinkert/window-size.git"},"bugs":{"url":"https://github.com/jonschlinkert/window-size/issues"},"licenses":[{"type":"MIT","url":"https://github.com/jonschlinkert/window-size/blob/master/LICENSE-MIT"}],"main":"index.js","engines":{"node":">= 0.8.0"},"keywords":["window","console","terminal","tty"],"_id":"window-size@0.1.0","dist":{"shasum":"5438cd2ea93b202efa3a19fe8887aee7c94f9c9d","tarball":"https://registry.npmjs.org/window-size/-/window-size-0.1.0.tgz"},"_from":".","_npmVersion":"1.3.24","_npmUser":{"name":"jonschlinkert","email":"github@sellside.com"},"maintainers":[{"name":"jonschlinkert","email":"github@sellside.com"}],"directories":{}},"0.1.1":{"name":"window-size","description":"Reliable way to to get the height and width of the terminal/console in a node.js environment.","version":"0.1.1","homepage":"https://github.com/jonschlinkert/window-size","author":{"name":"Jon Schlinkert","url":"https://github.com/jonschlinkert"},"repository":{"type":"git","url":"git+https://github.com/jonschlinkert/window-size.git"},"bugs":{"url":"https://github.com/jonschlinkert/window-size/issues"},"license":"MIT","files":["index.js"],"main":"index.js","engines":{"node":">= 0.10.0"},"keywords":["console","height","resize","size","terminal","tty","width","window"],"gitHead":"2bac24abaa4e4744df5c4b41f6f42b16f2b47302","_id":"window-size@0.1.1","scripts":{},"_shasum":"976f3471f56c21d7cb6ebfd4b7616865a1629258","_from":".","_npmVersion":"2.10.1","_nodeVersion":"0.12.4","_npmUser":{"name":"jonschlinkert","email":"github@sellside.com"},"maintainers":[{"name":"jonschlinkert","email":"github@sellside.com"}],"dist":{"shasum":"976f3471f56c21d7cb6ebfd4b7616865a1629258","tarball":"https://registry.npmjs.org/window-size/-/window-size-0.1.1.tgz"},"directories":{}},"0.1.2":{"name":"window-size","description":"Reliable way to to get the height and width of the terminal/console in a node.js environment.","version":"0.1.2","homepage":"https://github.com/jonschlinkert/window-size","author":{"name":"Jon Schlinkert","url":"https://github.com/jonschlinkert"},"repository":{"type":"git","url":"git+https://github.com/jonschlinkert/window-size.git"},"bin":{"window-size":"cli.js"},"bugs":{"url":"https://github.com/jonschlinkert/window-size/issues"},"license":"MIT","files":["index.js","cli.js"],"main":"index.js","engines":{"node":">= 0.10.0"},"keywords":["console","height","resize","size","terminal","tty","width","window"],"gitHead":"e294ae2532db4bf88b375c13099b0af27ecfb1ec","_id":"window-size@0.1.2","scripts":{},"_shasum":"10d53f0f8ee867e3a851f0be0e3100872329db3a","_from":".","_npmVersion":"2.10.1","_nodeVersion":"0.12.4","_npmUser":{"name":"jonschlinkert","email":"github@sellside.com"},"maintainers":[{"name":"jonschlinkert","email":"github@sellside.com"}],"dist":{"shasum":"10d53f0f8ee867e3a851f0be0e3100872329db3a","tarball":"https://registry.npmjs.org/window-size/-/window-size-0.1.2.tgz"},"directories":{}},"0.1.3":{"name":"window-size","description":"Reliable way to to get the height and width of the terminal/console in a node.js environment.","version":"0.1.3","homepage":"https://github.com/jonschlinkert/window-size","author":{"name":"Jon Schlinkert","url":"https://github.com/jonschlinkert"},"scripts":{"pretest":"semistandard","test":"tap --coverage test.js"},"repository":{"type":"git","url":"git+https://github.com/jonschlinkert/window-size.git"},"bin":{"window-size":"cli.js"},"bugs":{"url":"https://github.com/jonschlinkert/window-size/issues"},"license":"MIT","files":["index.js","cli.js"],"main":"index.js","engines":{"node":">= 0.10.0"},"keywords":["console","height","resize","size","terminal","tty","width","window"],"devDependencies":{"semistandard":"^7.0.2","tap":"^2.2.1"},"gitHead":"b5fb901f06df8982af9e0c6bdf7680985c455bea","_id":"window-size@0.1.3","_shasum":"62189604c76db51757950eab93d200622ea5c64c","_from":".","_npmVersion":"3.3.6","_nodeVersion":"5.0.0","_npmUser":{"name":"jonschlinkert","email":"github@sellside.com"},"maintainers":[{"name":"jonschlinkert","email":"github@sellside.com"},{"name":"doowb","email":"brian.woodward@gmail.com"}],"dist":{"shasum":"62189604c76db51757950eab93d200622ea5c64c","tarball":"https://registry.npmjs.org/window-size/-/window-size-0.1.3.tgz"},"directories":{}},"0.1.4":{"name":"window-size","description":"Reliable way to to get the height and width of the terminal/console in a node.js environment.","version":"0.1.4","homepage":"https://github.com/jonschlinkert/window-size","author":{"name":"Jon Schlinkert","url":"https://github.com/jonschlinkert"},"repository":{"type":"git","url":"git+https://github.com/jonschlinkert/window-size.git"},"bugs":{"url":"https://github.com/jonschlinkert/window-size/issues"},"license":"MIT","files":["index.js","cli.js"],"main":"index.js","engines":{"node":">= 0.10.0"},"scripts":{"pretest":"semistandard","test":"tap --coverage test.js"},"bin":{"window-size":"cli.js"},"devDependencies":{"semistandard":"^7.0.2","tap":"^2.2.1"},"keywords":["console","height","resize","size","terminal","tty","width","window"],"verb":{"related":{"list":["yargs","lint-deps","base-cli"]}},"gitHead":"619d0da99254adc5c6059c84e3ec2b24564add46","_id":"window-size@0.1.4","_shasum":"f8e1aa1ee5a53ec5bf151ffa09742a6ad7697876","_from":".","_npmVersion":"3.3.6","_nodeVersion":"5.0.0","_npmUser":{"name":"jonschlinkert","email":"github@sellside.com"},"maintainers":[{"name":"jonschlinkert","email":"github@sellside.com"},{"name":"doowb","email":"brian.woodward@gmail.com"}],"dist":{"shasum":"f8e1aa1ee5a53ec5bf151ffa09742a6ad7697876","tarball":"https://registry.npmjs.org/window-size/-/window-size-0.1.4.tgz"},"directories":{}},"0.2.0":{"name":"window-size","description":"Reliable way to to get the height and width of the terminal/console in a node.js environment.","version":"0.2.0","homepage":"https://github.com/jonschlinkert/window-size","author":{"name":"Jon Schlinkert","url":"https://github.com/jonschlinkert"},"repository":{"type":"git","url":"git+https://github.com/jonschlinkert/window-size.git"},"bugs":{"url":"https://github.com/jonschlinkert/window-size/issues"},"license":"MIT","files":["index.js","cli.js"],"main":"index.js","engines":{"node":">= 0.10.0"},"scripts":{"pretest":"semistandard","test":"tap --coverage test.js"},"bin":{"window-size":"cli.js"},"devDependencies":{"semistandard":"^7.0.2","tap":"^2.2.1"},"keywords":["console","height","resize","size","terminal","tty","width","window"],"verb":{"related":{"list":["yargs","lint-deps","base-cli"]}},"gitHead":"538b4406a6f30c9a2c8f84ba38bb34a39775bd2b","_id":"window-size@0.2.0","_shasum":"b4315bb4214a3d7058ebeee892e13fa24d98b075","_from":".","_npmVersion":"3.3.12","_nodeVersion":"5.3.0","_npmUser":{"name":"jonschlinkert","email":"github@sellside.com"},"maintainers":[{"name":"jonschlinkert","email":"github@sellside.com"},{"name":"doowb","email":"brian.woodward@gmail.com"}],"dist":{"shasum":"b4315bb4214a3d7058ebeee892e13fa24d98b075","tarball":"https://registry.npmjs.org/window-size/-/window-size-0.2.0.tgz"},"directories":{}}},"readme":"# window-size [![NPM version](https://badge.fury.io/js/window-size.svg)](http://badge.fury.io/js/window-size)  [![Build Status](https://travis-ci.org/jonschlinkert/window-size.svg)](https://travis-ci.org/jonschlinkert/window-size)\n\n> Reliable way to to get the height and width of the terminal/console in a node.js environment.\n\n## Install\n\nInstall with [npm](https://www.npmjs.com/)\n\n```sh\n$ npm i window-size --save\n```\n\n## Usage\n\n```js\nvar size = require('window-size');\nsize.height; // \"25\" (rows)\nsize.width; // \"80\" (columns)\n```\n\n## Other projects\n\n* [base-cli](https://www.npmjs.com/package/base-cli): Plugin for base-methods that maps built-in methods to CLI args (also supports methods from a… [more](https://www.npmjs.com/package/base-cli) | [homepage](https://github.com/jonschlinkert/base-cli)\n* [lint-deps](https://www.npmjs.com/package/lint-deps): CLI tool that tells you when dependencies are missing from package.json and offers you a… [more](https://www.npmjs.com/package/lint-deps) | [homepage](https://github.com/jonschlinkert/lint-deps)\n* [yargs](https://www.npmjs.com/package/yargs): Light-weight option parsing with an argv hash. No optstrings attached. | [homepage](https://github.com/bcoe/yargs#readme)\n\n## Contributing\n\nPull requests and stars are always welcome. For bugs and feature requests, [please create an issue](https://github.com/jonschlinkert/window-size/issues/new).\n\n## Author\n\n**Jon Schlinkert**\n\n+ [github/jonschlinkert](https://github.com/jonschlinkert)\n+ [twitter/jonschlinkert](http://twitter.com/jonschlinkert)\n\n## License\n\nCopyright © 2014-2015 [Jon Schlinkert](https://github.com/jonschlinkert)\nReleased under the MIT license.\n\n***\n\n_This file was generated by [verb-cli](https://github.com/assemble/verb-cli) on November 15, 2015._","maintainers":[{"name":"jonschlinkert","email":"github@sellside.com"},{"name":"doowb","email":"brian.woodward@gmail.com"}],"time":{"modified":"2016-01-26T23:02:04.787Z","created":"2014-02-15T03:41:48.322Z","0.1.0":"2014-02-15T03:41:48.322Z","0.1.1":"2015-06-07T14:26:37.269Z","0.1.2":"2015-07-03T08:31:59.347Z","0.1.3":"2015-11-15T19:28:15.280Z","0.1.4":"2015-11-15T19:34:44.955Z","0.2.0":"2016-01-26T23:02:04.787Z"},"readmeFilename":"README.md","homepage":"https://github.com/jonschlinkert/window-size","keywords":["console","height","resize","size","terminal","tty","width","window"],"repository":{"type":"git","url":"git+https://github.com/jonschlinkert/window-size.git"},"author":{"name":"Jon Schlinkert","url":"https://github.com/jonschlinkert"},"bugs":{"url":"https://github.com/jonschlinkert/window-size/issues"},"license":"MIT","users":{"icyflame":true,"jonschlinkert":true},"_attachments":{},"_etag":"\"DUTWHLQ7GRH20165UV8WJGSNP\""}