{"_id":"upper-case-first","_rev":"12-1d269fe93de4a5012462d959c774bb13","name":"upper-case-first","description":"Upper case the first character of a string","dist-tags":{"latest":"1.1.2"},"versions":{"0.0.1":{"name":"upper-case-first","version":"0.0.1","description":"Uppercase a string","main":"upper-case-first.js","scripts":{"test":"istanbul cover _mocha -- -R spec"},"repository":{"type":"git","url":"git://github.com/blakeembrey/upper-case-first.git"},"keywords":["cases","first","upper","uppercase","case"],"author":{"name":"Blake Embrey"},"license":"MIT","bugs":{"url":"https://github.com/blakeembrey/upper-case-first/issues"},"homepage":"https://github.com/blakeembrey/upper-case-first","devDependencies":{"istanbul":"^0.2.7","mocha":"^1.18.2"},"_id":"upper-case-first@0.0.1","dist":{"shasum":"d107cff9da775791be790f76b2ce986f1ecd440f","tarball":"https://registry.npmjs.org/upper-case-first/-/upper-case-first-0.0.1.tgz"},"_from":".","_npmVersion":"1.4.6","_npmUser":{"name":"blakeembrey","email":"hello@blakeembrey.com"},"maintainers":[{"name":"blakeembrey","email":"hello@blakeembrey.com"}],"directories":{}},"1.0.0":{"name":"upper-case-first","version":"1.0.0","description":"Uppercase a string","main":"upper-case-first.js","scripts":{"test":"istanbul cover _mocha -- -R spec"},"repository":{"type":"git","url":"git://github.com/blakeembrey/upper-case-first.git"},"keywords":["cases","first","upper","uppercase","case"],"author":{"name":"Blake Embrey","email":"hello@blakeembrey.com","url":"http://blakeembrey.me"},"license":"MIT","bugs":{"url":"https://github.com/blakeembrey/upper-case-first/issues"},"homepage":"https://github.com/blakeembrey/upper-case-first","devDependencies":{"istanbul":"^0.3.0","mocha":"^1.18.2"},"gitHead":"3c7c7b9a843cd4ec41cdfc8a728c5bf525d58720","_id":"upper-case-first@1.0.0","_shasum":"10a7bc9e313f8c575c99bbbc67a9961dfd26f8ea","_from":".","_npmVersion":"1.4.14","_npmUser":{"name":"blakeembrey","email":"hello@blakeembrey.com"},"maintainers":[{"name":"blakeembrey","email":"hello@blakeembrey.com"}],"dist":{"shasum":"10a7bc9e313f8c575c99bbbc67a9961dfd26f8ea","tarball":"https://registry.npmjs.org/upper-case-first/-/upper-case-first-1.0.0.tgz"},"directories":{}},"1.0.1":{"name":"upper-case-first","version":"1.0.1","description":"Uppercase a string","main":"upper-case-first.js","scripts":{"test":"istanbul cover _mocha -- -R spec"},"repository":{"type":"git","url":"git://github.com/blakeembrey/upper-case-first.git"},"keywords":["cases","first","upper","uppercase","case"],"author":{"name":"Blake Embrey","email":"hello@blakeembrey.com","url":"http://blakeembrey.me"},"license":"MIT","bugs":{"url":"https://github.com/blakeembrey/upper-case-first/issues"},"homepage":"https://github.com/blakeembrey/upper-case-first","devDependencies":{"istanbul":"^0.3.0","mocha":"^1.18.2"},"gitHead":"ffebbee9173fe88de145089925c7b182ac1d4b77","_id":"upper-case-first@1.0.1","_shasum":"ec4035117e9eedb22b800f415693b0b38f54f2c5","_from":".","_npmVersion":"1.4.14","_npmUser":{"name":"blakeembrey","email":"hello@blakeembrey.com"},"maintainers":[{"name":"blakeembrey","email":"hello@blakeembrey.com"}],"dist":{"shasum":"ec4035117e9eedb22b800f415693b0b38f54f2c5","tarball":"https://registry.npmjs.org/upper-case-first/-/upper-case-first-1.0.1.tgz"},"directories":{}},"1.1.0":{"name":"upper-case-first","version":"1.1.0","description":"Uppercase a string","main":"upper-case-first.js","files":["upper-case-first.js","LICENSE"],"scripts":{"test":"istanbul cover _mocha -- -R spec"},"repository":{"type":"git","url":"git://github.com/blakeembrey/upper-case-first.git"},"keywords":["cases","first","upper","uppercase","case"],"author":{"name":"Blake Embrey","email":"hello@blakeembrey.com","url":"http://blakeembrey.me"},"license":"MIT","bugs":{"url":"https://github.com/blakeembrey/upper-case-first/issues"},"homepage":"https://github.com/blakeembrey/upper-case-first","devDependencies":{"istanbul":"^0.3.0","mocha":"^1.18.2","pre-commit":"0.0.9"},"dependencies":{"upper-case":"^1.1.1"},"gitHead":"ac1a1fa61d466cae5296ce58e16bdbb90c336e84","_id":"upper-case-first@1.1.0","_shasum":"6d7a59a84e1697917e60a12a273029130569ad86","_from":".","_npmVersion":"2.1.17","_nodeVersion":"0.11.14","_npmUser":{"name":"blakeembrey","email":"hello@blakeembrey.com"},"maintainers":[{"name":"blakeembrey","email":"hello@blakeembrey.com"}],"dist":{"shasum":"6d7a59a84e1697917e60a12a273029130569ad86","tarball":"https://registry.npmjs.org/upper-case-first/-/upper-case-first-1.1.0.tgz"},"directories":{}},"1.1.1":{"name":"upper-case-first","version":"1.1.1","description":"Upper case the first character of a string","main":"upper-case-first.js","files":["upper-case-first.js","LICENSE"],"scripts":{"lint":"standard","test-std":"mocha -- -R spec --bail","test-cov":"istanbul cover node_modules/mocha/bin/_mocha -- -R spec --bail","test":"npm run lint && npm run test-cov"},"repository":{"type":"git","url":"git://github.com/blakeembrey/upper-case-first.git"},"keywords":["cases","first","upper","uppercase","case"],"author":{"name":"Blake Embrey","email":"hello@blakeembrey.com","url":"http://blakeembrey.me"},"license":"MIT","bugs":{"url":"https://github.com/blakeembrey/upper-case-first/issues"},"homepage":"https://github.com/blakeembrey/upper-case-first","devDependencies":{"istanbul":"^0.3.0","mocha":"^2.2.1","pre-commit":"^1.0.6","standard":"^3.3.0"},"dependencies":{"upper-case":"^1.1.1"},"gitHead":"db6fc1054832be62d13a4b61bbe80bde7b808b93","_id":"upper-case-first@1.1.1","_shasum":"7fa7b70da0fb683e081e687e28f33ec3b349c04b","_from":".","_npmVersion":"2.5.1","_nodeVersion":"0.12.0","_npmUser":{"name":"blakeembrey","email":"hello@blakeembrey.com"},"maintainers":[{"name":"blakeembrey","email":"hello@blakeembrey.com"}],"dist":{"shasum":"7fa7b70da0fb683e081e687e28f33ec3b349c04b","tarball":"https://registry.npmjs.org/upper-case-first/-/upper-case-first-1.1.1.tgz"},"directories":{}},"1.1.2":{"name":"upper-case-first","version":"1.1.2","description":"Upper case the first character of a string","main":"upper-case-first.js","typings":"upper-case-first.d.ts","files":["upper-case-first.js","upper-case-first.d.ts","LICENSE"],"scripts":{"lint":"standard","test-std":"mocha -- -R spec --bail","test-cov":"istanbul cover node_modules/mocha/bin/_mocha -- -R spec --bail","test":"npm run lint && npm run test-cov"},"repository":{"type":"git","url":"git://github.com/blakeembrey/upper-case-first.git"},"keywords":["cases","first","upper","uppercase","case"],"author":{"name":"Blake Embrey","email":"hello@blakeembrey.com","url":"http://blakeembrey.me"},"license":"MIT","bugs":{"url":"https://github.com/blakeembrey/upper-case-first/issues"},"homepage":"https://github.com/blakeembrey/upper-case-first","devDependencies":{"istanbul":"^0.3.0","mocha":"^2.2.1","pre-commit":"^1.0.6","standard":"^3.3.0"},"dependencies":{"upper-case":"^1.1.1"},"gitHead":"f7018f69b99ea9ab60fa132a93400b92bbbada68","_id":"upper-case-first@1.1.2","_shasum":"5d79bedcff14419518fd2edb0a0507c9b6859115","_from":".","_npmVersion":"3.3.12","_nodeVersion":"5.2.0","_npmUser":{"name":"blakeembrey","email":"hello@blakeembrey.com"},"dist":{"shasum":"5d79bedcff14419518fd2edb0a0507c9b6859115","tarball":"https://registry.npmjs.org/upper-case-first/-/upper-case-first-1.1.2.tgz"},"maintainers":[{"name":"blakeembrey","email":"hello@blakeembrey.com"}],"directories":{}}},"readme":"# Upper Case First\n\n[![NPM version][npm-image]][npm-url]\n[![NPM downloads][downloads-image]][downloads-url]\n[![Build status][travis-image]][travis-url]\n[![Test coverage][coveralls-image]][coveralls-url]\n\nUpper case the first character of a string.\n\nSupports Unicode (non-ASCII characters) and non-string entities, such as objects with a `toString` property, numbers and booleans. Empty values (`null` and `undefined`) will result in an empty string.\n\n## Installation\n\n```\nnpm install upper-case-first --save\n```\n\n## Usage\n\n```js\nvar upperCaseFirst = require('upper-case-first')\n\nupperCaseFirst(null)     //=> \"\"\nupperCaseFirst('string') //=> \"String\"\n```\n\n## Typings\n\nIncludes a [TypeScript definition](upper-case-first.d.ts).\n\n## License\n\nMIT\n\n[npm-image]: https://img.shields.io/npm/v/upper-case-first.svg?style=flat\n[npm-url]: https://npmjs.org/package/upper-case-first\n[downloads-image]: https://img.shields.io/npm/dm/upper-case-first.svg?style=flat\n[downloads-url]: https://npmjs.org/package/upper-case-first\n[travis-image]: https://img.shields.io/travis/blakeembrey/upper-case-first.svg?style=flat\n[travis-url]: https://travis-ci.org/blakeembrey/upper-case-first\n[coveralls-image]: https://img.shields.io/coveralls/blakeembrey/upper-case-first.svg?style=flat\n[coveralls-url]: https://coveralls.io/r/blakeembrey/upper-case-first?branch=master\n","maintainers":[{"name":"blakeembrey","email":"hello@blakeembrey.com"}],"time":{"modified":"2015-12-16T00:07:54.829Z","created":"2014-04-25T07:57:14.633Z","0.0.1":"2014-04-25T07:57:14.633Z","1.0.0":"2014-08-17T19:21:31.100Z","1.0.1":"2014-08-17T21:23:23.286Z","1.1.0":"2015-01-12T07:58:13.619Z","1.1.1":"2015-03-29T19:06:15.054Z","1.1.2":"2015-12-16T00:07:54.829Z"},"homepage":"https://github.com/blakeembrey/upper-case-first","keywords":["cases","first","upper","uppercase","case"],"repository":{"type":"git","url":"git://github.com/blakeembrey/upper-case-first.git"},"author":{"name":"Blake Embrey","email":"hello@blakeembrey.com","url":"http://blakeembrey.me"},"bugs":{"url":"https://github.com/blakeembrey/upper-case-first/issues"},"license":"MIT","readmeFilename":"README.md","users":{},"_attachments":{},"_etag":"\"12Q1I1S707X23Y9Z1JS70SOB3\""}