{"_id":"uid","_rev":"9-39b58c76eb950648d085fe7e6a79bb49","name":"uid","description":"generate unique ids of variable length","dist-tags":{"latest":"0.0.2"},"versions":{"0.0.1":{"name":"uid","version":"0.0.1","description":"generate unique ids of variable length","main":"yes","scripts":{"test":"echo \"Error: no test specified\" && exit 1"},"repository":{"type":"git","url":"git://github.com/MatthewMueller/uid.git"},"keywords":["unique","id","uid"],"author":{"name":"Matthew Mueller"},"license":"MIT","_id":"uid@0.0.1","dist":{"shasum":"bc1f86c72fb7385d1acc9d71fcf2d811e947c5e9","tarball":"https://registry.npmjs.org/uid/-/uid-0.0.1.tgz"},"_npmVersion":"1.1.65","_npmUser":{"name":"mattmueller","email":"mattmuelle@gmail.com"},"maintainers":[{"name":"mattmueller","email":"mattmuelle@gmail.com"}],"directories":{}},"0.0.2":{"name":"uid","version":"0.0.2","description":"generate unique ids of variable length","main":"yes","repository":{"type":"git","url":"git://github.com/MatthewMueller/uid.git"},"keywords":["unique","id","uid"],"bin":{"uid":"./bin/uid"},"author":{"name":"Matthew Mueller"},"license":"MIT","_id":"uid@0.0.2","dist":{"shasum":"5e4a5d4b78138b4f70f89fd3c76fc59aa9d2f103","tarball":"https://registry.npmjs.org/uid/-/uid-0.0.2.tgz"},"_npmVersion":"1.1.71","_npmUser":{"name":"mattmueller","email":"mattmuelle@gmail.com"},"maintainers":[{"name":"mattmueller","email":"mattmuelle@gmail.com"}],"directories":{}}},"readme":"\n# uid\n\n  generate unique ids of any length\n\n## Installation\n\n### In the browser, using component:\n\n    $ component install matthewmueller/uid\n\n### Using node.js:\n\n    $ npm install uid\n\n## Examples\n\n```js\n uid(10) => \"hbswt489ts\"\n uid() => \"rhvtfnt\" Defaults to 7\n```\n\n## License\n\n  MIT\n","maintainers":[{"name":"mattmueller","email":"mattmuelle@gmail.com"}],"time":{"modified":"2015-02-26T21:45:35.849Z","created":"2012-12-16T17:18:39.172Z","0.0.1":"2012-12-16T17:18:40.512Z","0.0.2":"2013-07-15T23:37:16.597Z"},"author":{"name":"Matthew Mueller"},"repository":{"type":"git","url":"git://github.com/MatthewMueller/uid.git"},"users":{"meggesje":true,"maximilianschmitt":true,"qqcome110":true,"ajk":true},"keywords":["unique","id","uid"],"license":"MIT","readmeFilename":"Readme.md","_attachments":{},"_etag":"\"490QTJXCKRTCZ1Z2PRUKFL89W\""}