{"_id":"stable","_rev":"14-a47e14db0cddb27b168c34ba7a73704d","name":"stable","description":"A stable array sort for JavaScript","dist-tags":{"latest":"0.1.5"},"versions":{"0.1.0":{"name":"stable","version":"0.1.0","description":"A stable array sort for JavaScript","main":"stable.js","devDependencies":{"tap":"0.2","underscore":"1"},"scripts":{"test":"tap test.js"},"author":{"name":"Stéphan Kochen","email":"stephan@angrybytes.com"},"license":"MIT","_id":"stable@0.1.0","dist":{"shasum":"bbe243f2c6ae9ac6834748f5291e4143fa5d7da3","tarball":"https://registry.npmjs.org/stable/-/stable-0.1.0.tgz"},"maintainers":[{"name":"stephank","email":"stephan@kochen.nl"}],"directories":{}},"0.1.1":{"name":"stable","version":"0.1.1","description":"A stable array sort for JavaScript","main":"stable.js","devDependencies":{"tap":"0.2","underscore":"1"},"scripts":{"test":"tap test.js"},"author":{"name":"Stéphan Kochen","email":"stephan@angrybytes.com"},"license":"MIT","_id":"stable@0.1.1","dist":{"shasum":"06b141468f7a30c27b85824a7adf04f0403cea44","tarball":"https://registry.npmjs.org/stable/-/stable-0.1.1.tgz"},"maintainers":[{"name":"stephank","email":"stephan@kochen.nl"}],"directories":{}},"0.1.2":{"name":"stable","version":"0.1.2","description":"A stable array sort for JavaScript","main":"stable.js","devDependencies":{"tap":"0.2","uglify-js":"1"},"scripts":{"test":"tap test.js","minify":"uglifyjs -o stable.min.js stable.js"},"author":{"name":"Stéphan Kochen","email":"stephan@angrybytes.com"},"license":"MIT","_id":"stable@0.1.2","dist":{"shasum":"388bd37cd30d29945252e08767c5ef43e2c24b6b","tarball":"https://registry.npmjs.org/stable/-/stable-0.1.2.tgz"},"maintainers":[{"name":"stephank","email":"stephan@kochen.nl"}],"directories":{}},"0.1.3":{"name":"stable","version":"0.1.3","keywords":["stable","array","sort"],"description":"A stable array sort for JavaScript","repository":{"type":"git","url":"https://github.com/Two-Screen/stable.git"},"main":"stable.js","devDependencies":{"tap":"0.2","uglify-js":"1"},"scripts":{"test":"tap test.js","minify":"uglifyjs -o stable.min.js stable.js"},"author":{"name":"Stéphan Kochen","email":"stephan@angrybytes.com"},"contributors":[{"name":"Domenic Denicola","email":"domenic@domenicdenicola.com"}],"license":"MIT","_id":"stable@0.1.3","dist":{"shasum":"51c0fc5156e26d17fc88054f614434f36c002390","tarball":"https://registry.npmjs.org/stable/-/stable-0.1.3.tgz"},"_npmVersion":"1.1.70","_npmUser":{"name":"stephank","email":"stephan@kochen.nl"},"maintainers":[{"name":"stephank","email":"stephan@kochen.nl"}],"directories":{}},"0.1.4":{"name":"stable","version":"0.1.4","keywords":["stable","array","sort"],"description":"A stable array sort for JavaScript","repository":{"type":"git","url":"https://github.com/Two-Screen/stable.git"},"main":"./stable.js","devDependencies":{"tape":"2","uglify-js":"2"},"scripts":{"test":"node ./test.js","minify":"uglifyjs --comments '/^!/' -c -m -o ./stable.min.js ./stable.js"},"testling":{"files":"./test.js","browsers":["ie6","ie7","ie8","ie9","ie10","firefox/25","chrome/31","safari/6.0","opera/12.0","opera/17.0","iphone/6.0","android-browser/4.2"]},"author":{"name":"Stéphan Kochen","email":"stephan@angrybytes.com"},"contributors":[{"name":"Domenic Denicola","email":"domenic@domenicdenicola.com"}],"license":"MIT","bugs":{"url":"https://github.com/Two-Screen/stable/issues"},"homepage":"https://github.com/Two-Screen/stable","_id":"stable@0.1.4","dist":{"shasum":"5160c76386b91120f6594e72604f3b77e86c4f37","tarball":"https://registry.npmjs.org/stable/-/stable-0.1.4.tgz"},"_from":".","_npmVersion":"1.3.14","_npmUser":{"name":"stephank","email":"stephan@kochen.nl"},"maintainers":[{"name":"stephank","email":"stephan@kochen.nl"}],"directories":{}},"0.1.5":{"name":"stable","version":"0.1.5","keywords":["stable","array","sort"],"description":"A stable array sort for JavaScript","repository":{"type":"git","url":"https://github.com/Two-Screen/stable.git"},"main":"./stable.js","devDependencies":{"tape":"2","uglify-js":"2"},"scripts":{"test":"node ./test.js","minify":"uglifyjs --comments '/^!/' -c -m -o ./stable.min.js ./stable.js"},"testling":{"files":"./test.js","browsers":["ie6","ie7","ie8","ie9","ie10","firefox/25","chrome/31","safari/6.0","opera/12.0","opera/17.0","iphone/6.0","android-browser/4.2"]},"author":{"name":"Angry Bytes","email":"info@angrybytes.com"},"contributors":[{"name":"Stéphan Kochen","email":"stephan@angrybytes.com"},{"name":"Domenic Denicola","email":"domenic@domenicdenicola.com"},{"name":"Yaffle"}],"license":"MIT","bugs":{"url":"https://github.com/Two-Screen/stable/issues"},"homepage":"https://github.com/Two-Screen/stable","_id":"stable@0.1.5","dist":{"shasum":"08232f60c732e9890784b5bed0734f8b32a887b9","tarball":"https://registry.npmjs.org/stable/-/stable-0.1.5.tgz"},"_from":".","_npmVersion":"1.3.26","_npmUser":{"name":"stephank","email":"stephan@kochen.nl"},"maintainers":[{"name":"stephank","email":"stephan@kochen.nl"}],"directories":{}}},"readme":"## Stable\n\nA stable array sort, because `Array#sort()` is not guaranteed stable.\n\nMIT licensed.\n\n[![Node.js CI](https://secure.travis-ci.org/Two-Screen/stable.png)](http://travis-ci.org/Two-Screen/stable)\n\n[![Browser CI](http://ci.testling.com/Two-Screen/stable.png)](http://ci.testling.com/Two-Screen/stable)\n\n#### From the browser\n\nInclude [`stable.js`] or the minified version [`stable.min.js`]\nin your page, then call `stable()`.\n\n [`stable.js`]: https://raw.github.com/Two-Screen/stable/master/stable.js\n [`stable.min.js`]: https://raw.github.com/Two-Screen/stable/master/stable.min.js\n\n#### From Node.js\n\nInstall using NPM:\n\n    npm install stable\n\nRequire in your code:\n\n    var stable = require(\"stable\");\n\n#### Usage\n\nThe default sort is, as with `Array#sort`, lexicographical:\n\n    stable([\"foo\", \"bar\", \"baz\"]);   // => [\"bar\", \"baz\", \"foo\"]\n    stable([10, 1, 5]);              // => [1, 10, 5]\n\nUnlike `Array#sort`, the default sort is **NOT** in-place. To do an in-place\nsort, use `stable.inplace`, which otherwise works the same:\n\n    var arr = [10, 1, 5];\n    stable(arr) === arr;            // => false\n    stable.inplace(arr) === arr;    // => true\n\nA comparator function can be specified:\n\n    // Regular sort() compatible comparator, that returns a number.\n    // This demonstrates the default behavior.\n    function lexCmp(a, b) {\n        return String(a).localeCompare(b);\n    }\n    stable([\"foo\", \"bar\", \"baz\"], lexCmp);   // => [\"bar\", \"baz\", \"foo\"]\n\n    // Boolean comparator. Sorts `b` before `a` if true.\n    // This demonstrates a simple way to sort numerically.\n    function greaterThan(a, b) {\n        return a > b;\n    }\n    stable([10, 1, 5], greaterThan);  // -> [1, 5, 10]\n\n#### License\n\nCopyright (C) 2014 Angry Bytes and contributors.\n\nPermission is hereby granted, free of charge, to any person obtaining a copy of\nthis software and associated documentation files (the \"Software\"), to deal in\nthe Software without restriction, including without limitation the rights to\nuse, copy, modify, merge, publish, distribute, sublicense, and/or sell copies\nof the Software, and to permit persons to whom the Software is furnished to do\nso, subject to the following conditions:\n\nThe above copyright notice and this permission notice shall be included in all\ncopies or substantial portions of the Software.\n\nTHE SOFTWARE IS PROVIDED \"AS IS\", WITHOUT WARRANTY OF ANY KIND, EXPRESS OR\nIMPLIED, INCLUDING BUT NOT LIMITED TO THE WARRANTIES OF MERCHANTABILITY,\nFITNESS FOR A PARTICULAR PURPOSE AND NONINFRINGEMENT. IN NO EVENT SHALL THE\nAUTHORS OR COPYRIGHT HOLDERS BE LIABLE FOR ANY CLAIM, DAMAGES OR OTHER\nLIABILITY, WHETHER IN AN ACTION OF CONTRACT, TORT OR OTHERWISE, ARISING FROM,\nOUT OF OR IN CONNECTION WITH THE SOFTWARE OR THE USE OR OTHER DEALINGS IN THE\nSOFTWARE.\n","maintainers":[{"name":"stephank","email":"stephan@kochen.nl"}],"time":{"modified":"2014-04-07T13:19:26.135Z","created":"2012-07-12T15:35:45.785Z","0.1.0":"2012-07-12T15:35:47.243Z","0.1.1":"2012-07-12T16:31:05.024Z","0.1.2":"2012-07-13T08:41:30.325Z","0.1.3":"2013-01-04T20:24:55.050Z","0.1.4":"2013-11-29T12:13:18.936Z","0.1.5":"2014-04-07T13:19:26.135Z"},"author":{"name":"Angry Bytes","email":"info@angrybytes.com"},"repository":{"type":"git","url":"https://github.com/Two-Screen/stable.git"},"homepage":"https://github.com/Two-Screen/stable","keywords":["stable","array","sort"],"contributors":[{"name":"Stéphan Kochen","email":"stephan@angrybytes.com"},{"name":"Domenic Denicola","email":"domenic@domenicdenicola.com"},{"name":"Yaffle"}],"bugs":{"url":"https://github.com/Two-Screen/stable/issues"},"license":"MIT","readmeFilename":"README.md","users":{"bajtos":true},"_attachments":{},"_etag":"\"AITLN1855CMZJB42B7GAXWJ5\""}