{"_id":"methods","_rev":"31-260398e404b2f979f37cc50d8b34dc43","name":"methods","description":"HTTP methods that node supports","dist-tags":{"latest":"1.1.2"},"versions":{"0.0.1":{"name":"methods","version":"0.0.1","description":"HTTP methods that node supports","main":"index.js","scripts":{"test":"echo \"Error: no test specified\" && exit 1"},"keywords":["http","methods"],"author":{"name":"TJ Holowaychuk"},"license":"MIT","_id":"methods@0.0.1","dist":{"shasum":"277c90f8bef39709645a8371c51c3b6c648e068c","tarball":"https://registry.npmjs.org/methods/-/methods-0.0.1.tgz"},"maintainers":[{"name":"tjholowaychuk","email":"tj@vision-media.ca"}],"directories":{}},"0.1.0":{"name":"methods","version":"0.1.0","description":"HTTP methods that node supports","main":"index.js","scripts":{"test":"echo \"Error: no test specified\" && exit 1"},"keywords":["http","methods"],"author":{"name":"TJ Holowaychuk"},"license":"MIT","repository":{"type":"git","url":"git://github.com/visionmedia/node-methods.git"},"bugs":{"url":"https://github.com/visionmedia/node-methods/issues"},"_id":"methods@0.1.0","dist":{"shasum":"335d429eefd21b7bacf2e9c922a8d2bd14a30e4f","tarball":"https://registry.npmjs.org/methods/-/methods-0.1.0.tgz"},"_from":".","_npmVersion":"1.3.8","_npmUser":{"name":"tjholowaychuk","email":"tj@vision-media.ca"},"maintainers":[{"name":"tjholowaychuk","email":"tj@vision-media.ca"}],"directories":{}},"1.0.0":{"name":"methods","version":"1.0.0","description":"HTTP methods that node supports","main":"index.js","scripts":{"test":"./node_modules/mocha/bin/mocha"},"keywords":["http","methods"],"author":{"name":"TJ Holowaychuk"},"license":"MIT","repository":{"type":"git","url":"git://github.com/visionmedia/node-methods.git"},"devDependencies":{"mocha":"1.17.x"},"bugs":{"url":"https://github.com/visionmedia/node-methods/issues"},"homepage":"https://github.com/visionmedia/node-methods","_id":"methods@1.0.0","dist":{"shasum":"9a73d86375dfcef26ef61ca3e4b8a2e2538a80e3","tarball":"https://registry.npmjs.org/methods/-/methods-1.0.0.tgz"},"_from":".","_npmVersion":"1.4.3","_npmUser":{"name":"tjholowaychuk","email":"tj@vision-media.ca"},"maintainers":[{"name":"tjholowaychuk","email":"tj@vision-media.ca"}],"directories":{}},"1.0.1":{"name":"methods","version":"1.0.1","description":"HTTP methods that node supports","main":"index.js","scripts":{"test":"./node_modules/mocha/bin/mocha"},"keywords":["http","methods"],"author":{"name":"TJ Holowaychuk"},"license":"MIT","repository":{"type":"git","url":"git://github.com/visionmedia/node-methods.git"},"devDependencies":{"mocha":"1.17.x"},"bugs":{"url":"https://github.com/visionmedia/node-methods/issues"},"homepage":"https://github.com/visionmedia/node-methods","_id":"methods@1.0.1","dist":{"shasum":"75bc91943dffd7da037cf3eeb0ed73a0037cd14b","tarball":"https://registry.npmjs.org/methods/-/methods-1.0.1.tgz"},"_from":".","_npmVersion":"1.4.3","_npmUser":{"name":"tjholowaychuk","email":"tj@vision-media.ca"},"maintainers":[{"name":"tjholowaychuk","email":"tj@vision-media.ca"}],"directories":{}},"1.1.0":{"name":"methods","version":"1.1.0","description":"HTTP methods that node supports","main":"index.js","scripts":{"test":"./node_modules/mocha/bin/mocha"},"keywords":["http","methods"],"author":{"name":"TJ Holowaychuk"},"license":"MIT","repository":{"type":"git","url":"git://github.com/visionmedia/node-methods.git"},"devDependencies":{"mocha":"1.17.x"},"gitHead":"2a4dd325d18436c33356e6be19e32e08a7c877ab","bugs":{"url":"https://github.com/visionmedia/node-methods/issues"},"homepage":"https://github.com/visionmedia/node-methods","_id":"methods@1.1.0","_shasum":"5dca4ee12df52ff3b056145986a8f01cbc86436f","_from":".","_npmVersion":"1.4.16","_npmUser":{"name":"jongleberry","email":"jonathanrichardong@gmail.com"},"maintainers":[{"name":"tjholowaychuk","email":"tj@vision-media.ca"},{"name":"jonathanong","email":"jonathanrichardong@gmail.com"},{"name":"jongleberry","email":"jonathanrichardong@gmail.com"}],"dist":{"shasum":"5dca4ee12df52ff3b056145986a8f01cbc86436f","tarball":"https://registry.npmjs.org/methods/-/methods-1.1.0.tgz"},"directories":{}},"1.1.1":{"name":"methods","description":"HTTP methods that node supports","version":"1.1.1","contributors":[{"name":"Douglas Christopher Wilson","email":"doug@somethingdoug.com"},{"name":"Jonathan Ong","email":"me@jongleberry.com","url":"http://jongleberry.com"},{"name":"TJ Holowaychuk","email":"tj@vision-media.ca","url":"http://tjholowaychuk.com"}],"license":"MIT","repository":{"type":"git","url":"https://github.com/jshttp/methods"},"devDependencies":{"istanbul":"0.3","mocha":"1"},"files":["index.js","HISTORY.md","LICENSE"],"engines":{"node":">= 0.6"},"scripts":{"test":"mocha --reporter spec","test-cov":"istanbul cover node_modules/mocha/bin/_mocha -- --reporter dot","test-travis":"istanbul cover node_modules/mocha/bin/_mocha --report lcovonly -- --reporter dot"},"browser":{"http":false},"keywords":["http","methods"],"gitHead":"6293c6b27c5fb963acf67a347af80ad2ebd7247f","bugs":{"url":"https://github.com/jshttp/methods/issues"},"homepage":"https://github.com/jshttp/methods","_id":"methods@1.1.1","_shasum":"17ea6366066d00c58e375b8ec7dfd0453c89822a","_from":".","_npmVersion":"1.4.28","_npmUser":{"name":"dougwilson","email":"doug@somethingdoug.com"},"maintainers":[{"name":"tjholowaychuk","email":"tj@vision-media.ca"},{"name":"jonathanong","email":"jonathanrichardong@gmail.com"},{"name":"jongleberry","email":"jonathanrichardong@gmail.com"},{"name":"dougwilson","email":"doug@somethingdoug.com"}],"dist":{"shasum":"17ea6366066d00c58e375b8ec7dfd0453c89822a","tarball":"https://registry.npmjs.org/methods/-/methods-1.1.1.tgz"},"directories":{}},"1.1.2":{"name":"methods","description":"HTTP methods that node supports","version":"1.1.2","contributors":[{"name":"Douglas Christopher Wilson","email":"doug@somethingdoug.com"},{"name":"Jonathan Ong","email":"me@jongleberry.com","url":"http://jongleberry.com"},{"name":"TJ Holowaychuk","email":"tj@vision-media.ca","url":"http://tjholowaychuk.com"}],"license":"MIT","repository":{"type":"git","url":"https://github.com/jshttp/methods"},"devDependencies":{"istanbul":"0.4.1","mocha":"1.21.5"},"files":["index.js","HISTORY.md","LICENSE"],"engines":{"node":">= 0.6"},"scripts":{"test":"mocha --reporter spec --bail --check-leaks test/","test-cov":"istanbul cover node_modules/mocha/bin/_mocha -- --reporter dot --check-leaks test/","test-travis":"istanbul cover node_modules/mocha/bin/_mocha --report lcovonly -- --reporter spec --check-leaks test/"},"browser":{"http":false},"keywords":["http","methods"],"gitHead":"25d257d913f1b94bd2d73581521ff72c81469140","bugs":{"url":"https://github.com/jshttp/methods/issues"},"homepage":"https://github.com/jshttp/methods","_id":"methods@1.1.2","_shasum":"5529a4d67654134edcc5266656835b0f851afcee","_from":".","_npmVersion":"1.4.28","_npmUser":{"name":"dougwilson","email":"doug@somethingdoug.com"},"maintainers":[{"name":"tjholowaychuk","email":"tj@vision-media.ca"},{"name":"jonathanong","email":"jonathanrichardong@gmail.com"},{"name":"jongleberry","email":"jonathanrichardong@gmail.com"},{"name":"dougwilson","email":"doug@somethingdoug.com"}],"dist":{"shasum":"5529a4d67654134edcc5266656835b0f851afcee","tarball":"https://registry.npmjs.org/methods/-/methods-1.1.2.tgz"},"directories":{}}},"readme":"# Methods\n\n[![NPM Version][npm-image]][npm-url]\n[![NPM Downloads][downloads-image]][downloads-url]\n[![Node.js Version][node-version-image]][node-version-url]\n[![Build Status][travis-image]][travis-url]\n[![Test Coverage][coveralls-image]][coveralls-url]\n\nHTTP verbs that Node.js core's HTTP parser supports.\n\nThis module provides an export that is just like `http.METHODS` from Node.js core,\nwith the following differences:\n\n  * All method names are lower-cased.\n  * Contains a fallback list of methods for Node.js versions that do not have a\n    `http.METHODS` export (0.10 and lower).\n  * Provides the fallback list when using tools like `browserify` without pulling\n    in the `http` shim module.\n\n## Install\n\n```bash\n$ npm install methods\n```\n\n## API\n\n```js\nvar methods = require('methods')\n```\n\n### methods\n\nThis is an array of lower-cased method names that Node.js supports. If Node.js\nprovides the `http.METHODS` export, then this is the same array lower-cased,\notherwise it is a snapshot of the verbs from Node.js 0.10.\n\n## License\n\n[MIT](LICENSE)\n\n[npm-image]: https://img.shields.io/npm/v/methods.svg?style=flat\n[npm-url]: https://npmjs.org/package/methods\n[node-version-image]: https://img.shields.io/node/v/methods.svg?style=flat\n[node-version-url]: https://nodejs.org/en/download/\n[travis-image]: https://img.shields.io/travis/jshttp/methods.svg?style=flat\n[travis-url]: https://travis-ci.org/jshttp/methods\n[coveralls-image]: https://img.shields.io/coveralls/jshttp/methods.svg?style=flat\n[coveralls-url]: https://coveralls.io/r/jshttp/methods?branch=master\n[downloads-image]: https://img.shields.io/npm/dm/methods.svg?style=flat\n[downloads-url]: https://npmjs.org/package/methods\n","maintainers":[{"name":"dougwilson","email":"doug@somethingdoug.com"},{"name":"jonathanong","email":"jonathanrichardong@gmail.com"},{"name":"jongleberry","email":"jonathanrichardong@gmail.com"},{"name":"tjholowaychuk","email":"tj@vision-media.ca"}],"time":{"modified":"2016-02-04T18:33:03.773Z","created":"2012-06-26T18:34:52.941Z","0.0.1":"2012-06-26T18:35:02.616Z","0.1.0":"2013-10-28T19:02:02.097Z","1.0.0":"2014-05-08T19:17:32.955Z","1.0.1":"2014-06-02T14:26:09.655Z","1.1.0":"2014-07-06T02:45:33.027Z","1.1.1":"2014-12-30T23:51:21.181Z","1.1.2":"2016-01-18T02:53:56.364Z"},"users":{"m42am":true,"sosana":true,"zhangyaochun":true,"simplyianm":true,"moimikey":true,"junjiansyu":true,"nketchum":true,"pgilad":true,"nickeltobias":true,"tobiasnickel":true,"monjer":true,"wangnan0610":true},"repository":{"type":"git","url":"https://github.com/jshttp/methods"},"homepage":"https://github.com/jshttp/methods","keywords":["http","methods"],"bugs":{"url":"https://github.com/jshttp/methods/issues"},"license":"MIT","readmeFilename":"README.md","contributors":[{"name":"Douglas Christopher Wilson","email":"doug@somethingdoug.com"},{"name":"Jonathan Ong","email":"me@jongleberry.com","url":"http://jongleberry.com"},{"name":"TJ Holowaychuk","email":"tj@vision-media.ca","url":"http://tjholowaychuk.com"}],"_attachments":{},"_etag":"\"A1PHPSQRGFQ0WGUCHHX8ELIP4\""}