{"_id":"fs-plus","_rev":"95-9f13d9cd31ad9b9046feb757412ed1a6","name":"fs-plus","description":"node's fs with more helpers","dist-tags":{"latest":"2.8.2"},"versions":{"0.1.0":{"name":"fs-plus","version":"0.1.0","description":"node's fs with more helpers","main":"./lib/fs-plus.js","scripts":{"prepublish":"grunt prepublish","test":"grunt test"},"repository":{"type":"git","url":"https://github.com/atom/fs-plus.git"},"bugs":{"url":"https://github.com/atom/fs-plus/issues"},"homepage":"http://atom.github.io/fs-plus","licenses":[{"type":"MIT","url":"http://github.com/atom/fs-plus/raw/master/LICENSE.md"}],"keywords":["fs","filesystem"],"devDependencies":{"jasmine-focused":"~0.15.0","grunt-contrib-coffee":"~0.7.0","grunt-cli":"~0.1.8","grunt":"~0.4.1","grunt-shell":"~0.2.2","grunt-coffeelint":"0.0.6","temp":"~0.6.0"},"dependencies":{"underscore-plus":"~0.2.0","mkdirp":"~0.3.5","rimraf":"~2.2.2","async":"~0.2.9","plist":"~0.4.3"},"_id":"fs-plus@0.1.0","dist":{"shasum":"d8f55c71438f6173b01095bdfcddb0b0615c0d04","tarball":"https://registry.npmjs.org/fs-plus/-/fs-plus-0.1.0.tgz"},"_from":".","_npmVersion":"1.3.2","_npmUser":{"name":"kevinsawicki","email":"kevinsawicki@gmail.com"},"maintainers":[{"name":"kevinsawicki","email":"kevinsawicki@gmail.com"}],"directories":{}},"0.2.0":{"name":"fs-plus","version":"0.2.0","description":"node's fs with more helpers","main":"./lib/fs-plus.js","scripts":{"prepublish":"grunt prepublish","test":"grunt test"},"repository":{"type":"git","url":"https://github.com/atom/fs-plus.git"},"bugs":{"url":"https://github.com/atom/fs-plus/issues"},"homepage":"http://atom.github.io/fs-plus","licenses":[{"type":"MIT","url":"http://github.com/atom/fs-plus/raw/master/LICENSE.md"}],"keywords":["fs","filesystem"],"devDependencies":{"jasmine-focused":"~0.15.0","grunt-contrib-coffee":"~0.7.0","grunt-cli":"~0.1.8","grunt":"~0.4.1","grunt-shell":"~0.2.2","grunt-coffeelint":"0.0.6","temp":"~0.6.0"},"dependencies":{"underscore-plus":"~0.2.0","mkdirp":"~0.3.5","rimraf":"~2.2.2","async":"~0.2.9","plist":"git://github.com/nathansobo/node-plist.git"},"_id":"fs-plus@0.2.0","dist":{"shasum":"aca00f533dc4711ce7bb7ca4b45108174b482183","tarball":"https://registry.npmjs.org/fs-plus/-/fs-plus-0.2.0.tgz"},"_from":".","_npmVersion":"1.3.2","_npmUser":{"name":"kevinsawicki","email":"kevinsawicki@gmail.com"},"maintainers":[{"name":"kevinsawicki","email":"kevinsawicki@gmail.com"}],"directories":{}},"0.3.0":{"name":"fs-plus","version":"0.3.0","description":"node's fs with more helpers","main":"./lib/fs-plus.js","scripts":{"prepublish":"grunt prepublish","test":"grunt test"},"repository":{"type":"git","url":"https://github.com/atom/fs-plus.git"},"bugs":{"url":"https://github.com/atom/fs-plus/issues"},"homepage":"http://atom.github.io/fs-plus","licenses":[{"type":"MIT","url":"http://github.com/atom/fs-plus/raw/master/LICENSE.md"}],"keywords":["fs","filesystem"],"devDependencies":{"jasmine-focused":"~0.15.0","grunt-contrib-coffee":"~0.7.0","grunt-cli":"~0.1.8","grunt":"~0.4.1","grunt-shell":"~0.2.2","grunt-coffeelint":"0.0.6","temp":"~0.6.0"},"dependencies":{"underscore-plus":"~0.2.0","mkdirp":"~0.3.5","rimraf":"~2.2.2","async":"~0.2.9","plist":"git://github.com/nathansobo/node-plist.git"},"_id":"fs-plus@0.3.0","dist":{"shasum":"b4d8207b1d8a008519a6fcfc8bcf4354522d2637","tarball":"https://registry.npmjs.org/fs-plus/-/fs-plus-0.3.0.tgz"},"_from":".","_npmVersion":"1.3.2","_npmUser":{"name":"kevinsawicki","email":"kevinsawicki@gmail.com"},"maintainers":[{"name":"kevinsawicki","email":"kevinsawicki@gmail.com"}],"directories":{}},"0.4.0":{"name":"fs-plus","version":"0.4.0","description":"node's fs with more helpers","main":"./lib/fs-plus.js","scripts":{"prepublish":"grunt prepublish","test":"grunt test"},"repository":{"type":"git","url":"https://github.com/atom/fs-plus.git"},"bugs":{"url":"https://github.com/atom/fs-plus/issues"},"homepage":"http://atom.github.io/fs-plus","licenses":[{"type":"MIT","url":"http://github.com/atom/fs-plus/raw/master/LICENSE.md"}],"keywords":["fs","filesystem"],"devDependencies":{"jasmine-focused":"~0.15.0","grunt-contrib-coffee":"~0.7.0","grunt-cli":"~0.1.8","grunt":"~0.4.1","grunt-shell":"~0.2.2","grunt-coffeelint":"0.0.6","temp":"~0.6.0"},"dependencies":{"underscore-plus":"~0.2.0","mkdirp":"~0.3.5","rimraf":"~2.2.2","async":"~0.2.9","plist":"git://github.com/nathansobo/node-plist.git"},"_id":"fs-plus@0.4.0","dist":{"shasum":"7d4ebd630f91d70c8f45240f5d2bcfc8f35328fe","tarball":"https://registry.npmjs.org/fs-plus/-/fs-plus-0.4.0.tgz"},"_from":".","_npmVersion":"1.3.2","_npmUser":{"name":"kevinsawicki","email":"kevinsawicki@gmail.com"},"maintainers":[{"name":"kevinsawicki","email":"kevinsawicki@gmail.com"}],"directories":{}},"0.5.0":{"name":"fs-plus","version":"0.5.0","description":"node's fs with more helpers","main":"./lib/fs-plus.js","scripts":{"prepublish":"grunt prepublish","test":"grunt test"},"repository":{"type":"git","url":"https://github.com/atom/fs-plus.git"},"bugs":{"url":"https://github.com/atom/fs-plus/issues"},"homepage":"http://atom.github.io/fs-plus","licenses":[{"type":"MIT","url":"http://github.com/atom/fs-plus/raw/master/LICENSE.md"}],"keywords":["fs","filesystem"],"devDependencies":{"jasmine-focused":"~0.15.0","grunt-contrib-coffee":"~0.7.0","grunt-cli":"~0.1.8","grunt":"~0.4.1","grunt-shell":"~0.2.2","grunt-coffeelint":"0.0.6","temp":"~0.6.0"},"dependencies":{"underscore-plus":"~0.2.0","mkdirp":"~0.3.5","rimraf":"~2.2.2","async":"~0.2.9","plist":"git://github.com/nathansobo/node-plist.git"},"_id":"fs-plus@0.5.0","dist":{"shasum":"adcfe563fea70ad22da235e0dc8b199cca94b298","tarball":"https://registry.npmjs.org/fs-plus/-/fs-plus-0.5.0.tgz"},"_from":".","_npmVersion":"1.3.2","_npmUser":{"name":"kevinsawicki","email":"kevinsawicki@gmail.com"},"maintainers":[{"name":"kevinsawicki","email":"kevinsawicki@gmail.com"}],"directories":{}},"0.6.0":{"name":"fs-plus","version":"0.6.0","description":"node's fs with more helpers","main":"./lib/fs-plus.js","scripts":{"prepublish":"grunt prepublish","test":"grunt test"},"repository":{"type":"git","url":"https://github.com/atom/fs-plus.git"},"bugs":{"url":"https://github.com/atom/fs-plus/issues"},"homepage":"http://atom.github.io/fs-plus","licenses":[{"type":"MIT","url":"http://github.com/atom/fs-plus/raw/master/LICENSE.md"}],"keywords":["fs","filesystem"],"devDependencies":{"jasmine-focused":"~0.15.0","grunt-contrib-coffee":"~0.7.0","grunt-cli":"~0.1.8","grunt":"~0.4.1","grunt-shell":"~0.2.2","grunt-coffeelint":"0.0.6","temp":"~0.6.0"},"dependencies":{"underscore-plus":"~0.2.0","mkdirp":"~0.3.5","rimraf":"~2.2.2","async":"~0.2.9","plist":"git://github.com/nathansobo/node-plist.git"},"_id":"fs-plus@0.6.0","dist":{"shasum":"56052304b577bb696487550952aa0737d0299c78","tarball":"https://registry.npmjs.org/fs-plus/-/fs-plus-0.6.0.tgz"},"_from":".","_npmVersion":"1.3.2","_npmUser":{"name":"kevinsawicki","email":"kevinsawicki@gmail.com"},"maintainers":[{"name":"kevinsawicki","email":"kevinsawicki@gmail.com"}],"directories":{}},"0.7.0":{"name":"fs-plus","version":"0.7.0","description":"node's fs with more helpers","main":"./lib/fs-plus.js","scripts":{"prepublish":"grunt prepublish","test":"grunt test"},"repository":{"type":"git","url":"https://github.com/atom/fs-plus.git"},"bugs":{"url":"https://github.com/atom/fs-plus/issues"},"homepage":"http://atom.github.io/fs-plus","licenses":[{"type":"MIT","url":"http://github.com/atom/fs-plus/raw/master/LICENSE.md"}],"keywords":["fs","filesystem"],"devDependencies":{"jasmine-focused":"~0.15.0","grunt-contrib-coffee":"~0.7.0","grunt-cli":"~0.1.8","grunt":"~0.4.1","grunt-shell":"~0.2.2","grunt-coffeelint":"0.0.6","temp":"~0.6.0"},"dependencies":{"underscore-plus":"~0.2.0","mkdirp":"~0.3.5","rimraf":"~2.2.2","async":"~0.2.9","plist":"git://github.com/nathansobo/node-plist.git","season":"~0.14.0"},"_id":"fs-plus@0.7.0","dist":{"shasum":"0906057090a94c5c4b48ca281a116ab1148b42ba","tarball":"https://registry.npmjs.org/fs-plus/-/fs-plus-0.7.0.tgz"},"_from":".","_npmVersion":"1.3.2","_npmUser":{"name":"kevinsawicki","email":"kevinsawicki@gmail.com"},"maintainers":[{"name":"kevinsawicki","email":"kevinsawicki@gmail.com"}],"directories":{}},"0.9.0":{"name":"fs-plus","version":"0.9.0","description":"node's fs with more helpers","main":"./lib/fs-plus.js","scripts":{"prepublish":"grunt prepublish","test":"grunt test"},"repository":{"type":"git","url":"https://github.com/atom/fs-plus.git"},"bugs":{"url":"https://github.com/atom/fs-plus/issues"},"homepage":"http://atom.github.io/fs-plus","licenses":[{"type":"MIT","url":"http://github.com/atom/fs-plus/raw/master/LICENSE.md"}],"keywords":["fs","filesystem"],"devDependencies":{"jasmine-focused":"~0.15.0","grunt-contrib-coffee":"~0.7.0","grunt-cli":"~0.1.8","grunt":"~0.4.1","grunt-shell":"~0.2.2","grunt-coffeelint":"0.0.6","temp":"~0.6.0"},"dependencies":{"underscore-plus":"~0.2.0","mkdirp":"~0.3.5","rimraf":"~2.2.2","async":"~0.2.9","plist":"git://github.com/nathansobo/node-plist.git","season":"~0.14.0"},"_id":"fs-plus@0.9.0","dist":{"shasum":"cd8ffac9290c55c782dc2a58f36f0e67e01860f6","tarball":"https://registry.npmjs.org/fs-plus/-/fs-plus-0.9.0.tgz"},"_from":".","_npmVersion":"1.3.2","_npmUser":{"name":"kevinsawicki","email":"kevinsawicki@gmail.com"},"maintainers":[{"name":"kevinsawicki","email":"kevinsawicki@gmail.com"}],"directories":{}},"0.10.0":{"name":"fs-plus","version":"0.10.0","description":"node's fs with more helpers","main":"./lib/fs-plus.js","scripts":{"prepublish":"grunt prepublish","test":"grunt test"},"repository":{"type":"git","url":"https://github.com/atom/fs-plus.git"},"bugs":{"url":"https://github.com/atom/fs-plus/issues"},"homepage":"http://atom.github.io/fs-plus","licenses":[{"type":"MIT","url":"http://github.com/atom/fs-plus/raw/master/LICENSE.md"}],"keywords":["fs","filesystem"],"devDependencies":{"jasmine-focused":"~0.15.0","grunt-contrib-coffee":"~0.7.0","grunt-cli":"~0.1.8","grunt":"~0.4.1","grunt-shell":"~0.2.2","grunt-coffeelint":"0.0.6","temp":"~0.6.0"},"dependencies":{"underscore-plus":"~0.3.0","mkdirp":"~0.3.5","rimraf":"~2.2.2","async":"~0.2.9","plist":"git://github.com/nathansobo/node-plist.git","season":"~0.14.0"},"_id":"fs-plus@0.10.0","dist":{"shasum":"368d59d2161e89b4223b2fdd5f643d47d9caf01e","tarball":"https://registry.npmjs.org/fs-plus/-/fs-plus-0.10.0.tgz"},"_from":".","_npmVersion":"1.3.2","_npmUser":{"name":"kevinsawicki","email":"kevinsawicki@gmail.com"},"maintainers":[{"name":"kevinsawicki","email":"kevinsawicki@gmail.com"},{"name":"mcolyer","email":"matt@colyer.name"}],"directories":{}},"0.11.0":{"name":"fs-plus","version":"0.11.0","description":"node's fs with more helpers","main":"./lib/fs-plus.js","scripts":{"prepublish":"grunt prepublish","test":"grunt test"},"repository":{"type":"git","url":"https://github.com/atom/fs-plus.git"},"bugs":{"url":"https://github.com/atom/fs-plus/issues"},"homepage":"http://atom.github.io/fs-plus","licenses":[{"type":"MIT","url":"http://github.com/atom/fs-plus/raw/master/LICENSE.md"}],"keywords":["fs","filesystem"],"devDependencies":{"jasmine-focused":"~0.15.0","grunt-contrib-coffee":"~0.7.0","grunt-cli":"~0.1.8","grunt":"~0.4.1","grunt-shell":"~0.2.2","grunt-coffeelint":"0.0.6","temp":"~0.6.0"},"dependencies":{"underscore-plus":"~0.5.0","mkdirp":"~0.3.5","rimraf":"~2.2.2","async":"~0.2.9","plist":"git://github.com/nathansobo/node-plist.git","season":"~0.14.0"},"_id":"fs-plus@0.11.0","dist":{"shasum":"df90ba6998d4f7539691829fe6c482d82dc86b03","tarball":"https://registry.npmjs.org/fs-plus/-/fs-plus-0.11.0.tgz"},"_from":".","_npmVersion":"1.3.2","_npmUser":{"name":"kevinsawicki","email":"kevinsawicki@gmail.com"},"maintainers":[{"name":"kevinsawicki","email":"kevinsawicki@gmail.com"},{"name":"mcolyer","email":"matt@colyer.name"}],"directories":{}},"0.12.0":{"name":"fs-plus","version":"0.12.0","description":"node's fs with more helpers","main":"./lib/fs-plus.js","scripts":{"prepublish":"grunt prepublish","test":"grunt test"},"repository":{"type":"git","url":"https://github.com/atom/fs-plus.git"},"bugs":{"url":"https://github.com/atom/fs-plus/issues"},"homepage":"http://atom.github.io/fs-plus","licenses":[{"type":"MIT","url":"http://github.com/atom/fs-plus/raw/master/LICENSE.md"}],"keywords":["fs","filesystem"],"devDependencies":{"jasmine-focused":"~0.15.0","grunt-contrib-coffee":"~0.7.0","grunt-cli":"~0.1.8","grunt":"~0.4.1","grunt-shell":"~0.2.2","grunt-coffeelint":"0.0.6","temp":"~0.6.0"},"dependencies":{"underscore-plus":"~0.5.0","mkdirp":"~0.3.5","rimraf":"~2.2.2","async":"~0.2.9","plist":"git://github.com/nathansobo/node-plist.git","season":"~0.14.0"},"_id":"fs-plus@0.12.0","dist":{"shasum":"bc967f9b339305172599895e9b30361004d7a5f6","tarball":"https://registry.npmjs.org/fs-plus/-/fs-plus-0.12.0.tgz"},"_from":".","_npmVersion":"1.3.2","_npmUser":{"name":"kevinsawicki","email":"kevinsawicki@gmail.com"},"maintainers":[{"name":"kevinsawicki","email":"kevinsawicki@gmail.com"},{"name":"mcolyer","email":"matt@colyer.name"}],"directories":{}},"0.13.0":{"name":"fs-plus","version":"0.13.0","description":"node's fs with more helpers","main":"./lib/fs-plus.js","scripts":{"prepublish":"grunt prepublish","test":"grunt test"},"repository":{"type":"git","url":"https://github.com/atom/fs-plus.git"},"bugs":{"url":"https://github.com/atom/fs-plus/issues"},"homepage":"http://atom.github.io/fs-plus","licenses":[{"type":"MIT","url":"http://github.com/atom/fs-plus/raw/master/LICENSE.md"}],"keywords":["fs","filesystem"],"devDependencies":{"jasmine-focused":"~0.15.0","grunt-contrib-coffee":"~0.7.0","grunt-cli":"~0.1.8","grunt":"~0.4.1","grunt-shell":"~0.2.2","grunt-coffeelint":"0.0.6","temp":"~0.6.0"},"dependencies":{"underscore-plus":"~0.6.0","mkdirp":"~0.3.5","rimraf":"~2.2.2","async":"~0.2.9","plist":"git://github.com/nathansobo/node-plist.git","season":"~0.14.0"},"_id":"fs-plus@0.13.0","dist":{"shasum":"dbba27b0bb82485514e2294c209b3eb443d36ea3","tarball":"https://registry.npmjs.org/fs-plus/-/fs-plus-0.13.0.tgz"},"_from":".","_npmVersion":"1.3.11","_npmUser":{"name":"mcolyer","email":"matt@colyer.name"},"maintainers":[{"name":"kevinsawicki","email":"kevinsawicki@gmail.com"},{"name":"mcolyer","email":"matt@colyer.name"}],"directories":{}},"0.14.0":{"name":"fs-plus","version":"0.14.0","description":"node's fs with more helpers","main":"./lib/fs-plus.js","scripts":{"prepublish":"grunt prepublish","test":"grunt test"},"repository":{"type":"git","url":"https://github.com/atom/fs-plus.git"},"bugs":{"url":"https://github.com/atom/fs-plus/issues"},"homepage":"http://atom.github.io/fs-plus","licenses":[{"type":"MIT","url":"http://github.com/atom/fs-plus/raw/master/LICENSE.md"}],"keywords":["fs","filesystem"],"devDependencies":{"jasmine-focused":"~0.15.0","grunt-contrib-coffee":"~0.7.0","grunt-cli":"~0.1.8","grunt":"~0.4.1","grunt-shell":"~0.2.2","grunt-coffeelint":"0.0.6","temp":"~0.6.0"},"dependencies":{"underscore-plus":"~0.6.0","mkdirp":"~0.3.5","rimraf":"~2.2.2","async":"~0.2.9","plist":"git://github.com/nathansobo/node-plist.git","season":"~0.14.0"},"_id":"fs-plus@0.14.0","dist":{"shasum":"0f38ad6caf09d8776635d0d4c3696b2a242778c4","tarball":"https://registry.npmjs.org/fs-plus/-/fs-plus-0.14.0.tgz"},"_from":".","_npmVersion":"1.3.2","_npmUser":{"name":"kevinsawicki","email":"kevinsawicki@gmail.com"},"maintainers":[{"name":"kevinsawicki","email":"kevinsawicki@gmail.com"},{"name":"mcolyer","email":"matt@colyer.name"}],"directories":{}},"1.0.0":{"name":"fs-plus","version":"1.0.0","description":"node's fs with more helpers","main":"./lib/fs-plus.js","scripts":{"prepublish":"grunt prepublish","test":"grunt test"},"repository":{"type":"git","url":"https://github.com/atom/fs-plus.git"},"bugs":{"url":"https://github.com/atom/fs-plus/issues"},"homepage":"http://atom.github.io/fs-plus","licenses":[{"type":"MIT","url":"http://github.com/atom/fs-plus/raw/master/LICENSE.md"}],"keywords":["fs","filesystem"],"devDependencies":{"jasmine-focused":"~0.19.0","grunt-contrib-coffee":"~0.7.0","grunt-cli":"~0.1.8","grunt":"~0.4.1","grunt-shell":"~0.2.2","grunt-coffeelint":"0.0.6","temp":"~0.6.0"},"dependencies":{"underscore-plus":"1.x","mkdirp":"~0.3.5","rimraf":"~2.2.2","async":"~0.2.9","season":"~0.14.0"},"_id":"fs-plus@1.0.0","dist":{"shasum":"864ced3286e0c1c3bce2e44073847dab2ff78f68","tarball":"https://registry.npmjs.org/fs-plus/-/fs-plus-1.0.0.tgz"},"_from":".","_npmVersion":"1.3.2","_npmUser":{"name":"kevinsawicki","email":"kevinsawicki@gmail.com"},"maintainers":[{"name":"kevinsawicki","email":"kevinsawicki@gmail.com"},{"name":"mcolyer","email":"matt@colyer.name"}],"directories":{}},"1.0.1":{"name":"fs-plus","version":"1.0.1","description":"node's fs with more helpers","main":"./lib/fs-plus.js","scripts":{"prepublish":"grunt prepublish","test":"grunt test"},"repository":{"type":"git","url":"https://github.com/atom/fs-plus.git"},"bugs":{"url":"https://github.com/atom/fs-plus/issues"},"homepage":"http://atom.github.io/fs-plus","licenses":[{"type":"MIT","url":"http://github.com/atom/fs-plus/raw/master/LICENSE.md"}],"keywords":["fs","filesystem"],"devDependencies":{"jasmine-focused":"~0.19.0","grunt-contrib-coffee":"~0.7.0","grunt-cli":"~0.1.8","grunt":"~0.4.1","grunt-shell":"~0.2.2","grunt-coffeelint":"0.0.6","temp":"~0.6.0"},"dependencies":{"underscore-plus":"1.x","mkdirp":"~0.3.5","rimraf":"~2.2.2","async":"~0.2.9","season":"~0.14.0"},"_id":"fs-plus@1.0.1","dist":{"shasum":"88c9ab8e4f5334aa5936a05f16b9d55b2bfac83d","tarball":"https://registry.npmjs.org/fs-plus/-/fs-plus-1.0.1.tgz"},"_from":".","_npmVersion":"1.3.2","_npmUser":{"name":"kevinsawicki","email":"kevinsawicki@gmail.com"},"maintainers":[{"name":"kevinsawicki","email":"kevinsawicki@gmail.com"},{"name":"mcolyer","email":"matt@colyer.name"}],"directories":{}},"2.0.0":{"name":"fs-plus","version":"2.0.0","description":"node's fs with more helpers","main":"./lib/fs-plus.js","scripts":{"prepublish":"grunt prepublish","test":"grunt test"},"repository":{"type":"git","url":"https://github.com/atom/fs-plus.git"},"bugs":{"url":"https://github.com/atom/fs-plus/issues"},"homepage":"http://atom.github.io/fs-plus","licenses":[{"type":"MIT","url":"http://github.com/atom/fs-plus/raw/master/LICENSE.md"}],"keywords":["fs","filesystem"],"devDependencies":{"jasmine-focused":"~0.19.0","grunt-contrib-coffee":"~0.7.0","grunt-cli":"~0.1.8","grunt":"~0.4.1","grunt-shell":"~0.2.2","grunt-coffeelint":"0.0.6","temp":"~0.6.0"},"dependencies":{"underscore-plus":"1.x","mkdirp":"~0.3.5","rimraf":"~2.2.2","async":"~0.2.9","season":"~0.14.0"},"_id":"fs-plus@2.0.0","dist":{"shasum":"8b2a094aa5eb00deb6b5cc0ef11b0f80d607f1b5","tarball":"https://registry.npmjs.org/fs-plus/-/fs-plus-2.0.0.tgz"},"_from":".","_npmVersion":"1.3.11","_npmUser":{"name":"kevinsawicki","email":"kevinsawicki@gmail.com"},"maintainers":[{"name":"kevinsawicki","email":"kevinsawicki@gmail.com"},{"name":"mcolyer","email":"matt@colyer.name"}],"directories":{}},"2.0.1":{"name":"fs-plus","version":"2.0.1","description":"node's fs with more helpers","main":"./lib/fs-plus.js","scripts":{"prepublish":"grunt prepublish","test":"grunt test"},"repository":{"type":"git","url":"https://github.com/atom/fs-plus.git"},"bugs":{"url":"https://github.com/atom/fs-plus/issues"},"homepage":"http://atom.github.io/fs-plus","licenses":[{"type":"MIT","url":"http://github.com/atom/fs-plus/raw/master/LICENSE.md"}],"keywords":["fs","filesystem"],"devDependencies":{"jasmine-focused":"~0.19.0","grunt-contrib-coffee":"~0.7.0","grunt-cli":"~0.1.8","grunt":"~0.4.1","grunt-shell":"~0.2.2","grunt-coffeelint":"0.0.6","temp":"~0.6.0"},"dependencies":{"underscore-plus":"1.x","mkdirp":"~0.3.5","rimraf":"~2.2.2","async":"~0.2.9"},"_id":"fs-plus@2.0.1","dist":{"shasum":"6cfb306c4f181e116745bc42c3389a95bd06b701","tarball":"https://registry.npmjs.org/fs-plus/-/fs-plus-2.0.1.tgz"},"_from":".","_npmVersion":"1.3.11","_npmUser":{"name":"kevinsawicki","email":"kevinsawicki@gmail.com"},"maintainers":[{"name":"kevinsawicki","email":"kevinsawicki@gmail.com"},{"name":"mcolyer","email":"matt@colyer.name"}],"directories":{}},"2.0.2":{"name":"fs-plus","version":"2.0.2","description":"node's fs with more helpers","main":"./lib/fs-plus.js","scripts":{"prepublish":"grunt prepublish","test":"grunt test"},"repository":{"type":"git","url":"https://github.com/atom/fs-plus.git"},"bugs":{"url":"https://github.com/atom/fs-plus/issues"},"homepage":"http://atom.github.io/fs-plus","licenses":[{"type":"MIT","url":"http://github.com/atom/fs-plus/raw/master/LICENSE.md"}],"keywords":["fs","filesystem"],"devDependencies":{"jasmine-focused":"1.x","grunt-contrib-coffee":"~0.9.0","grunt-cli":"~0.1.8","grunt":"~0.4.1","grunt-shell":"~0.2.2","grunt-coffeelint":"0.0.6","temp":"~0.6.0"},"dependencies":{"underscore-plus":"1.x","mkdirp":"~0.3.5","rimraf":"~2.2.2","async":"~0.2.9"},"_id":"fs-plus@2.0.2","dist":{"shasum":"29b6160577fc17c7e38c72fefe80f04f300b5d73","tarball":"https://registry.npmjs.org/fs-plus/-/fs-plus-2.0.2.tgz"},"_from":".","_npmVersion":"1.4.4","_npmUser":{"name":"kevinsawicki","email":"kevinsawicki@gmail.com"},"maintainers":[{"name":"kevinsawicki","email":"kevinsawicki@gmail.com"},{"name":"mcolyer","email":"matt@colyer.name"}],"directories":{}},"2.0.3":{"name":"fs-plus","version":"2.0.3","description":"node's fs with more helpers","main":"./lib/fs-plus.js","scripts":{"prepublish":"grunt prepublish","test":"grunt test"},"repository":{"type":"git","url":"https://github.com/atom/fs-plus.git"},"bugs":{"url":"https://github.com/atom/fs-plus/issues"},"homepage":"http://atom.github.io/fs-plus","licenses":[{"type":"MIT","url":"http://github.com/atom/fs-plus/raw/master/LICENSE.md"}],"keywords":["fs","filesystem"],"devDependencies":{"jasmine-focused":"1.x","grunt-contrib-coffee":"~0.9.0","grunt-cli":"~0.1.8","grunt":"~0.4.1","grunt-shell":"~0.2.2","grunt-coffeelint":"0.0.6","temp":"~0.6.0"},"dependencies":{"underscore-plus":"1.x","mkdirp":"~0.3.5","rimraf":"~2.2.2","async":"~0.2.9"},"_id":"fs-plus@2.0.3","dist":{"shasum":"594d062614ddf34f6b7a230f2da7706ca2dceefb","tarball":"https://registry.npmjs.org/fs-plus/-/fs-plus-2.0.3.tgz"},"_from":".","_npmVersion":"1.4.4","_npmUser":{"name":"nathansobo","email":"nathansobo@gmail.com"},"maintainers":[{"name":"kevinsawicki","email":"kevinsawicki@gmail.com"},{"name":"mcolyer","email":"matt@colyer.name"},{"name":"nathansobo","email":"nathansobo@gmail.com"}],"directories":{}},"2.0.4":{"name":"fs-plus","version":"2.0.4","description":"node's fs with more helpers","main":"./lib/fs-plus.js","scripts":{"prepublish":"grunt prepublish","test":"grunt test"},"repository":{"type":"git","url":"https://github.com/atom/fs-plus.git"},"bugs":{"url":"https://github.com/atom/fs-plus/issues"},"homepage":"http://atom.github.io/fs-plus","licenses":[{"type":"MIT","url":"http://github.com/atom/fs-plus/raw/master/LICENSE.md"}],"keywords":["fs","filesystem"],"devDependencies":{"jasmine-focused":"1.x","grunt-contrib-coffee":"~0.9.0","grunt-cli":"~0.1.8","grunt":"~0.4.1","grunt-shell":"~0.2.2","grunt-coffeelint":"0.0.6","temp":"~0.6.0"},"dependencies":{"underscore-plus":"1.x","mkdirp":"~0.3.5","rimraf":"~2.2.2","async":"~0.2.9"},"_id":"fs-plus@2.0.4","dist":{"shasum":"321f78e3b754e3f634e3221789d8aa6e94610ddf","tarball":"https://registry.npmjs.org/fs-plus/-/fs-plus-2.0.4.tgz"},"_from":".","_npmVersion":"1.4.4","_npmUser":{"name":"kevinsawicki","email":"kevinsawicki@gmail.com"},"maintainers":[{"name":"kevinsawicki","email":"kevinsawicki@gmail.com"},{"name":"mcolyer","email":"matt@colyer.name"},{"name":"nathansobo","email":"nathansobo@gmail.com"}],"directories":{}},"2.1.0":{"name":"fs-plus","version":"2.1.0","description":"node's fs with more helpers","main":"./lib/fs-plus.js","scripts":{"prepublish":"grunt prepublish","test":"grunt test"},"repository":{"type":"git","url":"https://github.com/atom/fs-plus.git"},"bugs":{"url":"https://github.com/atom/fs-plus/issues"},"homepage":"http://atom.github.io/fs-plus","licenses":[{"type":"MIT","url":"http://github.com/atom/fs-plus/raw/master/LICENSE.md"}],"keywords":["fs","filesystem"],"devDependencies":{"jasmine-focused":"1.x","grunt-contrib-coffee":"~0.9.0","grunt-cli":"~0.1.8","grunt":"~0.4.1","grunt-shell":"~0.2.2","grunt-coffeelint":"0.0.6","temp":"~0.6.0"},"dependencies":{"underscore-plus":"1.x","mkdirp":"~0.3.5","rimraf":"~2.2.2","async":"~0.2.9"},"_id":"fs-plus@2.1.0","dist":{"shasum":"5e8d62e060e723dfb1fc09cd62dc6e186457504b","tarball":"https://registry.npmjs.org/fs-plus/-/fs-plus-2.1.0.tgz"},"_from":".","_npmVersion":"1.4.4","_npmUser":{"name":"kevinsawicki","email":"kevinsawicki@gmail.com"},"maintainers":[{"name":"kevinsawicki","email":"kevinsawicki@gmail.com"},{"name":"mcolyer","email":"matt@colyer.name"},{"name":"nathansobo","email":"nathansobo@gmail.com"}],"directories":{}},"2.2.0":{"name":"fs-plus","version":"2.2.0","description":"node's fs with more helpers","main":"./lib/fs-plus.js","scripts":{"prepublish":"grunt prepublish","test":"grunt test"},"repository":{"type":"git","url":"https://github.com/atom/fs-plus.git"},"bugs":{"url":"https://github.com/atom/fs-plus/issues"},"homepage":"http://atom.github.io/fs-plus","licenses":[{"type":"MIT","url":"http://github.com/atom/fs-plus/raw/master/LICENSE.md"}],"keywords":["fs","filesystem"],"devDependencies":{"jasmine-focused":"1.x","grunt-contrib-coffee":"~0.9.0","grunt-cli":"~0.1.8","grunt":"~0.4.1","grunt-shell":"~0.2.2","grunt-coffeelint":"0.0.6","temp":"~0.6.0"},"dependencies":{"underscore-plus":"1.x","mkdirp":"~0.3.5","rimraf":"~2.2.2","async":"~0.2.9"},"_id":"fs-plus@2.2.0","dist":{"shasum":"0703e4eb72983b0d0cf975b533c5623c8f1a0aea","tarball":"https://registry.npmjs.org/fs-plus/-/fs-plus-2.2.0.tgz"},"_from":".","_npmVersion":"1.4.4","_npmUser":{"name":"kevinsawicki","email":"kevinsawicki@gmail.com"},"maintainers":[{"name":"kevinsawicki","email":"kevinsawicki@gmail.com"},{"name":"mcolyer","email":"matt@colyer.name"},{"name":"nathansobo","email":"nathansobo@gmail.com"}],"directories":{}},"2.2.1":{"name":"fs-plus","version":"2.2.1","description":"node's fs with more helpers","main":"./lib/fs-plus.js","scripts":{"prepublish":"grunt prepublish","test":"grunt test"},"repository":{"type":"git","url":"https://github.com/atom/fs-plus.git"},"bugs":{"url":"https://github.com/atom/fs-plus/issues"},"homepage":"http://atom.github.io/fs-plus","licenses":[{"type":"MIT","url":"http://github.com/atom/fs-plus/raw/master/LICENSE.md"}],"keywords":["fs","filesystem"],"devDependencies":{"jasmine-focused":"1.x","grunt-contrib-coffee":"~0.9.0","grunt-cli":"~0.1.8","grunt":"~0.4.1","grunt-shell":"~0.2.2","grunt-coffeelint":"0.0.6","temp":"~0.6.0"},"dependencies":{"underscore-plus":"1.x","mkdirp":"~0.3.5","rimraf":"~2.2.2","async":"~0.2.9"},"_id":"fs-plus@2.2.1","dist":{"shasum":"1fc0621d4b8736909f0c95e5e9b1a592caf06f68","tarball":"https://registry.npmjs.org/fs-plus/-/fs-plus-2.2.1.tgz"},"_from":".","_npmVersion":"1.4.4","_npmUser":{"name":"kevinsawicki","email":"kevinsawicki@gmail.com"},"maintainers":[{"name":"kevinsawicki","email":"kevinsawicki@gmail.com"},{"name":"mcolyer","email":"matt@colyer.name"},{"name":"nathansobo","email":"nathansobo@gmail.com"}],"directories":{}},"2.2.2":{"name":"fs-plus","version":"2.2.2","description":"node's fs with more helpers","main":"./lib/fs-plus.js","scripts":{"prepublish":"grunt prepublish","test":"grunt test"},"repository":{"type":"git","url":"https://github.com/atom/fs-plus.git"},"bugs":{"url":"https://github.com/atom/fs-plus/issues"},"homepage":"http://atom.github.io/fs-plus","licenses":[{"type":"MIT","url":"http://github.com/atom/fs-plus/raw/master/LICENSE.md"}],"keywords":["fs","filesystem"],"devDependencies":{"jasmine-focused":"1.x","grunt-contrib-coffee":"~0.9.0","grunt-cli":"~0.1.8","grunt":"~0.4.1","grunt-shell":"~0.2.2","grunt-coffeelint":"0.0.6","temp":"~0.6.0"},"dependencies":{"underscore-plus":"1.x","mkdirp":"~0.3.5","rimraf":"~2.2.2","async":"~0.2.9"},"_id":"fs-plus@2.2.2","dist":{"shasum":"501b1aa1beede2acae4c162ea8597994c7dcd194","tarball":"https://registry.npmjs.org/fs-plus/-/fs-plus-2.2.2.tgz"},"_from":".","_npmVersion":"1.4.4","_npmUser":{"name":"kevinsawicki","email":"kevinsawicki@gmail.com"},"maintainers":[{"name":"kevinsawicki","email":"kevinsawicki@gmail.com"},{"name":"mcolyer","email":"matt@colyer.name"},{"name":"nathansobo","email":"nathansobo@gmail.com"}],"directories":{}},"2.2.3":{"name":"fs-plus","version":"2.2.3","description":"node's fs with more helpers","main":"./lib/fs-plus.js","scripts":{"prepublish":"grunt prepublish","test":"grunt test"},"repository":{"type":"git","url":"https://github.com/atom/fs-plus.git"},"bugs":{"url":"https://github.com/atom/fs-plus/issues"},"homepage":"http://atom.github.io/fs-plus","licenses":[{"type":"MIT","url":"http://github.com/atom/fs-plus/raw/master/LICENSE.md"}],"keywords":["fs","filesystem"],"devDependencies":{"jasmine-focused":"1.x","grunt-contrib-coffee":"~0.9.0","grunt-cli":"~0.1.8","grunt":"~0.4.1","grunt-shell":"~0.2.2","grunt-coffeelint":"0.0.6","temp":"~0.6.0"},"dependencies":{"underscore-plus":"1.x","mkdirp":"~0.3.5","rimraf":"~2.2.2","async":"~0.2.9"},"_id":"fs-plus@2.2.3","dist":{"shasum":"7dcdb0c4ff9beba3c4dc404e2c8a3284cfbec6f0","tarball":"https://registry.npmjs.org/fs-plus/-/fs-plus-2.2.3.tgz"},"_from":".","_npmVersion":"1.4.4","_npmUser":{"name":"kevinsawicki","email":"kevinsawicki@gmail.com"},"maintainers":[{"name":"kevinsawicki","email":"kevinsawicki@gmail.com"},{"name":"mcolyer","email":"matt@colyer.name"},{"name":"nathansobo","email":"nathansobo@gmail.com"}],"directories":{}},"2.2.4":{"name":"fs-plus","version":"2.2.4","description":"node's fs with more helpers","main":"./lib/fs-plus.js","scripts":{"prepublish":"grunt prepublish","test":"grunt test"},"repository":{"type":"git","url":"https://github.com/atom/fs-plus.git"},"bugs":{"url":"https://github.com/atom/fs-plus/issues"},"homepage":"http://atom.github.io/fs-plus","licenses":[{"type":"MIT","url":"http://github.com/atom/fs-plus/raw/master/LICENSE.md"}],"keywords":["fs","filesystem"],"devDependencies":{"jasmine-focused":"1.x","grunt-contrib-coffee":"~0.9.0","grunt-cli":"~0.1.8","grunt":"~0.4.1","grunt-shell":"~0.2.2","grunt-coffeelint":"0.0.6","temp":"~0.6.0"},"dependencies":{"underscore-plus":"1.x","mkdirp":"~0.3.5","rimraf":"~2.2.2","async":"~0.2.9"},"_id":"fs-plus@2.2.4","dist":{"shasum":"4d0803af3c9822f0a48b5b699125e138202882a5","tarball":"https://registry.npmjs.org/fs-plus/-/fs-plus-2.2.4.tgz"},"_from":".","_npmVersion":"1.4.4","_npmUser":{"name":"kevinsawicki","email":"kevinsawicki@gmail.com"},"maintainers":[{"name":"kevinsawicki","email":"kevinsawicki@gmail.com"},{"name":"mcolyer","email":"matt@colyer.name"},{"name":"nathansobo","email":"nathansobo@gmail.com"}],"directories":{}},"2.2.5":{"name":"fs-plus","version":"2.2.5","description":"node's fs with more helpers","main":"./lib/fs-plus.js","scripts":{"prepublish":"grunt prepublish","test":"grunt test"},"repository":{"type":"git","url":"https://github.com/atom/fs-plus.git"},"bugs":{"url":"https://github.com/atom/fs-plus/issues"},"homepage":"http://atom.github.io/fs-plus","licenses":[{"type":"MIT","url":"http://github.com/atom/fs-plus/raw/master/LICENSE.md"}],"keywords":["fs","filesystem"],"devDependencies":{"jasmine-focused":"1.x","grunt-contrib-coffee":"~0.9.0","grunt-cli":"~0.1.8","grunt":"~0.4.1","grunt-shell":"~0.2.2","grunt-coffeelint":"0.0.6","temp":"~0.6.0"},"dependencies":{"underscore-plus":"1.x","mkdirp":"~0.3.5","rimraf":"~2.2.2","async":"~0.2.9"},"_id":"fs-plus@2.2.5","dist":{"shasum":"e390a19e56dc37cec8e5fc226209526a0adc2a1a","tarball":"https://registry.npmjs.org/fs-plus/-/fs-plus-2.2.5.tgz"},"_from":".","_npmVersion":"1.4.4","_npmUser":{"name":"kevinsawicki","email":"kevinsawicki@gmail.com"},"maintainers":[{"name":"kevinsawicki","email":"kevinsawicki@gmail.com"},{"name":"mcolyer","email":"matt@colyer.name"},{"name":"nathansobo","email":"nathansobo@gmail.com"}],"directories":{}},"2.2.6":{"name":"fs-plus","version":"2.2.6","description":"node's fs with more helpers","main":"./lib/fs-plus.js","scripts":{"prepublish":"grunt prepublish","test":"grunt test"},"repository":{"type":"git","url":"https://github.com/atom/fs-plus.git"},"bugs":{"url":"https://github.com/atom/fs-plus/issues"},"homepage":"http://atom.github.io/fs-plus","licenses":[{"type":"MIT","url":"http://github.com/atom/fs-plus/raw/master/LICENSE.md"}],"keywords":["fs","filesystem"],"devDependencies":{"jasmine-focused":"1.x","grunt-contrib-coffee":"~0.9.0","grunt-cli":"~0.1.8","grunt":"~0.4.1","grunt-shell":"~0.2.2","grunt-coffeelint":"0.0.6","temp":"~0.6.0"},"dependencies":{"underscore-plus":"1.x","mkdirp":"~0.3.5","rimraf":"~2.2.2","async":"~0.2.9"},"_id":"fs-plus@2.2.6","dist":{"shasum":"9bba59b2041f7f446567d4ae658f12e12bf6a5eb","tarball":"https://registry.npmjs.org/fs-plus/-/fs-plus-2.2.6.tgz"},"_from":".","_npmVersion":"1.4.4","_npmUser":{"name":"kevinsawicki","email":"kevinsawicki@gmail.com"},"maintainers":[{"name":"kevinsawicki","email":"kevinsawicki@gmail.com"},{"name":"mcolyer","email":"matt@colyer.name"},{"name":"nathansobo","email":"nathansobo@gmail.com"}],"directories":{}},"2.3.0":{"name":"fs-plus","version":"2.3.0","description":"node's fs with more helpers","main":"./lib/fs-plus.js","scripts":{"prepublish":"grunt prepublish","test":"grunt test"},"repository":{"type":"git","url":"https://github.com/atom/fs-plus.git"},"bugs":{"url":"https://github.com/atom/fs-plus/issues"},"homepage":"http://atom.github.io/fs-plus","licenses":[{"type":"MIT","url":"http://github.com/atom/fs-plus/raw/master/LICENSE.md"}],"keywords":["fs","filesystem"],"devDependencies":{"jasmine-focused":"1.x","grunt-contrib-coffee":"~0.9.0","grunt-cli":"~0.1.8","grunt":"~0.4.1","grunt-shell":"~0.2.2","grunt-coffeelint":"0.0.6","temp":"~0.6.0"},"dependencies":{"underscore-plus":"1.x","mkdirp":"~0.3.5","rimraf":"~2.2.2","async":"~0.2.9"},"_id":"fs-plus@2.3.0","dist":{"shasum":"5a69c58c45e8f8be89711d678ed714efa25c5934","tarball":"https://registry.npmjs.org/fs-plus/-/fs-plus-2.3.0.tgz"},"_from":".","_npmVersion":"1.4.4","_npmUser":{"name":"kevinsawicki","email":"kevinsawicki@gmail.com"},"maintainers":[{"name":"kevinsawicki","email":"kevinsawicki@gmail.com"},{"name":"mcolyer","email":"matt@colyer.name"},{"name":"nathansobo","email":"nathansobo@gmail.com"}],"directories":{}},"2.3.1":{"name":"fs-plus","version":"2.3.1","description":"node's fs with more helpers","main":"./lib/fs-plus.js","scripts":{"prepublish":"grunt prepublish","test":"grunt test"},"repository":{"type":"git","url":"https://github.com/atom/fs-plus.git"},"bugs":{"url":"https://github.com/atom/fs-plus/issues"},"homepage":"http://atom.github.io/fs-plus","licenses":[{"type":"MIT","url":"http://github.com/atom/fs-plus/raw/master/LICENSE.md"}],"keywords":["fs","filesystem"],"devDependencies":{"jasmine-focused":"1.x","grunt-contrib-coffee":"~0.9.0","grunt-cli":"~0.1.8","grunt":"~0.4.1","grunt-shell":"~0.2.2","grunt-coffeelint":"0.0.6","temp":"~0.6.0"},"dependencies":{"underscore-plus":"1.x","mkdirp":"~0.3.5","rimraf":"~2.2.2","async":"~0.2.9"},"gitHead":"fdea4e6b36ca3adcdddadac5ca4bb7e0608562e8","_id":"fs-plus@2.3.1","_shasum":"b9dff9e90af175bf5687beb1574b4836121aafbe","_from":".","_npmVersion":"1.4.28","_npmUser":{"name":"kevinsawicki","email":"kevinsawicki@gmail.com"},"maintainers":[{"name":"kevinsawicki","email":"kevinsawicki@gmail.com"},{"name":"mcolyer","email":"matt@colyer.name"},{"name":"nathansobo","email":"nathansobo@gmail.com"},{"name":"benogle","email":"ogle.ben@gmail.com"}],"dist":{"shasum":"b9dff9e90af175bf5687beb1574b4836121aafbe","tarball":"https://registry.npmjs.org/fs-plus/-/fs-plus-2.3.1.tgz"},"directories":{}},"2.3.2":{"name":"fs-plus","version":"2.3.2","description":"node's fs with more helpers","main":"./lib/fs-plus.js","scripts":{"prepublish":"grunt prepublish","test":"grunt test"},"repository":{"type":"git","url":"https://github.com/atom/fs-plus.git"},"bugs":{"url":"https://github.com/atom/fs-plus/issues"},"homepage":"http://atom.github.io/fs-plus","licenses":[{"type":"MIT","url":"http://github.com/atom/fs-plus/raw/master/LICENSE.md"}],"keywords":["fs","filesystem"],"devDependencies":{"jasmine-focused":"1.x","grunt-contrib-coffee":"~0.9.0","grunt-cli":"~0.1.8","grunt":"~0.4.1","grunt-shell":"~0.2.2","grunt-coffeelint":"0.0.6","temp":"~0.6.0"},"dependencies":{"underscore-plus":"1.x","mkdirp":"~0.3.5","rimraf":"~2.2.2","async":"~0.2.9"},"gitHead":"9c0b7ec93a4fd04471d988b966179f6a8aa1f355","_id":"fs-plus@2.3.2","_shasum":"beea9a8295c2fad4322cd6af2934a07de7e6052d","_from":".","_npmVersion":"1.4.28","_npmUser":{"name":"kevinsawicki","email":"kevinsawicki@gmail.com"},"maintainers":[{"name":"kevinsawicki","email":"kevinsawicki@gmail.com"},{"name":"mcolyer","email":"matt@colyer.name"},{"name":"nathansobo","email":"nathansobo@gmail.com"},{"name":"benogle","email":"ogle.ben@gmail.com"}],"dist":{"shasum":"beea9a8295c2fad4322cd6af2934a07de7e6052d","tarball":"https://registry.npmjs.org/fs-plus/-/fs-plus-2.3.2.tgz"},"directories":{}},"2.4.0":{"name":"fs-plus","version":"2.4.0","description":"node's fs with more helpers","main":"./lib/fs-plus.js","scripts":{"prepublish":"grunt prepublish","test":"grunt test"},"repository":{"type":"git","url":"https://github.com/atom/fs-plus.git"},"bugs":{"url":"https://github.com/atom/fs-plus/issues"},"homepage":"http://atom.github.io/fs-plus","licenses":[{"type":"MIT","url":"http://github.com/atom/fs-plus/raw/master/LICENSE.md"}],"keywords":["fs","filesystem"],"devDependencies":{"jasmine-focused":"1.x","grunt-contrib-coffee":"~0.9.0","grunt-cli":"~0.1.8","grunt":"~0.4.1","grunt-shell":"~0.2.2","grunt-coffeelint":"0.0.6","temp":"~0.6.0"},"dependencies":{"underscore-plus":"1.x","mkdirp":"~0.3.5","rimraf":"~2.2.2","async":"~0.2.9"},"gitHead":"6ac4c265a11e44bdb85b6f494c9fcd31b7f9011c","_id":"fs-plus@2.4.0","_shasum":"28ea0e551f0afb70efc6fa92204e29b4eab7d902","_from":".","_npmVersion":"1.4.28","_npmUser":{"name":"kevinsawicki","email":"kevinsawicki@gmail.com"},"maintainers":[{"name":"kevinsawicki","email":"kevinsawicki@gmail.com"},{"name":"mcolyer","email":"matt@colyer.name"},{"name":"nathansobo","email":"nathansobo@gmail.com"},{"name":"benogle","email":"ogle.ben@gmail.com"}],"dist":{"shasum":"28ea0e551f0afb70efc6fa92204e29b4eab7d902","tarball":"https://registry.npmjs.org/fs-plus/-/fs-plus-2.4.0.tgz"},"directories":{}},"2.5.0":{"name":"fs-plus","version":"2.5.0","description":"node's fs with more helpers","main":"./lib/fs-plus.js","scripts":{"prepublish":"grunt prepublish","test":"grunt test"},"repository":{"type":"git","url":"https://github.com/atom/fs-plus.git"},"bugs":{"url":"https://github.com/atom/fs-plus/issues"},"homepage":"http://atom.github.io/fs-plus","licenses":[{"type":"MIT","url":"http://github.com/atom/fs-plus/raw/master/LICENSE.md"}],"keywords":["fs","filesystem"],"devDependencies":{"jasmine-focused":"1.x","grunt-contrib-coffee":"~0.9.0","grunt-cli":"~0.1.8","grunt":"~0.4.1","grunt-shell":"~0.2.2","grunt-coffeelint":"0.0.6","temp":"~0.6.0"},"dependencies":{"underscore-plus":"1.x","mkdirp":"~0.3.5","rimraf":"~2.2.2","async":"~0.2.9"},"gitHead":"79f737abe6eeb126639eff7bccb92d8d40cb0b05","_id":"fs-plus@2.5.0","_shasum":"b6b1b75ce241ff730a2b7ada4225b2393053a906","_from":".","_npmVersion":"1.4.28","_npmUser":{"name":"kevinsawicki","email":"kevinsawicki@gmail.com"},"maintainers":[{"name":"kevinsawicki","email":"kevinsawicki@gmail.com"},{"name":"mcolyer","email":"matt@colyer.name"},{"name":"nathansobo","email":"nathansobo@gmail.com"},{"name":"benogle","email":"ogle.ben@gmail.com"}],"dist":{"shasum":"b6b1b75ce241ff730a2b7ada4225b2393053a906","tarball":"https://registry.npmjs.org/fs-plus/-/fs-plus-2.5.0.tgz"},"directories":{}},"2.6.0":{"name":"fs-plus","version":"2.6.0","description":"node's fs with more helpers","main":"./lib/fs-plus.js","scripts":{"prepublish":"grunt prepublish","test":"grunt test"},"repository":{"type":"git","url":"https://github.com/atom/fs-plus.git"},"bugs":{"url":"https://github.com/atom/fs-plus/issues"},"homepage":"http://atom.github.io/fs-plus","licenses":[{"type":"MIT","url":"http://github.com/atom/fs-plus/raw/master/LICENSE.md"}],"keywords":["fs","filesystem"],"devDependencies":{"jasmine-focused":"1.x","grunt-contrib-coffee":"~0.9.0","grunt-cli":"~0.1.8","grunt":"~0.4.1","grunt-shell":"~0.2.2","grunt-coffeelint":"0.0.6","temp":"~0.8.1"},"dependencies":{"underscore-plus":"1.x","mkdirp":"~0.3.5","rimraf":"~2.2.2","async":"~0.2.9"},"gitHead":"a7ddecee34ae2e1d8d7794f3f049e2d8dbc5b962","_id":"fs-plus@2.6.0","_shasum":"f523f64fc4663bd92d3667be23674c1ad4b75c7a","_from":".","_npmVersion":"1.4.28","_npmUser":{"name":"kevinsawicki","email":"kevinsawicki@gmail.com"},"maintainers":[{"name":"kevinsawicki","email":"kevinsawicki@gmail.com"},{"name":"mcolyer","email":"matt@colyer.name"},{"name":"nathansobo","email":"nathansobo@gmail.com"},{"name":"benogle","email":"ogle.ben@gmail.com"}],"dist":{"shasum":"f523f64fc4663bd92d3667be23674c1ad4b75c7a","tarball":"https://registry.npmjs.org/fs-plus/-/fs-plus-2.6.0.tgz"},"directories":{}},"2.7.0":{"name":"fs-plus","version":"2.7.0","description":"node's fs with more helpers","main":"./lib/fs-plus.js","scripts":{"prepublish":"grunt prepublish","test":"grunt test"},"repository":{"type":"git","url":"https://github.com/atom/fs-plus.git"},"bugs":{"url":"https://github.com/atom/fs-plus/issues"},"homepage":"http://atom.github.io/fs-plus","licenses":[{"type":"MIT","url":"http://github.com/atom/fs-plus/raw/master/LICENSE.md"}],"keywords":["fs","filesystem"],"devDependencies":{"jasmine-focused":"1.x","grunt-contrib-coffee":"~0.9.0","grunt-cli":"~0.1.8","grunt":"~0.4.1","grunt-shell":"~0.2.2","grunt-coffeelint":"0.0.6","temp":"~0.8.1"},"dependencies":{"underscore-plus":"1.x","mkdirp":"~0.3.5","rimraf":"~2.2.2","async":"~0.2.9"},"gitHead":"821662d5361c829b29503ade07308434db51629a","_id":"fs-plus@2.7.0","_shasum":"32c83d6bd0292be8e8d2afc8ea39a1aa9f6380fc","_from":".","_npmVersion":"1.4.28","_npmUser":{"name":"kevinsawicki","email":"kevinsawicki@gmail.com"},"maintainers":[{"name":"kevinsawicki","email":"kevinsawicki@gmail.com"},{"name":"mcolyer","email":"matt@colyer.name"},{"name":"nathansobo","email":"nathansobo@gmail.com"},{"name":"benogle","email":"ogle.ben@gmail.com"}],"dist":{"shasum":"32c83d6bd0292be8e8d2afc8ea39a1aa9f6380fc","tarball":"https://registry.npmjs.org/fs-plus/-/fs-plus-2.7.0.tgz"},"directories":{}},"2.7.1":{"name":"fs-plus","version":"2.7.1","description":"node's fs with more helpers","main":"./lib/fs-plus.js","scripts":{"prepublish":"grunt prepublish","test":"grunt test"},"repository":{"type":"git","url":"https://github.com/atom/fs-plus.git"},"bugs":{"url":"https://github.com/atom/fs-plus/issues"},"homepage":"http://atom.github.io/fs-plus","licenses":[{"type":"MIT","url":"http://github.com/atom/fs-plus/raw/master/LICENSE.md"}],"keywords":["fs","filesystem"],"devDependencies":{"jasmine-focused":"1.x","grunt-contrib-coffee":"~0.9.0","grunt-cli":"~0.1.8","grunt":"~0.4.1","grunt-shell":"~0.2.2","grunt-coffeelint":"0.0.6","temp":"~0.8.1"},"dependencies":{"underscore-plus":"1.x","mkdirp":"~0.3.5","rimraf":"~2.2.2","async":"~0.2.9"},"gitHead":"b1b6f3ed46c0435464bb74b00010e9019db13ec4","_id":"fs-plus@2.7.1","_shasum":"fe68dab2403cd5f6235d200aeb84d611b5d0d03c","_from":".","_npmVersion":"1.4.28","_npmUser":{"name":"kevinsawicki","email":"kevinsawicki@gmail.com"},"maintainers":[{"name":"kevinsawicki","email":"kevinsawicki@gmail.com"},{"name":"mcolyer","email":"matt@colyer.name"},{"name":"nathansobo","email":"nathansobo@gmail.com"},{"name":"benogle","email":"ogle.ben@gmail.com"}],"dist":{"shasum":"fe68dab2403cd5f6235d200aeb84d611b5d0d03c","tarball":"https://registry.npmjs.org/fs-plus/-/fs-plus-2.7.1.tgz"},"directories":{}},"2.8.0":{"name":"fs-plus","version":"2.8.0","description":"node's fs with more helpers","main":"./lib/fs-plus.js","scripts":{"prepublish":"grunt prepublish","test":"grunt test"},"repository":{"type":"git","url":"https://github.com/atom/fs-plus.git"},"bugs":{"url":"https://github.com/atom/fs-plus/issues"},"homepage":"http://atom.github.io/fs-plus","licenses":[{"type":"MIT","url":"http://github.com/atom/fs-plus/raw/master/LICENSE.md"}],"keywords":["fs","filesystem"],"devDependencies":{"jasmine-focused":"1.x","grunt-contrib-coffee":"~0.9.0","grunt-cli":"~0.1.8","grunt":"~0.4.1","grunt-shell":"~0.2.2","grunt-coffeelint":"0.0.6","temp":"~0.8.1"},"dependencies":{"underscore-plus":"1.x","mkdirp":"~0.3.5","rimraf":"~2.2.2","async":"~0.2.9"},"gitHead":"92d084b0b5a2d94b5088cb1ff257646491819ad7","_id":"fs-plus@2.8.0","_shasum":"293a12eb985eccd32796628f8c246bd769aea889","_from":".","_npmVersion":"1.4.28","_npmUser":{"name":"kevinsawicki","email":"kevinsawicki@gmail.com"},"maintainers":[{"name":"kevinsawicki","email":"kevinsawicki@gmail.com"},{"name":"mcolyer","email":"matt@colyer.name"},{"name":"nathansobo","email":"nathansobo@gmail.com"},{"name":"benogle","email":"ogle.ben@gmail.com"}],"dist":{"shasum":"293a12eb985eccd32796628f8c246bd769aea889","tarball":"https://registry.npmjs.org/fs-plus/-/fs-plus-2.8.0.tgz"},"directories":{}},"2.8.1":{"name":"fs-plus","version":"2.8.1","description":"node's fs with more helpers","main":"./lib/fs-plus.js","scripts":{"prepublish":"grunt prepublish","test":"grunt test"},"repository":{"type":"git","url":"https://github.com/atom/fs-plus.git"},"bugs":{"url":"https://github.com/atom/fs-plus/issues"},"homepage":"http://atom.github.io/fs-plus","licenses":[{"type":"MIT","url":"http://github.com/atom/fs-plus/raw/master/LICENSE.md"}],"keywords":["fs","filesystem"],"devDependencies":{"jasmine-focused":"1.x","grunt-contrib-coffee":"~0.9.0","grunt-cli":"~0.1.8","grunt":"~0.4.1","grunt-shell":"~0.2.2","grunt-coffeelint":"0.0.6","temp":"~0.8.1"},"dependencies":{"underscore-plus":"1.x","mkdirp":"~0.3.5","rimraf":"~2.2.2","async":"~0.2.9"},"gitHead":"eb4915c02f09427b1bb002b886a9cfc34a262e1f","_id":"fs-plus@2.8.1","_shasum":"60bcae0d2066f4bb4726f23add525dada80630f6","_from":".","_npmVersion":"1.4.28","_npmUser":{"name":"kevinsawicki","email":"kevinsawicki@gmail.com"},"maintainers":[{"name":"kevinsawicki","email":"kevinsawicki@gmail.com"},{"name":"mcolyer","email":"matt@colyer.name"},{"name":"nathansobo","email":"nathansobo@gmail.com"},{"name":"benogle","email":"ogle.ben@gmail.com"}],"dist":{"shasum":"60bcae0d2066f4bb4726f23add525dada80630f6","tarball":"https://registry.npmjs.org/fs-plus/-/fs-plus-2.8.1.tgz"},"directories":{}},"2.8.2":{"name":"fs-plus","version":"2.8.2","description":"node's fs with more helpers","main":"./lib/fs-plus.js","scripts":{"prepublish":"grunt prepublish","test":"grunt test"},"repository":{"type":"git","url":"git+https://github.com/atom/fs-plus.git"},"bugs":{"url":"https://github.com/atom/fs-plus/issues"},"homepage":"http://atom.github.io/fs-plus","license":"MIT","keywords":["fs","filesystem"],"devDependencies":{"jasmine-focused":"1.x","grunt-contrib-coffee":"~0.9.0","grunt-cli":"~0.1.8","grunt":"~0.4.1","grunt-shell":"~0.2.2","grunt-coffeelint":"0.0.6","temp":"~0.8.1"},"dependencies":{"underscore-plus":"1.x","mkdirp":"~0.3.5","rimraf":"~2.2.2","async":"~0.2.9"},"gitHead":"ab4dca54ac100c454025e699edcdbc3f3a765867","_id":"fs-plus@2.8.2","_shasum":"5c18990a73e3df439b08e4d1ca8190d78d06a893","_from":".","_npmVersion":"2.14.12","_nodeVersion":"4.2.6","_npmUser":{"name":"lee-dohm","email":"lee@lee-dohm.com"},"dist":{"shasum":"5c18990a73e3df439b08e4d1ca8190d78d06a893","tarball":"https://registry.npmjs.org/fs-plus/-/fs-plus-2.8.2.tgz"},"maintainers":[{"name":"benogle","email":"ogle.ben@gmail.com"},{"name":"kevinsawicki","email":"kevinsawicki@gmail.com"},{"name":"lee-dohm","email":"lee@lee-dohm.com"},{"name":"mcolyer","email":"matt@colyer.name"},{"name":"nathansobo","email":"nathan@github.com"}],"_npmOperationalInternal":{"host":"packages-16-east.internal.npmjs.com","tmp":"tmp/fs-plus-2.8.2.tgz_1460353374522_0.985727152787149"},"directories":{}}},"readme":"# fs plus [![Build Status](https://travis-ci.org/atom/fs-plus.svg?branch=master)](https://travis-ci.org/atom/fs-plus)\n\nYet another filesystem helper based on node's [fs](http://nodejs.org/api/fs.html)\nmodule.  This library exports everything from node's fs module but with some\nextra helpers.\n\n## Using\n\n```sh\nnpm install fs-plus\n```\n\n```coffee\nfs = require 'fs-plus'\n```\n\n## Documentation\n\n### `getHomeDirectory()`\nReturns the absolute path to the home directory.\n\n### `absolute(relativePath)`\nMake the given path absolute by resolving it against the current\nworking directory.\n\n### Params\n\n - **String** `relativePath`: The string representing the relative path. If the\n   path is prefixed with '~', it will be expanded to the current user's home\n   directory.\n\n### Return\n\n - **String**: The absolute path or the relative path if it's unable to\n   determine its real path.\n\n### `normalize(pathToNormalize)`\nNormalize the given path treating a leading `~` segment as referring to the\nhome directory. This method does not query the filesystem.\n\n#### Params\n\n - **String** `pathToNormalize`: The string containing the abnormal path. If the\n   path is prefixed with '~', it will be expanded to the current user's home\n   directory.\n\n#### Return\n - **String** Returns a normalized path.\n\n### `getAppDataDirectory()`\nGet path to store application specific data.\n\n#### Return\n - **String** Returns the absolute path or null if platform isn't supported\n\n    - Mac: `~/Library/Application Support/`\n    - Win: `%AppData%`\n    - Linux: `/var/lib`\n\n### `isAbsolute(pathToCheck)`\nIs the given path absolute?\n\n#### Params\n - **String** `pathToCheck`: The relative or absolute path to check.\n\n#### Return\n - **Bolean** Returns `true` if the path is absolute, `false` otherwise.\n\n### `existsSync(pathToCheck)`\nReturns `true` if a file or folder at the specified path exists.\n\n### `isDirectorySync(directoryPath)`\nReturns `true` if the given path exists and is a directory.\n\n### `isDirectory(directoryPath)`\nAsynchronously checks that the given path exists and is a directory.\n\n### `isFileSync(filePath)`\nReturns true if the specified path exists and is a file.\n\n### `isSymbolicLinkSync(symlinkPath)`\nReturns `true` if the specified path is a symbolic link.\n\n### `isSymbolicLink(symlinkPath, callback)`\nCalls back with `true` if the specified path is a symbolic link.\n\n### `isExecutableSync(pathToCheck)`\nReturns `true` if the specified path is executable.\n\n### `getSizeSync(pathToCheck)`\nReturns the size of the specified path.\n\n### `listSync(rootPath, extensions)`\nReturns an Array with the paths of the files and directories\ncontained within the directory path. It is not recursive.\n\n## Params\n - **String** `rootPath`: The absolute path to the directory to list.\n - **Array** `extensions`: An array of extensions to filter the results by. If none are\n   given, none are filtered (optional).\n\n### `list(rootPath, extensions)`\nAsynchronously lists the files and directories in the given path. The listing is not recursive.\n\n### `listTreeSync(rootPath)`\nGet all paths under the given path.\n\n#### Params\n - **String** `rootPath` The {String} path to start at.\n\n#### Return\n - **Array** Returns an array of strings under the given path.\n\n### `moveSync(source, target)`\nMoves the file or directory to the target synchronously.\n\n### `removeSync(pathToRemove)`\nRemoves the file or directory at the given path synchronously.\n\n### `writeFileSync(filePath, content, options)`\nOpen, write, flush, and close a file, writing the given content synchronously.\nIt also creates the necessary parent directories.\n\n### `writeFile(filePath, content, options, callback)`\nOpen, write, flush, and close a file, writing the given content\nasynchronously.\nIt also creates the necessary parent directories.\n\n### `copySync(sourcePath, destinationPath)`\nCopies the given path recursively and synchronously.\n\n### `makeTreeSync(directoryPath)`\nCreate a directory at the specified path including any missing\nparent directories synchronously.\n\n### `makeTree(directoryPath, callback)`\nCreate a directory at the specified path including any missing\nparent directories asynchronously.\n\n### `traverseTreeSync(rootPath, onFile, onDirectory)`\nRecursively walk the given path and execute the given functions\nsynchronously.\n\n#### Params\n - **String** `rootPath`: The string containing the directory to recurse into.\n - **Function** `onFile`: The function to execute on each file, receives a single argument\n   the absolute path.\n - **Function** `onDirectory`: The function to execute on each directory, receives a single\n   argument the absolute path (defaults to onFile). If this\n   function returns a falsy value then the directory is not\n   entered.\n\n### `traverseTree(rootPath, onFile, onDirectory, onDone)`\nPublic: Recursively walk the given path and execute the given functions\nasynchronously.\n\n### `md5ForPath(pathToDigest)`\nHashes the contents of the given file.\n\n#### Params\n - **String** `pathToDigest`: The string containing the absolute path.\n\n#### Return\n - **String** Returns a string containing the MD5 hexadecimal hash.\n\n### `resolve(loadPaths, pathToResolve, extensions)`\nFinds a relative path among the given array of paths.\n\n#### Params\n - **Array** `loadPaths`: An array of absolute and relative paths to search.\n - **String** `pathToResolve` The string containing the path to resolve.\n - **Array** `extensions` An array of extensions to pass to {resolveExtensions} in\n   which case pathToResolve should not contain an extension\n   (optional).\n\n#### Return\nReturns the absolute path of the file to be resolved if it's found and\nundefined otherwise.\n\n### `resolveOnLoadPath()`\nLike `.resolve` but uses node's modules paths as the load paths to\nsearch.\n\n### `resolveExtension(pathToResolve, extensions)`\nFinds the first file in the given path which matches the extension\nin the order given.\n\n#### Params\n - **String** `pathToResolve`: the string containing relative or absolute path of the\n   file in question without the extension or '.'.\n - **Array** `extensions`: the ordered array of extensions to try.\n\n#### Return\nReturns the absolute path of the file if it exists with any of the given\nextensions, otherwise it's undefined.\n\n### `isCompressedExtension(ext)`\nReturns true for extensions associated with compressed files.\n\n### `isImageExtension(ext)`\nReturns true for extensions associated with image files.\n\n### `isPdfExtension(ext)`\nReturns true for extensions associated with pdf files.\n\n### `isBinaryExtension(ext)`\nReturns true for extensions associated with binary files.\n\n### `isReadmePath(readmePath)`\nReturns true for files named similarily to 'README'\n\n### `isMarkdownExtension(ext)`\nReturns true for extensions associated with Markdown files.\n\n### `isCaseInsensitive()`\nIs the filesystem case insensitive?\nReturns `true` if case insensitive, `false` otherwise.\n\n### `isCaseSensitive()`\nIs the filesystem case sensitive?\nReturns `true` if case sensitive, `false` otherwise.\n","maintainers":[{"name":"atom","email":"nathan@github.com"},{"name":"benogle","email":"ogle.ben@gmail.com"},{"name":"kevinsawicki","email":"kevinsawicki@gmail.com"},{"name":"lee-dohm","email":"lee@lee-dohm.com"},{"name":"mcolyer","email":"matt@colyer.name"},{"name":"nathansobo","email":"nathan@github.com"}],"time":{"modified":"2016-04-11T17:01:05.396Z","created":"2013-10-31T18:49:50.150Z","0.1.0":"2013-10-31T18:49:51.452Z","0.2.0":"2013-10-31T20:08:02.233Z","0.3.0":"2013-10-31T20:40:51.872Z","0.4.0":"2013-10-31T21:56:14.903Z","0.5.0":"2013-11-01T00:35:52.494Z","0.6.0":"2013-11-01T16:08:26.382Z","0.7.0":"2013-11-01T18:10:18.112Z","0.9.0":"2013-11-08T22:07:39.923Z","0.10.0":"2013-11-23T18:39:45.209Z","0.11.0":"2013-12-11T18:07:35.183Z","0.12.0":"2013-12-17T17:44:40.413Z","0.13.0":"2013-12-18T00:37:32.939Z","0.14.0":"2014-01-06T17:13:56.081Z","1.0.0":"2014-01-16T23:53:09.940Z","1.0.1":"2014-01-17T02:46:49.938Z","2.0.0":"2014-02-17T23:18:09.767Z","2.0.1":"2014-02-17T23:20:01.300Z","2.0.2":"2014-03-07T17:22:02.848Z","2.0.3":"2014-03-11T17:11:13.764Z","2.0.4":"2014-03-12T16:55:11.955Z","2.1.0":"2014-03-28T17:58:56.422Z","2.2.0":"2014-03-28T19:42:19.773Z","2.2.1":"2014-04-09T17:02:49.197Z","2.2.2":"2014-04-17T20:23:41.037Z","2.2.3":"2014-05-15T19:14:01.819Z","2.2.4":"2014-07-21T20:52:58.909Z","2.2.5":"2014-07-28T23:02:00.361Z","2.2.6":"2014-07-29T00:09:23.170Z","2.3.0":"2014-08-19T01:15:57.365Z","2.3.1":"2014-10-01T15:28:48.775Z","2.3.2":"2014-11-20T19:04:41.126Z","2.4.0":"2014-12-15T21:04:05.946Z","2.5.0":"2015-02-05T00:36:11.512Z","2.6.0":"2015-03-17T23:48:14.510Z","2.7.0":"2015-04-02T23:54:01.945Z","2.7.1":"2015-04-20T22:46:56.329Z","2.8.0":"2015-05-05T15:53:02.642Z","2.8.1":"2015-05-18T16:40:58.231Z","2.8.2":"2016-04-11T05:42:55.597Z"},"repository":{"type":"git","url":"git+https://github.com/atom/fs-plus.git"},"readmeFilename":"README.md","homepage":"http://atom.github.io/fs-plus","keywords":["fs","filesystem"],"bugs":{"url":"https://github.com/atom/fs-plus/issues"},"users":{"lezuse":true,"ergunozyurt":true,"thomasjo":true,"chocolateboy":true,"xgqfrms":true,"bohdantkachenko":true,"abdihaikal":true,"rafalt":true},"license":"MIT","_attachments":{},"_etag":"\"6JNBOEQBOQMC7ONRA388PI7OF\""}