{"_id":"join-component","_rev":"5-effb47288193e5cf9f6d0b0453253718","name":"join-component","description":"Join a list","dist-tags":{"latest":"1.1.0"},"versions":{"1.0.0":{"name":"join-component","repo":"component/join","description":"Join a list","version":"1.0.0","keywords":[],"dependencies":{},"devDependencies":{"mocha":"*","should":"*"},"license":"MIT","component":{"scripts":{"join/index.js":"index.js"}},"readme":"\n# join\n\n  Join a list in a nice human friendly way.\n\n## Installation\n\n    $ component install component/join\n\n## API\n\n   - [join(arr)](#joinarr)\n   - [join(arr, str)](#joinarr-str)\n<a name=\"\"></a>\n\n<a name=\"joinarr\"></a>\n# join(arr)\nshould default to \"and\".\n\n```js\njoin(['foo', 'bar']).should.equal('foo and bar');\n```\n\n<a name=\"joinarr-str\"></a>\n# join(arr, str)\nshould join.\n\n```js\njoin([], 'and').should.equal('');\njoin(['foo'], 'and').should.equal('foo');\njoin(['foo', 'bar'], 'and').should.equal('foo and bar');\njoin(['foo', 'bar', 'raz'], 'or').should.equal('foo, bar or raz');\n```\n\n\n## License\n\n  MIT\n","readmeFilename":"Readme.md","_id":"join-component@1.0.0","dist":{"shasum":"cd2b2321c054be54e493815436b0ddc28a44235c","tarball":"https://registry.npmjs.org/join-component/-/join-component-1.0.0.tgz"},"_npmVersion":"1.1.66","_npmUser":{"name":"tjholowaychuk","email":"tj@vision-media.ca"},"maintainers":[{"name":"tjholowaychuk","email":"tj@vision-media.ca"}],"directories":{}},"1.1.0":{"name":"join-component","repo":"component/join","description":"Join a list","version":"1.1.0","keywords":[],"dependencies":{},"devDependencies":{"mocha":"*","should":"*"},"license":"MIT","component":{"scripts":{"join/index.js":"index.js"}},"readme":"\n# join\n\n  Join a list in a nice human friendly way.\n\n## Installation\n\n    $ component install component/join\n\n## API\n\n   - [join(arr)](#joinarr)\n   - [join(arr, str)](#joinarr-str)\n   - [join(arr, str) with Oxford comma](#joinarr-str-with-oxford-comma)\n<a name=\"\"></a>\n\n<a name=\"joinarr\"></a>\n# join(arr)\nshould default to \"and\".\n\n```js\njoin(['foo', 'bar']).should.equal('foo and bar');\n```\n\n<a name=\"joinarr-str\"></a>\n# join(arr, str)\nshould join.\n\n```js\njoin([], 'and').should.equal('');\njoin(['foo'], 'and').should.equal('foo');\njoin(['foo', 'bar'], 'and').should.equal('foo and bar');\njoin(['foo', 'bar', 'baz'], 'or').should.equal('foo, bar or baz');\n```\n\n<a name=\"joinarr-str-with-oxford-comma\"></a>\n# join(arr, str) with Oxford comma\nshould remove comma with less than 3 items.\n\n```js\njoin([], ', or').should.equal('');\njoin(['foo'], ', or').should.equal('foo');\njoin(['foo', 'bar'], ', or').should.equal('foo or bar');\n```\n\nshould join with 3 or more items.\n\n```js\njoin(['foo', 'bar', 'baz'], ', and').should.equal('foo, bar, and baz');\n```\n\n## License\n\n  MIT\n","readmeFilename":"Readme.md","_id":"join-component@1.1.0","dist":{"shasum":"b8417b750661a392bee2c2537c68b2a9d4977cd5","tarball":"https://registry.npmjs.org/join-component/-/join-component-1.1.0.tgz"},"_npmVersion":"1.1.66","_npmUser":{"name":"tjholowaychuk","email":"tj@vision-media.ca"},"maintainers":[{"name":"tjholowaychuk","email":"tj@vision-media.ca"}],"directories":{}}},"readme":"\n# join\n\n  Join a list in a nice human friendly way.\n\n## Installation\n\n    $ component install component/join\n\n## API\n\n   - [join(arr)](#joinarr)\n   - [join(arr, str)](#joinarr-str)\n<a name=\"\"></a>\n\n<a name=\"joinarr\"></a>\n# join(arr)\nshould default to \"and\".\n\n```js\njoin(['foo', 'bar']).should.equal('foo and bar');\n```\n\n<a name=\"joinarr-str\"></a>\n# join(arr, str)\nshould join.\n\n```js\njoin([], 'and').should.equal('');\njoin(['foo'], 'and').should.equal('foo');\njoin(['foo', 'bar'], 'and').should.equal('foo and bar');\njoin(['foo', 'bar', 'raz'], 'or').should.equal('foo, bar or raz');\n```\n\n\n## License\n\n  MIT\n","maintainers":[{"name":"tjholowaychuk","email":"tj@vision-media.ca"}],"time":{"modified":"2012-12-30T00:43:12.758Z","created":"2012-12-18T21:50:59.527Z","1.0.0":"2012-12-18T21:51:00.461Z","1.1.0":"2012-12-30T00:43:12.758Z"},"_attachments":{},"_etag":"\"391IPDV76BRN8WF1AWT3658YY\""}