{"_id":"camelcase","_rev":"28-e48e615573e2937db44e2d104ccb895e","name":"camelcase","time":{"modified":"2016-03-12T17:30:36.527Z","created":"2013-10-30T20:39:45.449Z","0.0.0":"2013-10-30T20:39:50.719Z","1.0.0":"2014-10-12T11:06:54.223Z","1.0.1":"2014-10-12T12:07:56.522Z","1.0.2":"2014-11-25T07:46:37.286Z","1.1.0":"2015-05-15T23:13:02.556Z","1.2.0":"2015-07-30T15:11:19.077Z","1.2.1":"2015-08-01T10:38:13.833Z","2.0.0":"2015-11-15T12:49:16.601Z","2.0.1":"2015-11-17T14:12:18.285Z","2.1.0":"2016-01-24T18:40:18.240Z","2.1.1":"2016-03-12T17:30:36.527Z"},"maintainers":[{"name":"sindresorhus","email":"sindresorhus@gmail.com"}],"dist-tags":{"latest":"2.1.1"},"description":"Convert a dash/dot/underscore/space separated string to camelCase: foo-bar → fooBar","readme":"# camelcase [![Build Status](https://travis-ci.org/sindresorhus/camelcase.svg?branch=master)](https://travis-ci.org/sindresorhus/camelcase)\n\n> Convert a dash/dot/underscore/space separated string to camelCase: `foo-bar` → `fooBar`\n\n\n## Install\n\n```\n$ npm install --save camelcase\n```\n\n\n## Usage\n\n```js\nconst camelCase = require('camelcase');\n\ncamelCase('foo-bar');\n//=> 'fooBar'\n\ncamelCase('foo_bar');\n//=> 'fooBar'\n\ncamelCase('Foo-Bar');\n//=> 'fooBar'\n\ncamelCase('--foo.bar');\n//=> 'fooBar'\n\ncamelCase('__foo__bar__');\n//=> 'fooBar'\n\ncamelCase('foo bar');\n//=> 'fooBar'\n\nconsole.log(process.argv[3]);\n//=> '--foo-bar'\ncamelCase(process.argv[3]);\n//=> 'fooBar'\n\ncamelCase('foo', 'bar');\n//=> 'fooBar'\n\ncamelCase('__foo__', '--bar');\n//=> 'fooBar'\n```\n\n\n## Related\n\n- [decamelize](https://github.com/sindresorhus/decamelize) - The inverse of this module\n- [uppercamelcase](https://github.com/SamVerschueren/uppercamelcase) - Like this module, but to PascalCase instead of camelCase\n\n\n## License\n\nMIT © [Sindre Sorhus](http://sindresorhus.com)\n","versions":{"1.0.0":{"name":"camelcase","version":"1.0.0","description":"Convert a dash/dot/underscore/space separated string to camelCase: foo-bar → fooBar","license":"MIT","repository":{"type":"git","url":"https://github.com/sindresorhus/camelcase"},"author":{"name":"Sindre Sorhus","email":"sindresorhus@gmail.com","url":"http://sindresorhus.com"},"engines":{"node":">=0.10.0"},"scripts":{"test":"node test.js"},"files":["index.js"],"keywords":["camelcase","camel-case","camel","case","dash","hyphen","dot","underscore","separator","string","text","convert"],"devDependencies":{"ava":"0.0.4"},"gitHead":"f04fb9e9f67a015b74d3686a8f9fd39f98a0a501","bugs":{"url":"https://github.com/sindresorhus/camelcase/issues"},"homepage":"https://github.com/sindresorhus/camelcase","_id":"camelcase@1.0.0","_shasum":"922e65c1ca86276972a94de002b4e06e215324a0","_from":".","_npmVersion":"2.1.2","_nodeVersion":"0.10.32","_npmUser":{"name":"sindresorhus","email":"sindresorhus@gmail.com"},"maintainers":[{"name":"sindresorhus","email":"sindresorhus@gmail.com"}],"dist":{"shasum":"922e65c1ca86276972a94de002b4e06e215324a0","tarball":"https://registry.npmjs.org/camelcase/-/camelcase-1.0.0.tgz"},"directories":{}},"1.0.1":{"name":"camelcase","version":"1.0.1","description":"Convert a dash/dot/underscore/space separated string to camelCase: foo-bar → fooBar","license":"MIT","repository":{"type":"git","url":"https://github.com/sindresorhus/camelcase"},"author":{"name":"Sindre Sorhus","email":"sindresorhus@gmail.com","url":"http://sindresorhus.com"},"engines":{"node":">=0.10.0"},"scripts":{"test":"node test.js"},"files":["index.js"],"keywords":["camelcase","camel-case","camel","case","dash","hyphen","dot","underscore","separator","string","text","convert"],"devDependencies":{"ava":"0.0.4"},"gitHead":"4cdcb6a37bc99bffbc5645f8b1be88f9f512f486","bugs":{"url":"https://github.com/sindresorhus/camelcase/issues"},"homepage":"https://github.com/sindresorhus/camelcase","_id":"camelcase@1.0.1","_shasum":"f4f09e56e00a7749a4579f7741a61a2180797220","_from":".","_npmVersion":"2.1.2","_nodeVersion":"0.10.32","_npmUser":{"name":"sindresorhus","email":"sindresorhus@gmail.com"},"maintainers":[{"name":"sindresorhus","email":"sindresorhus@gmail.com"}],"dist":{"shasum":"f4f09e56e00a7749a4579f7741a61a2180797220","tarball":"https://registry.npmjs.org/camelcase/-/camelcase-1.0.1.tgz"},"directories":{}},"1.0.2":{"name":"camelcase","version":"1.0.2","description":"Convert a dash/dot/underscore/space separated string to camelCase: foo-bar → fooBar","license":"MIT","repository":{"type":"git","url":"https://github.com/sindresorhus/camelcase"},"author":{"name":"Sindre Sorhus","email":"sindresorhus@gmail.com","url":"http://sindresorhus.com"},"engines":{"node":">=0.10.0"},"scripts":{"test":"node test.js"},"files":["index.js"],"keywords":["camelcase","camel-case","camel","case","dash","hyphen","dot","underscore","separator","string","text","convert"],"devDependencies":{"ava":"0.0.4"},"gitHead":"9d492d45989e5c47a1b3a314e2c132837d3ef295","bugs":{"url":"https://github.com/sindresorhus/camelcase/issues"},"homepage":"https://github.com/sindresorhus/camelcase","_id":"camelcase@1.0.2","_shasum":"7912eac1d496836782c976c2d73e874dc54f2eaf","_from":".","_npmVersion":"2.1.5","_nodeVersion":"0.10.32","_npmUser":{"name":"sindresorhus","email":"sindresorhus@gmail.com"},"maintainers":[{"name":"sindresorhus","email":"sindresorhus@gmail.com"}],"dist":{"shasum":"7912eac1d496836782c976c2d73e874dc54f2eaf","tarball":"https://registry.npmjs.org/camelcase/-/camelcase-1.0.2.tgz"},"directories":{}},"1.1.0":{"name":"camelcase","version":"1.1.0","description":"Convert a dash/dot/underscore/space separated string to camelCase: foo-bar → fooBar","license":"MIT","repository":{"type":"git","url":"https://github.com/sindresorhus/camelcase"},"author":{"name":"Sindre Sorhus","email":"sindresorhus@gmail.com","url":"http://sindresorhus.com"},"engines":{"node":">=0.10.0"},"scripts":{"test":"node test.js"},"files":["index.js"],"keywords":["camelcase","camel-case","camel","case","dash","hyphen","dot","underscore","separator","string","text","convert"],"devDependencies":{"ava":"0.0.4"},"gitHead":"552dafacf307f3dd97586b0f96b1d608a2d48b7d","bugs":{"url":"https://github.com/sindresorhus/camelcase/issues"},"homepage":"https://github.com/sindresorhus/camelcase","_id":"camelcase@1.1.0","_shasum":"953b25c3bc98671ee59a44cb9d542672da7331b9","_from":".","_npmVersion":"2.9.1","_nodeVersion":"0.12.3","_npmUser":{"name":"sindresorhus","email":"sindresorhus@gmail.com"},"dist":{"shasum":"953b25c3bc98671ee59a44cb9d542672da7331b9","tarball":"https://registry.npmjs.org/camelcase/-/camelcase-1.1.0.tgz"},"maintainers":[{"name":"sindresorhus","email":"sindresorhus@gmail.com"}],"directories":{}},"1.2.0":{"name":"camelcase","version":"1.2.0","description":"Convert a dash/dot/underscore/space separated string to camelCase: foo-bar → fooBar","license":"MIT","repository":{"type":"git","url":"https://github.com/sindresorhus/camelcase"},"author":{"name":"Sindre Sorhus","email":"sindresorhus@gmail.com","url":"http://sindresorhus.com"},"engines":{"node":">=0.10.0"},"scripts":{"test":"node test.js"},"files":["index.js"],"keywords":["camelcase","camel-case","camel","case","dash","hyphen","dot","underscore","separator","string","text","convert"],"devDependencies":{"ava":"0.0.4"},"gitHead":"ca0d7611a290b9f4bfe9720fe36fa1700da13541","bugs":{"url":"https://github.com/sindresorhus/camelcase/issues"},"homepage":"https://github.com/sindresorhus/camelcase","_id":"camelcase@1.2.0","_shasum":"44c851ab95bb936513844be4abd4529337838530","_from":".","_npmVersion":"2.11.2","_nodeVersion":"0.12.5","_npmUser":{"name":"sindresorhus","email":"sindresorhus@gmail.com"},"dist":{"shasum":"44c851ab95bb936513844be4abd4529337838530","tarball":"https://registry.npmjs.org/camelcase/-/camelcase-1.2.0.tgz"},"maintainers":[{"name":"sindresorhus","email":"sindresorhus@gmail.com"}],"directories":{}},"1.2.1":{"name":"camelcase","version":"1.2.1","description":"Convert a dash/dot/underscore/space separated string to camelCase: foo-bar → fooBar","license":"MIT","repository":{"type":"git","url":"https://github.com/sindresorhus/camelcase"},"author":{"name":"Sindre Sorhus","email":"sindresorhus@gmail.com","url":"http://sindresorhus.com"},"engines":{"node":">=0.10.0"},"scripts":{"test":"node test.js"},"files":["index.js"],"keywords":["camelcase","camel-case","camel","case","dash","hyphen","dot","underscore","separator","string","text","convert"],"devDependencies":{"ava":"0.0.4"},"gitHead":"185ba12da723be9c1ee986cc2956bdc4c517a141","bugs":{"url":"https://github.com/sindresorhus/camelcase/issues"},"homepage":"https://github.com/sindresorhus/camelcase","_id":"camelcase@1.2.1","_shasum":"9bb5304d2e0b56698b2c758b08a3eaa9daa58a39","_from":".","_npmVersion":"2.11.2","_nodeVersion":"0.12.5","_npmUser":{"name":"sindresorhus","email":"sindresorhus@gmail.com"},"dist":{"shasum":"9bb5304d2e0b56698b2c758b08a3eaa9daa58a39","tarball":"https://registry.npmjs.org/camelcase/-/camelcase-1.2.1.tgz"},"maintainers":[{"name":"sindresorhus","email":"sindresorhus@gmail.com"}],"directories":{}},"2.0.0":{"name":"camelcase","version":"2.0.0","description":"Convert a dash/dot/underscore/space separated string to camelCase: foo-bar → fooBar","license":"MIT","repository":{"type":"git","url":"https://github.com/sindresorhus/camelcase"},"author":{"name":"Sindre Sorhus","email":"sindresorhus@gmail.com","url":"http://sindresorhus.com"},"engines":{"node":">=0.10.0"},"scripts":{"test":"xo && ava"},"files":["index.js"],"keywords":["camelcase","camel-case","camel","case","dash","hyphen","dot","underscore","separator","string","text","convert"],"devDependencies":{"ava":"*","xo":"*"},"gitHead":"2911efeb93b84c10406391c1536edfe73c658588","bugs":{"url":"https://github.com/sindresorhus/camelcase/issues"},"homepage":"https://github.com/sindresorhus/camelcase","_id":"camelcase@2.0.0","_shasum":"ce69bde576ae24cb4bec697eec93c81809ecbefa","_from":".","_npmVersion":"2.14.7","_nodeVersion":"4.2.1","_npmUser":{"name":"sindresorhus","email":"sindresorhus@gmail.com"},"dist":{"shasum":"ce69bde576ae24cb4bec697eec93c81809ecbefa","tarball":"https://registry.npmjs.org/camelcase/-/camelcase-2.0.0.tgz"},"maintainers":[{"name":"sindresorhus","email":"sindresorhus@gmail.com"}],"directories":{}},"2.0.1":{"name":"camelcase","version":"2.0.1","description":"Convert a dash/dot/underscore/space separated string to camelCase: foo-bar → fooBar","license":"MIT","repository":{"type":"git","url":"https://github.com/sindresorhus/camelcase"},"author":{"name":"Sindre Sorhus","email":"sindresorhus@gmail.com","url":"http://sindresorhus.com"},"engines":{"node":">=0.10.0"},"scripts":{"test":"xo && ava"},"files":["index.js"],"keywords":["camelcase","camel-case","camel","case","dash","hyphen","dot","underscore","separator","string","text","convert"],"devDependencies":{"ava":"*","xo":"*"},"gitHead":"fb178b39412e3b63ef86bf6933089282d74d85c4","bugs":{"url":"https://github.com/sindresorhus/camelcase/issues"},"homepage":"https://github.com/sindresorhus/camelcase","_id":"camelcase@2.0.1","_shasum":"57568d687b8da56c4c1d17b4c74a3cee26d73aeb","_from":".","_npmVersion":"2.14.7","_nodeVersion":"4.2.1","_npmUser":{"name":"sindresorhus","email":"sindresorhus@gmail.com"},"dist":{"shasum":"57568d687b8da56c4c1d17b4c74a3cee26d73aeb","tarball":"https://registry.npmjs.org/camelcase/-/camelcase-2.0.1.tgz"},"maintainers":[{"name":"sindresorhus","email":"sindresorhus@gmail.com"}],"directories":{}},"2.1.0":{"name":"camelcase","version":"2.1.0","description":"Convert a dash/dot/underscore/space separated string to camelCase: foo-bar → fooBar","license":"MIT","repository":{"type":"git","url":"git+https://github.com/sindresorhus/camelcase.git"},"author":{"name":"Sindre Sorhus","email":"sindresorhus@gmail.com","url":"http://sindresorhus.com"},"engines":{"node":">=0.10.0"},"scripts":{"test":"xo && ava"},"files":["index.js"],"keywords":["camelcase","camel-case","camel","case","dash","hyphen","dot","underscore","separator","string","text","convert"],"devDependencies":{"ava":"*","xo":"*"},"gitHead":"9b73ccb3f48ab86eccb136c155f0eb2e67f40dc3","bugs":{"url":"https://github.com/sindresorhus/camelcase/issues"},"homepage":"https://github.com/sindresorhus/camelcase#readme","_id":"camelcase@2.1.0","_shasum":"533ad4cd7f8a1080ded31aba6c79b4bf437ff30c","_from":".","_npmVersion":"3.6.0","_nodeVersion":"4.2.4","_npmUser":{"name":"sindresorhus","email":"sindresorhus@gmail.com"},"dist":{"shasum":"533ad4cd7f8a1080ded31aba6c79b4bf437ff30c","tarball":"https://registry.npmjs.org/camelcase/-/camelcase-2.1.0.tgz"},"maintainers":[{"name":"sindresorhus","email":"sindresorhus@gmail.com"}],"directories":{}},"2.1.1":{"name":"camelcase","version":"2.1.1","description":"Convert a dash/dot/underscore/space separated string to camelCase: foo-bar → fooBar","license":"MIT","repository":{"type":"git","url":"https://github.com/sindresorhus/camelcase"},"author":{"name":"Sindre Sorhus","email":"sindresorhus@gmail.com","url":"http://sindresorhus.com"},"engines":{"node":">=0.10.0"},"scripts":{"test":"xo && ava"},"files":["index.js"],"keywords":["camelcase","camel-case","camel","case","dash","hyphen","dot","underscore","separator","string","text","convert"],"devDependencies":{"ava":"*","xo":"*"},"gitHead":"35c9c8abce5b9cc9defe534ab25823dc6383180f","bugs":{"url":"https://github.com/sindresorhus/camelcase/issues"},"homepage":"https://github.com/sindresorhus/camelcase","_id":"camelcase@2.1.1","_shasum":"7c1d16d679a1bbe59ca02cacecfb011e201f5a1f","_from":".","_npmVersion":"2.14.12","_nodeVersion":"4.3.0","_npmUser":{"name":"sindresorhus","email":"sindresorhus@gmail.com"},"dist":{"shasum":"7c1d16d679a1bbe59ca02cacecfb011e201f5a1f","tarball":"https://registry.npmjs.org/camelcase/-/camelcase-2.1.1.tgz"},"maintainers":[{"name":"sindresorhus","email":"sindresorhus@gmail.com"}],"_npmOperationalInternal":{"host":"packages-12-west.internal.npmjs.com","tmp":"tmp/camelcase-2.1.1.tgz_1457803836074_0.4515206723008305"},"directories":{}}},"homepage":"https://github.com/sindresorhus/camelcase","keywords":["camelcase","camel-case","camel","case","dash","hyphen","dot","underscore","separator","string","text","convert"],"repository":{"type":"git","url":"https://github.com/sindresorhus/camelcase"},"author":{"name":"Sindre Sorhus","email":"sindresorhus@gmail.com","url":"http://sindresorhus.com"},"bugs":{"url":"https://github.com/sindresorhus/camelcase/issues"},"license":"MIT","readmeFilename":"readme.md","users":{"andrebassi":true,"akiva":true,"gochomugo":true,"bret":true,"galenandrew":true,"xiechao06":true,"vwal":true,"docksteaderluke":true},"_attachments":{},"_etag":"\"59C1A3SCXEX18N84OFS8LVKBC\""}