{"_id":"y18n","_rev":"11-88c65f26304a3e5c2e073dad47cb7e64","name":"y18n","description":"the bare-bones internationalization library used by yargs","dist-tags":{"latest":"3.2.1"},"versions":{"1.0.0":{"name":"y18n","version":"1.0.0","description":"the bare-bones internationalization library used by yargs","main":"index.js","scripts":{"pretest":"standard","test":"nyc mocha"},"repository":{"type":"git","url":"git@github.com:bcoe/y18n.git"},"keywords":["i18n","internationalization","yargs"],"author":{"name":"Ben Coe","email":"ben@npmjs.com"},"license":"ISC","bugs":{"url":"https://github.com/bcoe/y18n/issues"},"homepage":"https://github.com/bcoe/y18n","devDependencies":{"chai":"^3.2.0","mocha":"^2.2.5","nyc":"^3.0.1","rimraf":"^2.4.2","standard":"^4.5.4"},"gitHead":"da3facd10d36b380d02dfa14db367f09ff124869","_id":"y18n@1.0.0","_shasum":"408ca633ce1cb2e8e1e288acb8c7007dcb28a588","_from":".","_npmVersion":"2.7.5","_nodeVersion":"0.10.36","_npmUser":{"name":"bcoe","email":"ben@npmjs.com"},"dist":{"shasum":"408ca633ce1cb2e8e1e288acb8c7007dcb28a588","tarball":"https://registry.npmjs.org/y18n/-/y18n-1.0.0.tgz"},"maintainers":[{"name":"bcoe","email":"ben@npmjs.com"}],"directories":{}},"1.1.0":{"name":"y18n","version":"1.1.0","description":"the bare-bones internationalization library used by yargs","main":"index.js","scripts":{"pretest":"standard","test":"nyc mocha","coverage":"nyc report --reporter=text-lcov | coveralls"},"repository":{"type":"git","url":"git+ssh://git@github.com/bcoe/y18n.git"},"keywords":["i18n","internationalization","yargs"],"author":{"name":"Ben Coe","email":"ben@npmjs.com"},"license":"ISC","bugs":{"url":"https://github.com/bcoe/y18n/issues"},"homepage":"https://github.com/bcoe/y18n","devDependencies":{"chai":"^3.2.0","coveralls":"^2.11.3","mocha":"^2.2.5","nyc":"^3.0.1","rimraf":"^2.4.2","standard":"^4.5.4"},"gitHead":"84becd79cc173a7dbfd97decbbc50aec85a52694","_id":"y18n@1.1.0","_shasum":"ba6bce6ebc50bcdb66bebadcd8f2c6fa5f5d6e4d","_from":".","_npmVersion":"2.13.2","_nodeVersion":"2.0.2","_npmUser":{"name":"bcoe","email":"ben@npmjs.com"},"dist":{"shasum":"ba6bce6ebc50bcdb66bebadcd8f2c6fa5f5d6e4d","tarball":"https://registry.npmjs.org/y18n/-/y18n-1.1.0.tgz"},"maintainers":[{"name":"bcoe","email":"ben@npmjs.com"}],"directories":{}},"2.0.0":{"name":"y18n","version":"2.0.0","description":"the bare-bones internationalization library used by yargs","main":"index.js","scripts":{"pretest":"standard","test":"nyc mocha","coverage":"nyc report --reporter=text-lcov | coveralls"},"repository":{"type":"git","url":"git+ssh://git@github.com/bcoe/y18n.git"},"keywords":["i18n","internationalization","yargs"],"author":{"name":"Ben Coe","email":"ben@npmjs.com"},"license":"ISC","bugs":{"url":"https://github.com/bcoe/y18n/issues"},"homepage":"https://github.com/bcoe/y18n","devDependencies":{"chai":"^3.2.0","coveralls":"^2.11.3","mocha":"^2.2.5","nyc":"^3.0.1","rimraf":"^2.4.2","standard":"^4.5.4"},"gitHead":"17c6b1146fc008e4e95645105f1733210733e786","_id":"y18n@2.0.0","_shasum":"c4bc87a9add7962f72d208f8d04660abd774e4de","_from":".","_npmVersion":"2.13.2","_nodeVersion":"2.0.2","_npmUser":{"name":"bcoe","email":"ben@npmjs.com"},"dist":{"shasum":"c4bc87a9add7962f72d208f8d04660abd774e4de","tarball":"https://registry.npmjs.org/y18n/-/y18n-2.0.0.tgz"},"maintainers":[{"name":"bcoe","email":"ben@npmjs.com"}],"directories":{}},"3.0.0":{"name":"y18n","version":"3.0.0","description":"the bare-bones internationalization library used by yargs","main":"index.js","scripts":{"pretest":"standard","test":"nyc mocha","coverage":"nyc report --reporter=text-lcov | coveralls"},"repository":{"type":"git","url":"git+ssh://git@github.com/bcoe/y18n.git"},"keywords":["i18n","internationalization","yargs"],"author":{"name":"Ben Coe","email":"ben@npmjs.com"},"license":"ISC","bugs":{"url":"https://github.com/bcoe/y18n/issues"},"homepage":"https://github.com/bcoe/y18n","devDependencies":{"chai":"^3.2.0","coveralls":"^2.11.3","mocha":"^2.2.5","nyc":"^3.0.1","rimraf":"^2.4.2","standard":"^4.5.4"},"gitHead":"58bf38fb645839f75f0ccfae16ef819fe0df2986","_id":"y18n@3.0.0","_shasum":"848c0149c64003945d62287d6a0a3b91d7fdf6f5","_from":".","_npmVersion":"2.13.2","_nodeVersion":"2.0.2","_npmUser":{"name":"bcoe","email":"ben@npmjs.com"},"dist":{"shasum":"848c0149c64003945d62287d6a0a3b91d7fdf6f5","tarball":"https://registry.npmjs.org/y18n/-/y18n-3.0.0.tgz"},"maintainers":[{"name":"bcoe","email":"ben@npmjs.com"}],"directories":{}},"3.1.0":{"name":"y18n","version":"3.1.0","description":"the bare-bones internationalization library used by yargs","main":"index.js","scripts":{"pretest":"standard","test":"nyc mocha","coverage":"nyc report --reporter=text-lcov | coveralls"},"repository":{"type":"git","url":"git+ssh://git@github.com/bcoe/y18n.git"},"keywords":["i18n","internationalization","yargs"],"author":{"name":"Ben Coe","email":"ben@npmjs.com"},"license":"ISC","bugs":{"url":"https://github.com/bcoe/y18n/issues"},"homepage":"https://github.com/bcoe/y18n","devDependencies":{"chai":"^3.2.0","coveralls":"^2.11.4","mocha":"^2.2.5","nyc":"^3.1.0","rimraf":"^2.4.2","standard":"^5.1.0"},"gitHead":"a75460b306db0097aed0c7e12362bb222e8de90b","_id":"y18n@3.1.0","_shasum":"dfcf19493e8dd9763a3d4bd0fa673de37cf8e860","_from":".","_npmVersion":"2.13.1","_nodeVersion":"0.12.7","_npmUser":{"name":"abg","email":"andrewbgoode@gmail.com"},"maintainers":[{"name":"bcoe","email":"ben@npmjs.com"},{"name":"abg","email":"andrewbgoode@gmail.com"}],"dist":{"shasum":"dfcf19493e8dd9763a3d4bd0fa673de37cf8e860","tarball":"https://registry.npmjs.org/y18n/-/y18n-3.1.0.tgz"},"directories":{}},"3.2.0":{"name":"y18n","version":"3.2.0","description":"the bare-bones internationalization library used by yargs","main":"index.js","scripts":{"pretest":"standard","test":"nyc mocha","coverage":"nyc report --reporter=text-lcov | coveralls"},"repository":{"type":"git","url":"git+ssh://git@github.com/bcoe/y18n.git"},"keywords":["i18n","internationalization","yargs"],"author":{"name":"Ben Coe","email":"ben@npmjs.com"},"license":"ISC","bugs":{"url":"https://github.com/bcoe/y18n/issues"},"homepage":"https://github.com/bcoe/y18n","devDependencies":{"chai":"^3.3.0","coveralls":"^2.11.4","mocha":"^2.3.3","nyc":"^3.2.2","rimraf":"^2.4.3","standard":"^5.3.1"},"gitHead":"a92184823afa8cccef4c8100a0b79338f85ab089","_id":"y18n@3.2.0","_shasum":"3bec64c93b730d924a6148c765757932433e34c8","_from":".","_npmVersion":"2.14.2","_nodeVersion":"0.12.7","_npmUser":{"name":"abg","email":"andrewbgoode@gmail.com"},"maintainers":[{"name":"bcoe","email":"ben@npmjs.com"},{"name":"abg","email":"andrewbgoode@gmail.com"}],"dist":{"shasum":"3bec64c93b730d924a6148c765757932433e34c8","tarball":"https://registry.npmjs.org/y18n/-/y18n-3.2.0.tgz"},"directories":{}},"3.2.1":{"name":"y18n","version":"3.2.1","description":"the bare-bones internationalization library used by yargs","main":"index.js","scripts":{"pretest":"standard","test":"nyc mocha","coverage":"nyc report --reporter=text-lcov | coveralls"},"repository":{"type":"git","url":"git+ssh://git@github.com/yargs/y18n.git"},"files":["index.js"],"keywords":["i18n","internationalization","yargs"],"author":{"name":"Ben Coe","email":"ben@npmjs.com"},"license":"ISC","bugs":{"url":"https://github.com/yargs/y18n/issues"},"homepage":"https://github.com/yargs/y18n","devDependencies":{"chai":"^3.4.1","coveralls":"^2.11.6","mocha":"^2.3.4","nyc":"^6.1.1","rimraf":"^2.5.0","standard":"^5.4.1"},"gitHead":"34d6ad7bfeac67721ccbcf3bbcc761f33d787c90","_id":"y18n@3.2.1","_shasum":"6d15fba884c08679c0d77e88e7759e811e07fa41","_from":".","_npmVersion":"3.3.0","_nodeVersion":"3.2.0","_npmUser":{"name":"bcoe","email":"ben@npmjs.com"},"dist":{"shasum":"6d15fba884c08679c0d77e88e7759e811e07fa41","tarball":"https://registry.npmjs.org/y18n/-/y18n-3.2.1.tgz"},"maintainers":[{"name":"bcoe","email":"ben@npmjs.com"},{"name":"nexdrew","email":"andrew@npmjs.com"}],"_npmOperationalInternal":{"host":"packages-13-west.internal.npmjs.com","tmp":"tmp/y18n-3.2.1.tgz_1458191070611_0.9606689948122948"},"directories":{}}},"readme":"# y18n\n\n[![Build Status][travis-image]][travis-url]\n[![Coverage Status][coveralls-image]][coveralls-url]\n[![NPM version][npm-image]][npm-url]\n[![js-standard-style][standard-image]][standard-url]\n\nThe bare-bones internationalization library used by yargs.\n\nInspired by [i18n](https://www.npmjs.com/package/i18n).\n\n## Examples\n\n_simple string translation:_\n\n```js\nvar __ = require('y18n').__\n\nconsole.log(__('my awesome string %s', 'foo'))\n```\n\noutput:\n\n`my awesome string foo`\n\n_pluralization support:_\n\n```js\nvar __n = require('y18n').__n\n\nconsole.log(__n('one fish %s', '%d fishes %s', 2, 'foo'))\n```\n\noutput:\n\n`2 fishes foo`\n\n## JSON Language Files\n\nThe JSON language files should be stored in a `./locales` folder.\nFile names correspond to locales, e.g., `en.json`, `pirate.json`.\n\nWhen strings are observed for the first time they will be\nadded to the JSON file corresponding to the current locale.\n\n## Methods\n\n### require('y18n')(config)\n\nCreate an instance of y18n with the config provided, options include:\n\n* `directory`: the locale directory, default `./locales`.\n* `updateFiles`: should newly observed strings be updated in file, default `true`.\n* `locale`: what locale should be used.\n* `fallbackToLanguage`: should fallback to a language-only file (e.g. `en.json`)\n  be allowed if a file matching the locale does not exist (e.g. `en_US.json`),\n  default `true`.\n\n### y18n.\\_\\_(str, arg, arg, arg)\n\nPrint a localized string, `%s` will be replaced with `arg`s.\n\n### y18n.\\_\\_n(singularString, pluralString, count, arg, arg, arg)\n\nPrint a localized string with appropriate pluralization. If `%d` is provided\nin the string, the `count` will replace this placeholder.\n\n### y18n.setLocale(str)\n\nSet the current locale being used.\n\n### y18n.getLocale()\n\nWhat locale is currently being used?\n\n### y18n.updateLocale(obj)\n\nUpdate the current locale with the key value pairs in `obj`.\n\n## License\n\nISC\n\n[travis-url]: https://travis-ci.org/yargs/y18n\n[travis-image]: https://img.shields.io/travis/yargs/y18n.svg\n[coveralls-url]: https://coveralls.io/github/yargs/y18n\n[coveralls-image]: https://img.shields.io/coveralls/yargs/y18n.svg\n[npm-url]: https://npmjs.org/package/y18n\n[npm-image]: https://img.shields.io/npm/v/y18n.svg\n[standard-image]: https://img.shields.io/badge/code%20style-standard-brightgreen.svg\n[standard-url]: https://github.com/feross/standard\n","maintainers":[{"name":"bcoe","email":"ben@npmjs.com"},{"name":"nexdrew","email":"andrew@npmjs.com"}],"time":{"modified":"2016-03-17T05:04:31.363Z","created":"2015-07-27T07:19:00.467Z","1.0.0":"2015-07-27T07:19:00.467Z","1.1.0":"2015-07-28T04:15:40.553Z","2.0.0":"2015-07-28T05:07:08.737Z","3.0.0":"2015-07-29T07:35:44.735Z","3.1.0":"2015-08-18T22:01:52.657Z","3.2.0":"2015-09-21T20:58:01.658Z","3.2.1":"2016-03-17T05:04:31.363Z"},"homepage":"https://github.com/yargs/y18n","keywords":["i18n","internationalization","yargs"],"repository":{"type":"git","url":"git+ssh://git@github.com/yargs/y18n.git"},"author":{"name":"Ben Coe","email":"ben@npmjs.com"},"bugs":{"url":"https://github.com/yargs/y18n/issues"},"license":"ISC","readmeFilename":"README.md","users":{"slurm":true},"_attachments":{},"_etag":"\"A06OQ5IF7THRGU5JWNVG4ICGZ\""}