{"_id":"right-align","_rev":"6-790eaf13ad823aac7959d2ea5836d262","name":"right-align","description":"Right-align the text in a string.","dist-tags":{"latest":"0.1.3"},"versions":{"0.1.0":{"name":"right-align","description":"Right-align the text in a string.","version":"0.1.0","homepage":"https://github.com/jonschlinkert/right-align","author":{"name":"Jon Schlinkert","url":"https://github.com/jonschlinkert"},"repository":{"type":"git","url":"git://github.com/jonschlinkert/right-align.git"},"bugs":{"url":"https://github.com/jonschlinkert/right-align/issues"},"license":{"type":"MIT","url":"https://github.com/jonschlinkert/right-align/blob/master/LICENSE"},"files":["index.js"],"main":"index.js","engines":{"node":">=0.10.0"},"scripts":{"test":"mocha"},"dependencies":{"align-text":"^0.1.0"},"devDependencies":{"mocha":"*","should":"*"},"keywords":["align","align-center","center","center-align","right","right-align","text","typography"],"_id":"right-align@0.1.0","_shasum":"ce011b2593836829d28c316b1c858f5711fc70fa","_from":".","_npmVersion":"2.5.1","_nodeVersion":"0.12.0","_npmUser":{"name":"jonschlinkert","email":"github@sellside.com"},"maintainers":[{"name":"jonschlinkert","email":"github@sellside.com"}],"dist":{"shasum":"ce011b2593836829d28c316b1c858f5711fc70fa","tarball":"https://registry.npmjs.org/right-align/-/right-align-0.1.0.tgz"},"directories":{}},"0.1.1":{"name":"right-align","description":"Right-align the text in a string.","version":"0.1.1","homepage":"https://github.com/jonschlinkert/right-align","author":{"name":"Jon Schlinkert","url":"https://github.com/jonschlinkert"},"repository":{"type":"git","url":"git://github.com/jonschlinkert/right-align.git"},"bugs":{"url":"https://github.com/jonschlinkert/right-align/issues"},"license":{"type":"MIT","url":"https://github.com/jonschlinkert/right-align/blob/master/LICENSE"},"files":["index.js"],"main":"index.js","engines":{"node":">=0.10.0"},"scripts":{"test":"mocha"},"dependencies":{"align-text":"^0.1.0"},"devDependencies":{"mocha":"*","should":"*"},"keywords":["align","align-center","center","center-align","right","right-align","text","typography"],"gitHead":"ec8244c3dbf06bd6a0dd2fd26676d296e0641816","_id":"right-align@0.1.1","_shasum":"dd413fb6f766aa0039bc9615c0df11a645ef5838","_from":".","_npmVersion":"2.5.1","_nodeVersion":"0.12.0","_npmUser":{"name":"jonschlinkert","email":"github@sellside.com"},"maintainers":[{"name":"jonschlinkert","email":"github@sellside.com"}],"dist":{"shasum":"dd413fb6f766aa0039bc9615c0df11a645ef5838","tarball":"https://registry.npmjs.org/right-align/-/right-align-0.1.1.tgz"},"directories":{}},"0.1.2":{"name":"right-align","description":"Right-align the text in a string.","version":"0.1.2","homepage":"https://github.com/jonschlinkert/right-align","author":{"name":"Jon Schlinkert","url":"https://github.com/jonschlinkert"},"repository":{"type":"git","url":"git://github.com/jonschlinkert/right-align.git"},"bugs":{"url":"https://github.com/jonschlinkert/right-align/issues"},"license":"MIT","files":["index.js"],"main":"index.js","engines":{"node":">=0.10.0"},"scripts":{"test":"mocha"},"dependencies":{"align-text":"^0.1.1"},"devDependencies":{"mocha":"*","should":"*"},"keywords":["align","align-center","center","center-align","right","right-align","text","typography"],"gitHead":"663a94d66e767eb5d9540e9006bfacd25179fd40","_id":"right-align@0.1.2","_shasum":"c25ff4cf70760447134e510ee1583c77bbf9c415","_from":".","_npmVersion":"2.10.1","_nodeVersion":"0.12.4","_npmUser":{"name":"jonschlinkert","email":"github@sellside.com"},"maintainers":[{"name":"jonschlinkert","email":"github@sellside.com"}],"dist":{"shasum":"c25ff4cf70760447134e510ee1583c77bbf9c415","tarball":"https://registry.npmjs.org/right-align/-/right-align-0.1.2.tgz"},"directories":{}},"0.1.3":{"name":"right-align","description":"Right-align the text in a string.","version":"0.1.3","homepage":"https://github.com/jonschlinkert/right-align","author":{"name":"Jon Schlinkert","url":"https://github.com/jonschlinkert"},"repository":{"type":"git","url":"git://github.com/jonschlinkert/right-align.git"},"bugs":{"url":"https://github.com/jonschlinkert/right-align/issues"},"license":"MIT","files":["index.js"],"main":"index.js","engines":{"node":">=0.10.0"},"scripts":{"test":"mocha"},"dependencies":{"align-text":"^0.1.1"},"devDependencies":{"mocha":"*","should":"*"},"keywords":["align","align-center","center","center-align","right","right-align","text","typography"],"gitHead":"23ee38d6eedbcbfed241ace6587ce5730684dd18","_id":"right-align@0.1.3","_shasum":"61339b722fe6a3515689210d24e14c96148613ef","_from":".","_npmVersion":"2.10.1","_nodeVersion":"0.12.4","_npmUser":{"name":"jonschlinkert","email":"github@sellside.com"},"maintainers":[{"name":"jonschlinkert","email":"github@sellside.com"}],"dist":{"shasum":"61339b722fe6a3515689210d24e14c96148613ef","tarball":"https://registry.npmjs.org/right-align/-/right-align-0.1.3.tgz"},"directories":{}}},"readme":"# right-align [![NPM version](https://badge.fury.io/js/right-align.svg)](http://badge.fury.io/js/right-align)\n\n> Right-align the text in a string.\n\nInstall with [npm](https://www.npmjs.com/)\n\n```sh\n$ npm i right-align --save\n```\n\n## Usage\n\n```js\nvar rightAlign = require('right-align');\nrightAlign(string);\n```\n\n**Example**\n\nIf used on the following:\n\n```\nLorem ipsum dolor sit amet,\nconsectetur adipiscing\nelit, sed do eiusmod tempor incididunt\nut labore et dolore\nmagna aliqua. Ut enim ad minim\nveniam, quis\n```\n\nThe result would be:\n\n```\n           Lorem ipsum dolor sit amet,\n                consectetur adipiscing\nelit, sed do eiusmod tempor incididunt\n                   ut labore et dolore\n        magna aliqua. Ut enim ad minim\n                          veniam, quis\n```\n\n## Related projects\n\n* [align-text](https://github.com/jonschlinkert/align-text): Align the text in a string.\n* [center-align](https://github.com/jonschlinkert/center-align): Center-align the text in a string.\n* [justify](https://github.com/bahamas10/node-justify): Left or right (or both) justify text using a custom width and character\n* [repeat-string](https://github.com/jonschlinkert/repeat-string): Repeat the given string n times. Fastest implementation for repeating a string.\n* [repeat-element](https://github.com/jonschlinkert/repeat-element): Create an array by repeating the given value n times.\n* [word-wrap](https://github.com/jonschlinkert/word-wrap): Wrap words to a specified length.\n\n## Running tests\n\nInstall dev dependencies:\n\n```sh\n$ npm i -d && npm test\n```\n\n## Contributing\n\nPull requests and stars are always welcome. For bugs and feature requests, [please create an issue](https://github.com/jonschlinkert/right-align/issues/new)\n\n## Author\n\n**Jon Schlinkert**\n\n+ [github/jonschlinkert](https://github.com/jonschlinkert)\n+ [twitter/jonschlinkert](http://twitter.com/jonschlinkert)\n\n## License\n\nCopyright © 2015 Jon Schlinkert\nReleased under the MIT license.\n\n***\n\n_This file was generated by [verb-cli](https://github.com/assemble/verb-cli) on June 09, 2015._\n","maintainers":[{"name":"jonschlinkert","email":"github@sellside.com"}],"time":{"modified":"2015-06-09T05:58:16.317Z","created":"2015-03-08T01:11:41.746Z","0.1.0":"2015-03-08T01:11:41.746Z","0.1.1":"2015-03-08T01:15:34.276Z","0.1.2":"2015-06-09T05:28:16.203Z","0.1.3":"2015-06-09T05:58:16.317Z"},"homepage":"https://github.com/jonschlinkert/right-align","keywords":["align","align-center","center","center-align","right","right-align","text","typography"],"repository":{"type":"git","url":"git://github.com/jonschlinkert/right-align.git"},"author":{"name":"Jon Schlinkert","url":"https://github.com/jonschlinkert"},"bugs":{"url":"https://github.com/jonschlinkert/right-align/issues"},"license":"MIT","readmeFilename":"README.md","_attachments":{},"_etag":"\"BUK8YIBQX3H9UO64I3UYZP9HJ\""}