{"_id":"path-case","_rev":"15-c9bcbb3acb73d41d90174e9eb3ef36e1","name":"path-case","description":"Path case a string","dist-tags":{"latest":"1.1.2"},"versions":{"0.0.1":{"name":"path-case","version":"0.0.1","description":"Path case a string","main":"path-case.js","scripts":{"test":"istanbul cover _mocha -- -R spec"},"repository":{"type":"git","url":"git://github.com/blakeembrey/path-case.git"},"keywords":["path","case","slash"],"author":{"name":"Blake Embrey"},"license":"MIT","bugs":{"url":"https://github.com/blakeembrey/path-case/issues"},"homepage":"https://github.com/blakeembrey/path-case","devDependencies":{"istanbul":"^0.2.6","mocha":"^1.18.2"},"dependencies":{"sentence-case":"0.0.1"},"_id":"path-case@0.0.1","dist":{"shasum":"8fb260ee461a31e334c7ab757914c47b912d43b7","tarball":"https://registry.npmjs.org/path-case/-/path-case-0.0.1.tgz"},"_from":".","_npmVersion":"1.4.6","_npmUser":{"name":"blakeembrey","email":"hello@blakeembrey.com"},"maintainers":[{"name":"blakeembrey","email":"hello@blakeembrey.com"}],"directories":{}},"0.0.2":{"name":"path-case","version":"0.0.2","description":"Path case a string","main":"path-case.js","scripts":{"test":"istanbul cover _mocha -- -R spec"},"repository":{"type":"git","url":"git://github.com/blakeembrey/path-case.git"},"keywords":["path","case","slash"],"author":{"name":"Blake Embrey"},"license":"MIT","bugs":{"url":"https://github.com/blakeembrey/path-case/issues"},"homepage":"https://github.com/blakeembrey/path-case","devDependencies":{"istanbul":"^0.2.6","mocha":"^1.18.2"},"dependencies":{"sentence-case":"0.0.2"},"_id":"path-case@0.0.2","dist":{"shasum":"a8779c81b85b20e271ba1927527de4d0e6105d0f","tarball":"https://registry.npmjs.org/path-case/-/path-case-0.0.2.tgz"},"_from":".","_npmVersion":"1.4.6","_npmUser":{"name":"blakeembrey","email":"hello@blakeembrey.com"},"maintainers":[{"name":"blakeembrey","email":"hello@blakeembrey.com"}],"directories":{}},"0.1.0":{"name":"path-case","version":"0.1.0","description":"Path case a string","main":"path-case.js","scripts":{"test":"istanbul cover _mocha -- -R spec"},"repository":{"type":"git","url":"git://github.com/blakeembrey/path-case.git"},"keywords":["path","case","slash"],"author":{"name":"Blake Embrey"},"license":"MIT","bugs":{"url":"https://github.com/blakeembrey/path-case/issues"},"homepage":"https://github.com/blakeembrey/path-case","devDependencies":{"istanbul":"^0.2.6","mocha":"^1.18.2"},"dependencies":{"sentence-case":"^0.1.1"},"_id":"path-case@0.1.0","dist":{"shasum":"e247340cd9e0be8ff5344e956e28370bbe286f0a","tarball":"https://registry.npmjs.org/path-case/-/path-case-0.1.0.tgz"},"_from":".","_npmVersion":"1.4.6","_npmUser":{"name":"blakeembrey","email":"hello@blakeembrey.com"},"maintainers":[{"name":"blakeembrey","email":"hello@blakeembrey.com"}],"directories":{}},"1.0.0":{"name":"path-case","version":"1.0.0","description":"Path case a string","main":"path-case.js","scripts":{"test":"istanbul cover _mocha -- -R spec"},"repository":{"type":"git","url":"git://github.com/blakeembrey/path-case.git"},"keywords":["path","case","slash"],"author":{"name":"Blake Embrey","email":"hello@blakeembrey.com","url":"http://blakeembrey.me"},"license":"MIT","bugs":{"url":"https://github.com/blakeembrey/path-case/issues"},"homepage":"https://github.com/blakeembrey/path-case","devDependencies":{"istanbul":"^0.3.0","mocha":"^1.18.2"},"dependencies":{"sentence-case":"^1.0.0"},"gitHead":"8b731fc80efcfa373bbbd8b4bf206fe8a9409f5a","_id":"path-case@1.0.0","_shasum":"60fcaad0cc0252a53beda7d0e101ab9e6b9a3b1b","_from":".","_npmVersion":"1.4.14","_npmUser":{"name":"blakeembrey","email":"hello@blakeembrey.com"},"maintainers":[{"name":"blakeembrey","email":"hello@blakeembrey.com"}],"dist":{"shasum":"60fcaad0cc0252a53beda7d0e101ab9e6b9a3b1b","tarball":"https://registry.npmjs.org/path-case/-/path-case-1.0.0.tgz"},"directories":{}},"1.0.1":{"name":"path-case","version":"1.0.1","description":"Path case a string","main":"path-case.js","scripts":{"test":"istanbul cover _mocha -- -R spec"},"repository":{"type":"git","url":"git://github.com/blakeembrey/path-case.git"},"keywords":["path","case","slash"],"author":{"name":"Blake Embrey","email":"hello@blakeembrey.com","url":"http://blakeembrey.me"},"license":"MIT","bugs":{"url":"https://github.com/blakeembrey/path-case/issues"},"homepage":"https://github.com/blakeembrey/path-case","devDependencies":{"istanbul":"^0.3.0","mocha":"^1.18.2"},"dependencies":{"sentence-case":"^1.0.2"},"_id":"path-case@1.0.1","_shasum":"1c32c9df2785dbbe7995f764dd619775105fa797","_from":".","_npmVersion":"1.4.9","_npmUser":{"name":"blakeembrey","email":"hello@blakeembrey.com"},"maintainers":[{"name":"blakeembrey","email":"hello@blakeembrey.com"}],"dist":{"shasum":"1c32c9df2785dbbe7995f764dd619775105fa797","tarball":"https://registry.npmjs.org/path-case/-/path-case-1.0.1.tgz"},"directories":{}},"1.1.0":{"name":"path-case","version":"1.1.0","description":"Path case a string","main":"path-case.js","files":["path-case.js","LICENSE"],"scripts":{"test":"istanbul cover _mocha -- -R spec"},"repository":{"type":"git","url":"git://github.com/blakeembrey/path-case.git"},"keywords":["path","case","slash"],"author":{"name":"Blake Embrey","email":"hello@blakeembrey.com","url":"http://blakeembrey.me"},"license":"MIT","bugs":{"url":"https://github.com/blakeembrey/path-case/issues"},"homepage":"https://github.com/blakeembrey/path-case","devDependencies":{"istanbul":"^0.3.0","mocha":"^1.18.2","pre-commit":"0.0.9"},"dependencies":{"sentence-case":"^1.1.1"},"gitHead":"b654a43d3b6dcf3030fc3f84de5dc8d7bb3afac1","_id":"path-case@1.1.0","_shasum":"20bf2e32d5d5fdfc22625b90fce0dfb00851f42a","_from":".","_npmVersion":"2.1.17","_nodeVersion":"0.11.14","_npmUser":{"name":"blakeembrey","email":"hello@blakeembrey.com"},"maintainers":[{"name":"blakeembrey","email":"hello@blakeembrey.com"}],"dist":{"shasum":"20bf2e32d5d5fdfc22625b90fce0dfb00851f42a","tarball":"https://registry.npmjs.org/path-case/-/path-case-1.1.0.tgz"},"directories":{}},"1.1.1":{"name":"path-case","version":"1.1.1","description":"Path case a string","main":"path-case.js","files":["path-case.js","LICENSE"],"scripts":{"test":"istanbul cover _mocha -- -R spec"},"repository":{"type":"git","url":"git://github.com/blakeembrey/path-case.git"},"keywords":["path","case","slash"],"author":{"name":"Blake Embrey","email":"hello@blakeembrey.com","url":"http://blakeembrey.me"},"license":"MIT","bugs":{"url":"https://github.com/blakeembrey/path-case/issues"},"homepage":"https://github.com/blakeembrey/path-case","devDependencies":{"istanbul":"^0.3.0","mocha":"^2.1.0","pre-commit":"^1.0.1"},"dependencies":{"sentence-case":"^1.1.2"},"gitHead":"05752148083e486789e818b1ae20ba88d3989d08","_id":"path-case@1.1.1","_shasum":"fbc81d59d317e95157fedee9b224a328acb68ffe","_from":".","_npmVersion":"1.4.28","_npmUser":{"name":"blakeembrey","email":"hello@blakeembrey.com"},"maintainers":[{"name":"blakeembrey","email":"hello@blakeembrey.com"}],"dist":{"shasum":"fbc81d59d317e95157fedee9b224a328acb68ffe","tarball":"https://registry.npmjs.org/path-case/-/path-case-1.1.1.tgz"},"directories":{}},"1.1.2":{"name":"path-case","version":"1.1.2","description":"Path case a string","main":"path-case.js","typings":"path-case.d.ts","files":["path-case.js","path-case.d.ts","LICENSE"],"scripts":{"lint":"standard","test-std":"mocha -- -R spec --bail","test-cov":"istanbul cover node_modules/mocha/bin/_mocha -- -R spec --bail","test":"npm run lint && npm run test-cov"},"repository":{"type":"git","url":"git://github.com/blakeembrey/path-case.git"},"keywords":["path","case","slash"],"author":{"name":"Blake Embrey","email":"hello@blakeembrey.com","url":"http://blakeembrey.me"},"license":"MIT","bugs":{"url":"https://github.com/blakeembrey/path-case/issues"},"homepage":"https://github.com/blakeembrey/path-case","devDependencies":{"istanbul":"^0.3.0","mocha":"^2.1.0","pre-commit":"^1.0.1","standard":"^3.3.0"},"dependencies":{"sentence-case":"^1.1.2"},"gitHead":"0b418ddfe3bc6aeea7b3eb703c92cc1c55a84343","_id":"path-case@1.1.2","_shasum":"50ce6ba0d3bed3dd0b5c2a9c4553697434409514","_from":".","_npmVersion":"3.3.12","_nodeVersion":"5.2.0","_npmUser":{"name":"blakeembrey","email":"hello@blakeembrey.com"},"dist":{"shasum":"50ce6ba0d3bed3dd0b5c2a9c4553697434409514","tarball":"https://registry.npmjs.org/path-case/-/path-case-1.1.2.tgz"},"maintainers":[{"name":"blakeembrey","email":"hello@blakeembrey.com"}],"directories":{}}},"readme":"# Path Case\n\n[![NPM version][npm-image]][npm-url]\n[![NPM downloads][downloads-image]][downloads-url]\n[![Build status][travis-image]][travis-url]\n[![Test coverage][coveralls-image]][coveralls-url]\n\nPath case a string.\n\nSupports Unicode (non-ASCII characters) and non-string entities, such as objects with a `toString` property, numbers and booleans. Empty values (`null` and `undefined`) will result in an empty string.\n\n## Installation\n\n```\nnpm install path-case --save\n```\n\n## Usage\n\n```javascript\nvar pathCase = require('path-case')\n\npathCase('string')        //=> \"string\"\npathCase('camelCase')     //=> \"camel/case\"\npathCase('sentence case') //=> \"sentence/case\"\n\npathCase('MY STRING', 'tr') //=> \"my.strıng\"\n```\n\n## Typings\n\nIncludes a [TypeScript definition](path-case.d.ts).\n\n## License\n\nMIT\n\n[npm-image]: https://img.shields.io/npm/v/path-case.svg?style=flat\n[npm-url]: https://npmjs.org/package/path-case\n[downloads-image]: https://img.shields.io/npm/dm/path-case.svg?style=flat\n[downloads-url]: https://npmjs.org/package/path-case\n[travis-image]: https://img.shields.io/travis/blakeembrey/path-case.svg?style=flat\n[travis-url]: https://travis-ci.org/blakeembrey/path-case\n[coveralls-image]: https://img.shields.io/coveralls/blakeembrey/path-case.svg?style=flat\n[coveralls-url]: https://coveralls.io/r/blakeembrey/path-case?branch=master\n","maintainers":[{"name":"blakeembrey","email":"hello@blakeembrey.com"}],"time":{"modified":"2015-12-16T00:12:12.854Z","created":"2014-03-24T23:53:17.071Z","0.0.1":"2014-03-24T23:53:17.071Z","0.0.2":"2014-03-25T02:15:52.376Z","0.1.0":"2014-04-09T10:03:57.548Z","1.0.0":"2014-08-17T19:28:56.165Z","1.0.1":"2014-08-19T13:42:09.352Z","1.1.0":"2015-01-12T08:36:21.584Z","1.1.1":"2015-01-31T11:00:31.384Z","1.1.2":"2015-12-16T00:12:12.854Z"},"homepage":"https://github.com/blakeembrey/path-case","keywords":["path","case","slash"],"repository":{"type":"git","url":"git://github.com/blakeembrey/path-case.git"},"author":{"name":"Blake Embrey","email":"hello@blakeembrey.com","url":"http://blakeembrey.me"},"bugs":{"url":"https://github.com/blakeembrey/path-case/issues"},"license":"MIT","readmeFilename":"README.md","_attachments":{},"_etag":"\"7A95CNMLD0S64VAR8L9C2NXN8\""}