{"_id":"file-uri-to-path","_rev":"2-73dd6f0f55d7c71f60a6b427420beda4","name":"file-uri-to-path","description":"Convert a file: URI to a file path","dist-tags":{"latest":"0.0.2"},"versions":{"0.0.1":{"name":"file-uri-to-path","version":"0.0.1","description":"Convert a file: URI to a file path","main":"index.js","directories":{"test":"test"},"scripts":{"test":"mocha --reporter spec"},"repository":{"type":"git","url":"git://github.com/TooTallNate/file-uri-to-path.git"},"keywords":["file","uri","convert","path"],"author":{"name":"Nathan Rajlich","email":"nathan@tootallnate.net","url":"http://n8.io/"},"license":"MIT","bugs":{"url":"https://github.com/TooTallNate/file-uri-to-path/issues"},"homepage":"https://github.com/TooTallNate/file-uri-to-path","devDependencies":{"mocha":"~1.17.1"},"_id":"file-uri-to-path@0.0.1","dist":{"shasum":"e443f3ace914db5a8053363f8efd14d8aac79ae9","tarball":"https://registry.npmjs.org/file-uri-to-path/-/file-uri-to-path-0.0.1.tgz"},"_from":".","_npmVersion":"1.3.21","_npmUser":{"name":"tootallnate","email":"nathan@tootallnate.net"},"maintainers":[{"name":"tootallnate","email":"nathan@tootallnate.net"}]},"0.0.2":{"name":"file-uri-to-path","version":"0.0.2","description":"Convert a file: URI to a file path","main":"index.js","directories":{"test":"test"},"scripts":{"test":"mocha --reporter spec"},"repository":{"type":"git","url":"git://github.com/TooTallNate/file-uri-to-path.git"},"keywords":["file","uri","convert","path"],"author":{"name":"Nathan Rajlich","email":"nathan@tootallnate.net","url":"http://n8.io/"},"license":"MIT","bugs":{"url":"https://github.com/TooTallNate/file-uri-to-path/issues"},"homepage":"https://github.com/TooTallNate/file-uri-to-path","devDependencies":{"mocha":"~1.17.1"},"_id":"file-uri-to-path@0.0.2","dist":{"shasum":"37cdd1b5b905404b3f05e1b23645be694ff70f82","tarball":"https://registry.npmjs.org/file-uri-to-path/-/file-uri-to-path-0.0.2.tgz"},"_from":".","_npmVersion":"1.3.21","_npmUser":{"name":"tootallnate","email":"nathan@tootallnate.net"},"maintainers":[{"name":"tootallnate","email":"nathan@tootallnate.net"}]}},"readme":"ERROR: No README data found!","maintainers":[{"name":"tootallnate","email":"nathan@tootallnate.net"}],"time":{"modified":"2014-01-27T08:13:31.848Z","created":"2014-01-27T08:05:51.258Z","0.0.1":"2014-01-27T08:05:51.258Z","0.0.2":"2014-01-27T08:13:31.848Z"},"readmeFilename":"","_attachments":{},"_etag":"\"4T6WLLN7T78WVJIYMDUMZMCN3\""}