{"_id":"change-case","_rev":"67-3fa5f7cc44f67bdae834bbb56ffb4719","name":"change-case","description":"Convert a string between camelCase, PascalCase, Title Case, snake_case and more.","dist-tags":{"latest":"2.3.1"},"versions":{"0.0.1":{"name":"change-case","version":"0.0.1","description":"Convert strings between camelCase, PascalCase, Title Case, snake_case, etc","main":"index.js","scripts":{"test":"./node_modules/mocha/bin/mocha test.js"},"repository":{"type":"git","url":"https://github.com/blakeembrey/change-case"},"keywords":["camelcase","pascalcase","titlecase","case","cases","lowercase","uppercase","paramcase","dotcase","pathcase","constantcase"],"author":{"name":"Blake Embrey"},"license":"MIT","devDependencies":{"mocha":"~1.9.0"},"_id":"change-case@0.0.1","dist":{"shasum":"ce491c1ee8f63afd61c935c279b08047e947ff31","tarball":"https://registry.npmjs.org/change-case/-/change-case-0.0.1.tgz"},"_from":".","_npmVersion":"1.2.18","_npmUser":{"name":"blakeembrey","email":"me@blakeembrey.com"},"maintainers":[{"name":"blakeembrey","email":"me@blakeembrey.com"}],"directories":{}},"0.0.2":{"name":"change-case","version":"0.0.2","description":"Convert strings between camelCase, PascalCase, Title Case, snake_case, etc","main":"index.js","scripts":{"test":"./node_modules/mocha/bin/mocha test.js"},"repository":{"type":"git","url":"https://github.com/blakeembrey/change-case"},"keywords":["camelcase","pascalcase","titlecase","case","cases","lowercase","uppercase","paramcase","dotcase","pathcase","constantcase"],"author":{"name":"Blake Embrey"},"license":"MIT","devDependencies":{"mocha":"~1.9.0"},"_id":"change-case@0.0.2","dist":{"shasum":"91813c678c923ec65d2e92c63d5f7e13d5ba0412","tarball":"https://registry.npmjs.org/change-case/-/change-case-0.0.2.tgz"},"_from":".","_npmVersion":"1.2.18","_npmUser":{"name":"blakeembrey","email":"me@blakeembrey.com"},"maintainers":[{"name":"blakeembrey","email":"me@blakeembrey.com"}],"directories":{}},"0.0.3":{"name":"change-case","version":"0.0.3","description":"Convert strings between camelCase, PascalCase, Title Case, snake_case, etc","main":"index.js","scripts":{"test":"./node_modules/mocha/bin/mocha test.js"},"repository":{"type":"git","url":"https://github.com/blakeembrey/change-case"},"keywords":["camelcase","pascalcase","titlecase","case","cases","lowercase","uppercase","paramcase","dotcase","pathcase","constantcase"],"author":{"name":"Blake Embrey"},"license":"MIT","devDependencies":{"mocha":"~1.9.0"},"_id":"change-case@0.0.3","dist":{"shasum":"116f9b250cfd870e7c4a10ffc3554e126b048620","tarball":"https://registry.npmjs.org/change-case/-/change-case-0.0.3.tgz"},"_from":".","_npmVersion":"1.2.18","_npmUser":{"name":"blakeembrey","email":"me@blakeembrey.com"},"maintainers":[{"name":"blakeembrey","email":"me@blakeembrey.com"}],"directories":{}},"0.0.4":{"name":"change-case","version":"0.0.4","description":"Convert strings between camelCase, PascalCase, Title Case, snake_case, etc","main":"index.js","scripts":{"test":"./node_modules/mocha/bin/mocha test.js"},"repository":{"type":"git","url":"https://github.com/blakeembrey/node-change-case"},"keywords":["camelcase","pascalcase","titlecase","case","cases","lowercase","uppercase","paramcase","dotcase","pathcase","constantcase"],"author":{"name":"Blake Embrey"},"license":"MIT","devDependencies":{"mocha":"~1.9.0"},"bugs":{"url":"https://github.com/blakeembrey/node-change-case/issues"},"_id":"change-case@0.0.4","dist":{"shasum":"6b72904524f6876d39f19abab33a3714a45f1249","tarball":"https://registry.npmjs.org/change-case/-/change-case-0.0.4.tgz"},"_from":".","_npmVersion":"1.2.30","_npmUser":{"name":"blakeembrey","email":"me@blakeembrey.com"},"maintainers":[{"name":"blakeembrey","email":"me@blakeembrey.com"}],"directories":{}},"0.0.5":{"name":"change-case","version":"0.0.5","description":"Convert strings between camelCase, PascalCase, Title Case, snake_case, etc","main":"index.js","scripts":{"test":"./node_modules/mocha/bin/mocha test.js"},"repository":{"type":"git","url":"https://github.com/blakeembrey/node-change-case"},"keywords":["camelcase","pascalcase","titlecase","case","cases","lowercase","uppercase","paramcase","dotcase","pathcase","constantcase"],"author":{"name":"Blake Embrey"},"license":"MIT","devDependencies":{"mocha":"~1.9.0"},"bugs":{"url":"https://github.com/blakeembrey/node-change-case/issues"},"_id":"change-case@0.0.5","dist":{"shasum":"911573d34c4821c63006ec09bcecb57360e753ce","tarball":"https://registry.npmjs.org/change-case/-/change-case-0.0.5.tgz"},"_from":".","_npmVersion":"1.3.10","_npmUser":{"name":"blakeembrey","email":"me@blakeembrey.com"},"maintainers":[{"name":"blakeembrey","email":"me@blakeembrey.com"}],"directories":{}},"1.0.0":{"name":"change-case","version":"1.0.0","description":"Convert strings between camelCase, PascalCase, Title Case, snake_case, etc","main":"index.js","scripts":{"test":"./node_modules/mocha/bin/mocha test.js"},"repository":{"type":"git","url":"https://github.com/blakeembrey/node-change-case"},"keywords":["camelcase","pascalcase","titlecase","case","cases","lowercase","uppercase","paramcase","dotcase","pathcase","constantcase"],"author":{"name":"Blake Embrey"},"license":"MIT","devDependencies":{"mocha":"~1.9.0"},"bugs":{"url":"https://github.com/blakeembrey/node-change-case/issues"},"_id":"change-case@1.0.0","dist":{"shasum":"de85702ec39dd426d87b0fdefea7f33af09b6c0d","tarball":"https://registry.npmjs.org/change-case/-/change-case-1.0.0.tgz"},"_from":".","_npmVersion":"1.3.8","_npmUser":{"name":"blakeembrey","email":"me@blakeembrey.com"},"maintainers":[{"name":"blakeembrey","email":"me@blakeembrey.com"}],"directories":{}},"1.0.1":{"name":"change-case","version":"1.0.1","description":"Convert strings between camelCase, PascalCase, Title Case, snake_case, etc","main":"index.js","scripts":{"test":"./node_modules/mocha/bin/mocha test.js"},"repository":{"type":"git","url":"https://github.com/blakeembrey/node-change-case"},"keywords":["camelcase","pascalcase","titlecase","case","cases","lowercase","uppercase","paramcase","dotcase","pathcase","constantcase"],"author":{"name":"Blake Embrey"},"license":"MIT","devDependencies":{"mocha":"~1.9.0"},"bugs":{"url":"https://github.com/blakeembrey/node-change-case/issues"},"_id":"change-case@1.0.1","dist":{"shasum":"a0de74ab2d1e4a36f9941604e97c9a5eca19c3e1","tarball":"https://registry.npmjs.org/change-case/-/change-case-1.0.1.tgz"},"_from":".","_npmVersion":"1.3.8","_npmUser":{"name":"blakeembrey","email":"me@blakeembrey.com"},"maintainers":[{"name":"blakeembrey","email":"me@blakeembrey.com"}],"directories":{}},"1.0.2":{"name":"change-case","version":"1.0.2","description":"Convert strings between camelCase, PascalCase, Title Case, snake_case, etc","main":"index.js","scripts":{"test":"./node_modules/mocha/bin/mocha test.js"},"repository":{"type":"git","url":"https://github.com/blakeembrey/node-change-case"},"keywords":["camelcase","pascalcase","titlecase","case","cases","lowercase","uppercase","paramcase","dotcase","pathcase","constantcase"],"author":{"name":"Blake Embrey"},"license":"MIT","devDependencies":{"mocha":"~1.9.0"},"bugs":{"url":"https://github.com/blakeembrey/node-change-case/issues"},"_id":"change-case@1.0.2","dist":{"shasum":"1bc045c150cdde61fa5d7bd35c13c83f9cc886d4","tarball":"https://registry.npmjs.org/change-case/-/change-case-1.0.2.tgz"},"_from":".","_npmVersion":"1.3.8","_npmUser":{"name":"blakeembrey","email":"me@blakeembrey.com"},"maintainers":[{"name":"blakeembrey","email":"me@blakeembrey.com"}],"directories":{}},"1.0.4":{"name":"change-case","version":"1.0.4","description":"Convert strings between camelCase, PascalCase, Title Case, snake_case, etc","main":"index.js","scripts":{"test":"./node_modules/mocha/bin/mocha test.js"},"repository":{"type":"git","url":"https://github.com/blakeembrey/node-change-case"},"keywords":["camelcase","pascalcase","titlecase","case","cases","lowercase","uppercase","paramcase","dotcase","pathcase","constantcase"],"author":{"name":"Blake Embrey"},"license":"MIT","devDependencies":{"mocha":"~1.9.0"},"bugs":{"url":"https://github.com/blakeembrey/node-change-case/issues"},"homepage":"https://github.com/blakeembrey/node-change-case","_id":"change-case@1.0.4","dist":{"shasum":"8c549076dfe25c0f9cf0d84384a03daf4150143d","tarball":"https://registry.npmjs.org/change-case/-/change-case-1.0.4.tgz"},"_from":".","_npmVersion":"1.3.14","_npmUser":{"name":"blakeembrey","email":"hello@blakeembrey.com"},"maintainers":[{"name":"blakeembrey","email":"me@blakeembrey.com"}],"directories":{}},"1.0.5":{"name":"change-case","version":"1.0.5","description":"Convert strings between camelCase, PascalCase, Title Case, snake_case, etc","main":"change-case.js","scripts":{"test":"istanbul cover _mocha -- -R spec"},"repository":{"type":"git","url":"https://github.com/blakeembrey/node-change-case"},"keywords":["camelcase","pascalcase","titlecase","case","lowercase","uppercase","paramcase","dotcase","pathcase","constantcase"],"author":{"name":"Blake Embrey"},"license":"MIT","devDependencies":{"mocha":"~1.17.1","istanbul":"~0.2.4"},"bugs":{"url":"https://github.com/blakeembrey/node-change-case/issues"},"homepage":"https://github.com/blakeembrey/node-change-case","_id":"change-case@1.0.5","dist":{"shasum":"a1325a05be2e10b45782985005d69e5b95516b4e","tarball":"https://registry.npmjs.org/change-case/-/change-case-1.0.5.tgz"},"_from":".","_npmVersion":"1.3.25","_npmUser":{"name":"blakeembrey","email":"hello@blakeembrey.com"},"maintainers":[{"name":"blakeembrey","email":"hello@blakeembrey.com"}],"directories":{}},"1.0.6":{"name":"change-case","version":"1.0.6","description":"Convert strings between camelCase, PascalCase, Title Case, snake_case, etc","main":"change-case.js","scripts":{"test":"istanbul cover _mocha -- -R spec"},"repository":{"type":"git","url":"https://github.com/blakeembrey/node-change-case"},"keywords":["camelcase","pascalcase","titlecase","case","lowercase","uppercase","paramcase","dotcase","pathcase","constantcase"],"author":{"name":"Blake Embrey"},"license":"MIT","devDependencies":{"mocha":"~1.17.1","istanbul":"~0.2.4"},"bugs":{"url":"https://github.com/blakeembrey/node-change-case/issues"},"homepage":"https://github.com/blakeembrey/node-change-case","_id":"change-case@1.0.6","dist":{"shasum":"f1bccfc4edf537646de5f8691822d329e4107ae7","tarball":"https://registry.npmjs.org/change-case/-/change-case-1.0.6.tgz"},"_from":".","_npmVersion":"1.3.25","_npmUser":{"name":"blakeembrey","email":"hello@blakeembrey.com"},"maintainers":[{"name":"blakeembrey","email":"me@blakeembrey.com"}],"directories":{}},"2.0.0":{"name":"change-case","version":"2.0.0","description":"Convert a string between camelCase, PascalCase, Title Case, snake_case, etc.","main":"change-case.js","scripts":{"test":"istanbul cover _mocha -- -R spec"},"repository":{"type":"git","url":"https://github.com/blakeembrey/change-case"},"keywords":["camel","pascal","title","case","lower","upper","param","dot","path","constant"],"author":{"name":"Blake Embrey"},"license":"MIT","devDependencies":{"istanbul":"^0.2.6","mocha":"^1.18.2"},"dependencies":{"camel-case":"0.0.2","constant-case":"0.0.2","dot-case":"0.0.2","lower-case":"0.0.1","param-case":"0.0.2","pascal-case":"0.0.2","path-case":"0.0.2","sentence-case":"0.0.2","snake-case":"0.0.2","swap-case":"0.0.1","title-case":"0.0.2","upper-case":"0.0.1"},"bugs":{"url":"https://github.com/blakeembrey/change-case/issues"},"homepage":"https://github.com/blakeembrey/change-case","_id":"change-case@2.0.0","dist":{"shasum":"4dfb114d6b45d16cd42bf19f1078ee95f4629a2b","tarball":"https://registry.npmjs.org/change-case/-/change-case-2.0.0.tgz"},"_from":".","_npmVersion":"1.4.6","_npmUser":{"name":"blakeembrey","email":"hello@blakeembrey.com"},"maintainers":[{"name":"blakeembrey","email":"me@blakeembrey.com"}],"directories":{}},"2.0.1":{"name":"change-case","version":"2.0.1","description":"Convert a string between camelCase, PascalCase, Title Case, snake_case, etc.","main":"change-case.js","scripts":{"test":"istanbul cover _mocha -- -R spec"},"repository":{"type":"git","url":"https://github.com/blakeembrey/change-case"},"keywords":["camel","pascal","title","case","lower","upper","param","dot","path","constant"],"author":{"name":"Blake Embrey"},"license":"MIT","devDependencies":{"istanbul":"^0.2.6","mocha":"^1.18.2"},"dependencies":{"camel-case":"0.0.2","constant-case":"0.0.2","dot-case":"0.0.2","lower-case":"0.0.1","param-case":"0.0.2","pascal-case":"0.0.2","path-case":"0.0.2","sentence-case":"0.0.2","snake-case":"0.0.2","swap-case":"0.0.1","title-case":"0.0.2","upper-case":"0.0.1"},"bugs":{"url":"https://github.com/blakeembrey/change-case/issues"},"homepage":"https://github.com/blakeembrey/change-case","_id":"change-case@2.0.1","dist":{"shasum":"60df348d8e2f8dead22d3f34ebacaade5a23b4db","tarball":"https://registry.npmjs.org/change-case/-/change-case-2.0.1.tgz"},"_from":".","_npmVersion":"1.4.6","_npmUser":{"name":"blakeembrey","email":"hello@blakeembrey.com"},"maintainers":[{"name":"blakeembrey","email":"me@blakeembrey.com"}],"directories":{}},"2.1.0":{"name":"change-case","version":"2.1.0","description":"Convert a string between camelCase, PascalCase, Title Case, snake_case and more.","main":"change-case.js","scripts":{"test":"istanbul cover _mocha -- -R spec"},"repository":{"type":"git","url":"https://github.com/blakeembrey/change-case"},"keywords":["camel","pascal","title","case","lower","upper","param","dot","path","constant"],"author":{"name":"Blake Embrey"},"license":"MIT","devDependencies":{"istanbul":"^0.2.6","mocha":"^1.18.2"},"dependencies":{"camel-case":"^0.1.0","constant-case":"^0.1.0","dot-case":"^0.1.0","lower-case":"0.0.1","param-case":"^0.1.0","pascal-case":"^0.1.0","path-case":"^0.1.0","sentence-case":"^0.1.1","snake-case":"^0.1.1","swap-case":"0.0.1","title-case":"^0.1.0","upper-case":"0.0.1"},"bugs":{"url":"https://github.com/blakeembrey/change-case/issues"},"homepage":"https://github.com/blakeembrey/change-case","_id":"change-case@2.1.0","dist":{"shasum":"161e1ab6fac29ae4a99e88cad8622fca1724d82d","tarball":"https://registry.npmjs.org/change-case/-/change-case-2.1.0.tgz"},"_from":".","_npmVersion":"1.4.6","_npmUser":{"name":"blakeembrey","email":"hello@blakeembrey.com"},"maintainers":[{"name":"blakeembrey","email":"me@blakeembrey.com"}],"directories":{}},"2.1.1":{"name":"change-case","version":"2.1.1","description":"Convert a string between camelCase, PascalCase, Title Case, snake_case and more.","main":"change-case.js","scripts":{"test":"istanbul cover _mocha -- -R spec"},"repository":{"type":"git","url":"https://github.com/blakeembrey/change-case"},"keywords":["camel","pascal","title","case","lower","upper","param","dot","path","constant","cases","check"],"author":{"name":"Blake Embrey"},"license":"MIT","devDependencies":{"istanbul":"^0.2.6","mocha":"^1.18.2"},"dependencies":{"camel-case":"^0.1.0","constant-case":"^0.1.0","dot-case":"^0.1.0","is-lower-case":"0.0.1","is-upper-case":"0.0.1","lower-case":"0.0.1","param-case":"^0.1.0","pascal-case":"^0.1.1","path-case":"^0.1.0","sentence-case":"^0.1.1","snake-case":"^0.1.1","swap-case":"0.0.1","title-case":"^0.1.0","upper-case":"0.0.1","upper-case-first":"0.0.1"},"bugs":{"url":"https://github.com/blakeembrey/change-case/issues"},"homepage":"https://github.com/blakeembrey/change-case","_id":"change-case@2.1.1","dist":{"shasum":"7a6f5fe95bc176830c2be357037c351e312493a5","tarball":"https://registry.npmjs.org/change-case/-/change-case-2.1.1.tgz"},"_from":".","_npmVersion":"1.4.6","_npmUser":{"name":"blakeembrey","email":"hello@blakeembrey.com"},"maintainers":[{"name":"blakeembrey","email":"me@blakeembrey.com"}],"directories":{}},"2.1.2":{"name":"change-case","version":"2.1.2","description":"Convert a string between camelCase, PascalCase, Title Case, snake_case and more.","main":"change-case.js","scripts":{"test":"istanbul cover _mocha -- -R spec"},"repository":{"type":"git","url":"https://github.com/blakeembrey/change-case"},"keywords":["camel","pascal","title","case","lower","upper","param","dot","path","constant","cases","check"],"author":{"name":"Blake Embrey","email":"hello@blakeembrey.com","url":"http://blakeembrey.me"},"license":"MIT","devDependencies":{"istanbul":"^0.3.0","mocha":"^1.18.2"},"dependencies":{"camel-case":"^1.0.0","constant-case":"^1.0.0","dot-case":"^1.0.0","is-lower-case":"^1.0.0","is-upper-case":"^1.0.0","lower-case":"^1.0.0","param-case":"^1.0.0","pascal-case":"^1.0.0","path-case":"^1.0.0","sentence-case":"^1.0.0","snake-case":"^1.0.0","swap-case":"^1.0.0","title-case":"^1.0.0","upper-case":"^1.0.0","upper-case-first":"^1.0.0"},"gitHead":"c96030f56dcc0fc14b80f7b2ccdbf2113508004b","bugs":{"url":"https://github.com/blakeembrey/change-case/issues"},"homepage":"https://github.com/blakeembrey/change-case","_id":"change-case@2.1.2","_shasum":"90b0bfa9ba02611bc741fbde40740af0ce9f6baf","_from":".","_npmVersion":"1.4.14","_npmUser":{"name":"blakeembrey","email":"hello@blakeembrey.com"},"maintainers":[{"name":"blakeembrey","email":"me@blakeembrey.com"}],"dist":{"shasum":"90b0bfa9ba02611bc741fbde40740af0ce9f6baf","tarball":"https://registry.npmjs.org/change-case/-/change-case-2.1.2.tgz"},"directories":{}},"2.1.3":{"name":"change-case","version":"2.1.3","description":"Convert a string between camelCase, PascalCase, Title Case, snake_case and more.","main":"change-case.js","scripts":{"test":"istanbul cover _mocha -- -R spec"},"repository":{"type":"git","url":"https://github.com/blakeembrey/change-case"},"keywords":["camel","pascal","title","case","lower","upper","param","dot","path","constant","cases","check"],"author":{"name":"Blake Embrey","email":"hello@blakeembrey.com","url":"http://blakeembrey.me"},"license":"MIT","devDependencies":{"istanbul":"^0.3.0","mocha":"^1.18.2"},"dependencies":{"camel-case":"^1.0.0","constant-case":"^1.0.0","dot-case":"^1.0.0","is-lower-case":"^1.0.0","is-upper-case":"^1.0.0","lower-case":"^1.0.0","param-case":"^1.0.0","pascal-case":"^1.0.0","path-case":"^1.0.0","sentence-case":"^1.0.0","snake-case":"^1.0.0","swap-case":"^1.0.0","title-case":"^1.0.0","upper-case":"^1.0.0","upper-case-first":"^1.0.0"},"gitHead":"01b43d452dfb971465e799e1c335a0a0187fd51a","bugs":{"url":"https://github.com/blakeembrey/change-case/issues"},"homepage":"https://github.com/blakeembrey/change-case","_id":"change-case@2.1.3","_shasum":"4cdbe302d8b1ac70d7aafafac3507cdea7caf991","_from":".","_npmVersion":"1.4.14","_npmUser":{"name":"blakeembrey","email":"hello@blakeembrey.com"},"maintainers":[{"name":"blakeembrey","email":"me@blakeembrey.com"}],"dist":{"shasum":"4cdbe302d8b1ac70d7aafafac3507cdea7caf991","tarball":"https://registry.npmjs.org/change-case/-/change-case-2.1.3.tgz"},"directories":{}},"2.1.4":{"name":"change-case","version":"2.1.4","description":"Convert a string between camelCase, PascalCase, Title Case, snake_case and more.","main":"change-case.js","scripts":{"test":"istanbul cover _mocha -- -R spec"},"repository":{"type":"git","url":"https://github.com/blakeembrey/change-case"},"keywords":["camel","pascal","title","case","lower","upper","param","dot","path","constant","cases","check"],"author":{"name":"Blake Embrey","email":"hello@blakeembrey.com","url":"http://blakeembrey.me"},"license":"MIT","devDependencies":{"istanbul":"^0.3.0","mocha":"^1.18.2"},"dependencies":{"camel-case":"^1.0.0","constant-case":"^1.0.0","dot-case":"^1.0.0","is-lower-case":"^1.0.0","is-upper-case":"^1.0.0","lower-case":"^1.0.0","param-case":"^1.0.0","pascal-case":"^1.0.0","path-case":"^1.0.0","sentence-case":"^1.0.0","snake-case":"^1.0.0","swap-case":"^1.0.0","title-case":"^1.0.0","upper-case":"^1.0.0","upper-case-first":"^1.0.0"},"bugs":{"url":"https://github.com/blakeembrey/change-case/issues"},"homepage":"https://github.com/blakeembrey/change-case","_id":"change-case@2.1.4","_shasum":"64139000fe87aec51ae59ff5289adf06f830f122","_from":".","_npmVersion":"1.4.9","_npmUser":{"name":"blakeembrey","email":"hello@blakeembrey.com"},"maintainers":[{"name":"blakeembrey","email":"me@blakeembrey.com"}],"dist":{"shasum":"64139000fe87aec51ae59ff5289adf06f830f122","tarball":"https://registry.npmjs.org/change-case/-/change-case-2.1.4.tgz"},"directories":{}},"2.1.5":{"name":"change-case","version":"2.1.5","description":"Convert a string between camelCase, PascalCase, Title Case, snake_case and more.","main":"change-case.js","scripts":{"test":"istanbul cover _mocha -- -R spec"},"repository":{"type":"git","url":"https://github.com/blakeembrey/change-case"},"keywords":["camel","pascal","title","case","lower","upper","param","dot","path","constant","cases","check"],"author":{"name":"Blake Embrey","email":"hello@blakeembrey.com","url":"http://blakeembrey.me"},"license":"MIT","devDependencies":{"istanbul":"^0.3.0","mocha":"^1.18.2"},"dependencies":{"camel-case":"^1.0.0","constant-case":"^1.0.0","dot-case":"^1.0.0","is-lower-case":"^1.0.0","is-upper-case":"^1.0.0","lower-case":"^1.0.0","param-case":"^1.0.0","pascal-case":"^1.0.0","path-case":"^1.0.0","sentence-case":"^1.0.0","snake-case":"^1.0.0","swap-case":"^1.0.0","title-case":"^1.0.0","upper-case":"^1.0.0","upper-case-first":"^1.0.0"},"gitHead":"8e1a5b99c9a55007f50540d30cc018de0759d45a","bugs":{"url":"https://github.com/blakeembrey/change-case/issues"},"homepage":"https://github.com/blakeembrey/change-case","_id":"change-case@2.1.5","_shasum":"4560cdde0bf6a379de8899a627821c2130d81750","_from":".","_npmVersion":"2.0.0-beta.0","_npmUser":{"name":"blakeembrey","email":"hello@blakeembrey.com"},"maintainers":[{"name":"blakeembrey","email":"me@blakeembrey.com"}],"dist":{"shasum":"4560cdde0bf6a379de8899a627821c2130d81750","tarball":"https://registry.npmjs.org/change-case/-/change-case-2.1.5.tgz"},"directories":{}},"2.1.6":{"name":"change-case","version":"2.1.6","description":"Convert a string between camelCase, PascalCase, Title Case, snake_case and more.","main":"change-case.js","scripts":{"test":"istanbul cover _mocha -- -R spec"},"repository":{"type":"git","url":"https://github.com/blakeembrey/change-case"},"keywords":["camel","pascal","title","case","lower","upper","param","dot","path","constant","cases","check"],"author":{"name":"Blake Embrey","email":"hello@blakeembrey.com","url":"http://blakeembrey.me"},"license":"MIT","devDependencies":{"istanbul":"^0.3.0","mocha":"^1.18.2"},"dependencies":{"camel-case":"^1.0.0","constant-case":"^1.0.0","dot-case":"^1.0.0","is-lower-case":"^1.0.0","is-upper-case":"^1.0.0","lower-case":"^1.0.0","param-case":"^1.0.0","pascal-case":"^1.0.0","path-case":"^1.0.0","sentence-case":"^1.0.0","snake-case":"^1.0.0","swap-case":"^1.0.0","title-case":"^1.0.0","upper-case":"^1.0.0","upper-case-first":"^1.0.0"},"gitHead":"d37a57c911f0658a4692be98da350e8f4fac3652","bugs":{"url":"https://github.com/blakeembrey/change-case/issues"},"homepage":"https://github.com/blakeembrey/change-case","_id":"change-case@2.1.6","_shasum":"514af20513158a68fe7f00dff4c332d6c298d2f9","_from":".","_npmVersion":"2.0.0","_npmUser":{"name":"blakeembrey","email":"hello@blakeembrey.com"},"maintainers":[{"name":"blakeembrey","email":"me@blakeembrey.com"}],"dist":{"shasum":"514af20513158a68fe7f00dff4c332d6c298d2f9","tarball":"https://registry.npmjs.org/change-case/-/change-case-2.1.6.tgz"},"directories":{}},"2.2.0":{"name":"change-case","version":"2.2.0","description":"Convert a string between camelCase, PascalCase, Title Case, snake_case and more.","main":"change-case.js","files":["change-case.js","LICENSE"],"scripts":{"test":"istanbul cover _mocha -- -R spec"},"repository":{"type":"git","url":"https://github.com/blakeembrey/change-case"},"keywords":["camel","pascal","title","case","lower","upper","param","dot","path","constant","cases","check"],"author":{"name":"Blake Embrey","email":"hello@blakeembrey.com","url":"http://blakeembrey.me"},"license":"MIT","devDependencies":{"istanbul":"^0.3.0","mocha":"^1.18.2","pre-commit":"0.0.9"},"dependencies":{"camel-case":"^1.1.1","constant-case":"^1.1.0","dot-case":"^1.1.0","is-lower-case":"^1.1.0","is-upper-case":"^1.1.0","lower-case":"^1.1.1","param-case":"^1.1.0","pascal-case":"^1.1.0","path-case":"^1.1.0","sentence-case":"^1.1.1","snake-case":"^1.1.0","swap-case":"^1.1.0","title-case":"^1.1.0","upper-case":"^1.1.1","upper-case-first":"^1.1.0"},"gitHead":"10b9879eb5907388344ec88674cf58c356cf1529","bugs":{"url":"https://github.com/blakeembrey/change-case/issues"},"homepage":"https://github.com/blakeembrey/change-case","_id":"change-case@2.2.0","_shasum":"928965503b6192677bc484ba56420b56e6327e86","_from":".","_npmVersion":"2.1.17","_nodeVersion":"0.11.14","_npmUser":{"name":"blakeembrey","email":"hello@blakeembrey.com"},"maintainers":[{"name":"blakeembrey","email":"me@blakeembrey.com"}],"dist":{"shasum":"928965503b6192677bc484ba56420b56e6327e86","tarball":"https://registry.npmjs.org/change-case/-/change-case-2.2.0.tgz"},"directories":{}},"2.3.0":{"name":"change-case","version":"2.3.0","description":"Convert a string between camelCase, PascalCase, Title Case, snake_case and more.","main":"change-case.js","files":["change-case.js","LICENSE"],"scripts":{"lint":"standard","test-std":"mocha -- -R spec --bail","test-cov":"istanbul cover node_modules/mocha/bin/_mocha -- -R spec --bail","test":"npm run lint && npm run test-cov"},"repository":{"type":"git","url":"https://github.com/blakeembrey/change-case"},"keywords":["camel","pascal","title","case","lower","upper","param","dot","path","constant","cases","check"],"author":{"name":"Blake Embrey","email":"hello@blakeembrey.com","url":"http://blakeembrey.me"},"license":"MIT","devDependencies":{"istanbul":"^0.3.0","mocha":"^2.2.1","pre-commit":"^1.0.6"},"dependencies":{"camel-case":"^1.1.1","constant-case":"^1.1.0","dot-case":"^1.1.0","is-lower-case":"^1.1.0","is-upper-case":"^1.1.0","lower-case":"^1.1.1","lower-case-first":"^1.0.0","param-case":"^1.1.0","pascal-case":"^1.1.0","path-case":"^1.1.0","sentence-case":"^1.1.1","snake-case":"^1.1.0","swap-case":"^1.1.0","title-case":"^1.1.0","upper-case":"^1.1.1","upper-case-first":"^1.1.0"},"gitHead":"ee0987ea8dba37610dd89ff0d487fb65f4eae782","bugs":{"url":"https://github.com/blakeembrey/change-case/issues"},"homepage":"https://github.com/blakeembrey/change-case","_id":"change-case@2.3.0","_shasum":"3d7c04e89dfe8119831ebf859c9e39558235a855","_from":".","_npmVersion":"2.5.1","_nodeVersion":"0.12.0","_npmUser":{"name":"blakeembrey","email":"hello@blakeembrey.com"},"maintainers":[{"name":"blakeembrey","email":"me@blakeembrey.com"}],"dist":{"shasum":"3d7c04e89dfe8119831ebf859c9e39558235a855","tarball":"https://registry.npmjs.org/change-case/-/change-case-2.3.0.tgz"},"directories":{}},"2.3.1":{"name":"change-case","version":"2.3.1","description":"Convert a string between camelCase, PascalCase, Title Case, snake_case and more.","main":"change-case.js","typings":"change-case.d.ts","files":["change-case.js","change-case.d.ts","LICENSE"],"scripts":{"lint":"standard","test-std":"mocha -- -R spec --bail","test-cov":"istanbul cover node_modules/mocha/bin/_mocha -- -R spec --bail","test":"npm run lint && npm run test-cov"},"repository":{"type":"git","url":"https://github.com/blakeembrey/change-case"},"keywords":["camel","pascal","title","case","lower","upper","param","dot","path","constant","cases","check"],"author":{"name":"Blake Embrey","email":"hello@blakeembrey.com","url":"http://blakeembrey.me"},"license":"MIT","devDependencies":{"istanbul":"^0.3.0","mocha":"^2.2.1","pre-commit":"^1.0.6","standard":"^3.3.0"},"dependencies":{"camel-case":"^1.1.1","constant-case":"^1.1.0","dot-case":"^1.1.0","is-lower-case":"^1.1.0","is-upper-case":"^1.1.0","lower-case":"^1.1.1","lower-case-first":"^1.0.0","param-case":"^1.1.0","pascal-case":"^1.1.0","path-case":"^1.1.0","sentence-case":"^1.1.1","snake-case":"^1.1.0","swap-case":"^1.1.0","title-case":"^1.1.0","upper-case":"^1.1.1","upper-case-first":"^1.1.0"},"gitHead":"16309a3fe2e170bde1f354f9cc52406ccb218bf9","bugs":{"url":"https://github.com/blakeembrey/change-case/issues"},"homepage":"https://github.com/blakeembrey/change-case","_id":"change-case@2.3.1","_shasum":"2c4fde3f063bb41d00cd68e0d5a09db61cbe894f","_from":".","_npmVersion":"3.3.12","_nodeVersion":"5.2.0","_npmUser":{"name":"blakeembrey","email":"hello@blakeembrey.com"},"dist":{"shasum":"2c4fde3f063bb41d00cd68e0d5a09db61cbe894f","tarball":"https://registry.npmjs.org/change-case/-/change-case-2.3.1.tgz"},"maintainers":[{"name":"blakeembrey","email":"me@blakeembrey.com"}],"directories":{}}},"readme":"# Change Case\n\n[![NPM version][npm-image]][npm-url]\n[![NPM downloads][downloads-image]][downloads-url]\n[![Build status][travis-image]][travis-url]\n[![Test coverage][coveralls-image]][coveralls-url]\n\nConvert strings between `camelCase`, `PascalCase`, `Title Case`, `snake_case`, `lowercase`, `UPPERCASE`, `CONSTANT_CASE` and more.\n\nAll methods support Unicode (non-ASCII characters) and non-string entities, such as objects with a `toString` property, numbers and booleans. Empty values (`null` and `undefined`) will result in an empty string.\n\n**Every method is also available on npm as an individual package.**\n\n## Installation\n\n```\nnpm install change-case --save\n```\n\n## Usage\n\n```js\nvar changeCase = require('change-case')\n//=> { isUpperCase: [Function], camelCase: [Function], ... }\n```\n\n**Available methods** (short-hand shown below, long-hand available in examples):\n\n* `isUpper`\n* `isLower`\n* `upper`\n* `ucFirst`\n* `lcFirst`\n* `lower`\n* `sentence`\n* `title`\n* `camel`\n* `pascal`\n* `snake`\n* `param`\n* `dot`\n* `path`\n* `constant`\n* `swap`\n\nAll methods accept two arguments, the string to change case and an optional locale.\n\n### [isUpperCase](https://github.com/blakeembrey/is-upper-case)\n\n[![NPM version](https://img.shields.io/npm/v/is-upper-case.svg?style=flat)](https://npmjs.org/package/is-upper-case)\n[![NPM downloads](https://img.shields.io/npm/dm/is-upper-case.svg?style=flat)](https://npmjs.org/package/is-upper-case)\n[![Build status](https://img.shields.io/travis/blakeembrey/is-upper-case.svg?style=flat)](https://travis-ci.org/blakeembrey/is-upper-case)\n[![Test coverage](https://img.shields.io/coveralls/blakeembrey/is-upper-case.svg?style=flat)](https://coveralls.io/r/blakeembrey/is-upper-case?branch=master)\n\nReturn a boolean indicating whether the string is upper cased.\n\n```js\nchangeCase.isUpperCase('test string')\n//=> false\n```\n\n### [isLowerCase](https://github.com/blakeembrey/is-lower-case)\n\n[![NPM version](https://img.shields.io/npm/v/is-lower-case.svg?style=flat)](https://npmjs.org/package/is-lower-case)\n[![NPM downloads](https://img.shields.io/npm/dm/is-lower-case.svg?style=flat)](https://npmjs.org/package/is-lower-case)\n[![Build status](https://img.shields.io/travis/blakeembrey/is-lower-case.svg?style=flat)](https://travis-ci.org/blakeembrey/is-lower-case)\n[![Test coverage](https://img.shields.io/coveralls/blakeembrey/is-lower-case.svg?style=flat)](https://coveralls.io/r/blakeembrey/is-lower-case?branch=master)\n\nReturn a boolean indicating whether the string is lower cased.\n\n```js\nchangeCase.isLowerCase('test string')\n//=> true\n```\n\n### [upperCase](https://github.com/blakeembrey/upper-case)\n\n[![NPM version](https://img.shields.io/npm/v/upper-case.svg?style=flat)](https://npmjs.org/package/upper-case)\n[![NPM downloads](https://img.shields.io/npm/dm/upper-case.svg?style=flat)](https://npmjs.org/package/upper-case)\n[![Build status](https://img.shields.io/travis/blakeembrey/upper-case.svg?style=flat)](https://travci.org/blakeembrey/upper-case)\n[![Test coverage](https://img.shields.io/coveralls/blakeembrey/upper-case.svg?style=flat)](https://coveralls.io/r/blakeembrey/is-upper-case?branch=master)\n\nReturn the string in upper case.\n\n```js\nchangeCase.upperCase('test string')\n//=> \"TEST STRING\"\n```\n\n### [upperCaseFirst](https://github.com/blakeembrey/upper-case-first)\n\n[![NPM version](https://img.shields.io/npm/v/upper-case-first.svg?style=flat)](https://npmjs.org/package/upper-case-first)\n[![NPM downloads](https://img.shields.io/npm/dm/upper-case-first.svg?style=flat)](https://npmjs.org/package/upper-case-first)\n[![Build status](https://img.shields.io/travis/blakeembrey/upper-case-first.svg?style=flat)](https://travis-ci.org/blakeembrey/upper-case-first)\n[![Test coverage](https://img.shields.io/coveralls/blakeembrey/upper-case-first.svg?style=flat)](https://coveralls.io/r/blakeembrey/is-upper-case?branch=master)\n\nReturn the string with the first character upper cased.\n\n```js\nchangeCase.upperCaseFirst('test')\n//=> \"Test\"\n```\n\n### [lowerCaseFirst](https://github.com/blakeembrey/lower-case-first)\n\n[![NPM version](https://img.shields.io/npm/v/lower-case-first.svg?style=flat)](https://npmjs.org/package/lower-case-first)\n[![NPM downloads](https://img.shields.io/npm/dm/lower-case-first.svg?style=flat)](https://npmjs.org/package/lower-case-first)\n[![Build status](https://img.shields.io/travis/blakeembrey/lower-case-first.svg?style=flat)](https://travis-ci.org/blakeembrey/lower-case-first)\n[![Test coverage](https://img.shields.io/coveralls/blakeembrey/lower-case-first.svg?style=flat)](https://coveralls.io/r/blakeembrey/lower-case-first?branch=master)\n\nReturn the string with the first character lower cased.\n\n```js\nchangeCase.lowerCaseFirst('TEST')\n//=> \"tEST\"\n```\n\n### [lowerCase](https://github.com/blakeembrey/lower-case)\n\n[![NPM version](https://img.shields.io/npm/v/lower-case.svg?style=flat)](https://npmjs.org/package/lower-case)\n[![NPM downloads](https://img.shields.io/npm/dm/lower-case.svg?style=flat)](https://npmjs.org/package/lower-case)\n[![Build status](https://img.shields.io/travis/blakeembrey/lower-case.svg?style=flat)](https://travis-ci.org/blakeembrey/lower-case)\n[![Test coverage](https://img.shields.io/coveralls/blakeembrey/lower-case.svg?style=flat)](https://coveralls.io/r/blakeembrey/lower-case?branch=master)\n\nReturn the string in lower case.\n\n```js\nchangeCase.lowerCase('TEST STRING')\n//=> \"test string\"\n```\n\n### [sentenceCase](https://github.com/blakeembrey/sentence-case)\n\n[![NPM version](https://img.shields.io/npm/v/sentence-case.svg?style=flat)](https://npmjs.org/package/sentence-case)\n[![NPM downloads](https://img.shields.io/npm/dm/sentence-case.svg?style=flat)](https://npmjs.org/package/sentence-case)\n[![Build status](https://img.shields.io/travis/blakeembrey/sentence-case.svg?style=flat)](https://travis-ci.org/blakeembrey/sentence-case)\n[![Test coverage](https://img.shields.io/coveralls/blakeembrey/sentence-case.svg?style=flat)](https://coveralls.io/r/blakeembrey/sentence-case?branch=master)\n\nReturn as a lower case, space separated string.\n\n```js\nchangeCase.sentenceCase('testString')\n//=> \"test string\"\n```\n\n### [titleCase](https://github.com/blakeembrey/title-case)\n\n[![NPM version](https://img.shields.io/npm/v/title-case.svg?style=flat)](https://npmjs.org/package/title-case)\n[![NPM downloads](https://img.shields.io/npm/dm/title-case.svg?style=flat)](https://npmjs.org/package/title-case)\n[![Build status](https://img.shields.io/travis/blakeembrey/title-case.svg?style=flat)](https://travis-ci.org/blakeembrey/title-case)\n[![Test coverage](https://img.shields.io/coveralls/blakeembrey/title-case.svg?style=flat)](https://coveralls.io/r/blakeembrey/title-case?branch=master)\n\nReturn as a space separated string with the first character of every word upper cased.\n\n```js\nchangeCase.titleCase('a simple test')\n//=> \"A Simple Test\"\n```\n\n### [camelCase](https://github.com/blakeembrey/camel-case)\n\n[![NPM version](https://img.shields.io/npm/v/camel-case.svg?style=flat)](https://npmjs.org/package/camel-case)\n[![NPM downloads](https://img.shields.io/npm/dm/camel-case.svg?style=flat)](https://npmjs.org/package/camel-case)\n[![Build status](https://img.shields.io/travis/blakeembrey/camel-case.svg?style=flat)](https://travis-ci.org/blakeembrey/camel-case)\n[![Test coverage](https://img.shields.io/coveralls/blakeembrey/camel-case.svg?style=flat)](https://coveralls.io/r/blakeembrey/camel-case?branch=master)\n\nReturn as a string with the separators denoted by having the next letter capitalized.\n\n```js\nchangeCase.camelCase('test string')\n//=> \"testString\"\n```\n\n### [pascalCase](https://github.com/blakeembrey/pascal-case)\n\n[![NPM version](https://img.shields.io/npm/v/pascal-case.svg?style=flat)](https://npmjs.org/package/pascal-case)\n[![NPM downloads](https://img.shields.io/npm/dm/pascal-case.svg?style=flat)](https://npmjs.org/package/pascal-case)\n[![Build status](https://img.shields.io/travis/blakeembrey/pascal-case.svg?style=flat)](https://travis-ci.org/blakeembrey/pascal-case)\n[![Test coverage](https://img.shields.io/coveralls/blakeembrey/pascal-case.svg?style=flat)](https://coveralls.io/r/blakeembrey/pascal-case?branch=master)\n\nReturn as a string denoted in the same fashion as `camelCase`, but with the first letter also capitalized.\n\n```js\nchangeCase.pascalCase('test string')\n//=> \"TestString\"\n```\n\n### [snakeCase](https://github.com/blakeembrey/snake-case)\n\n[![NPM version](https://img.shields.io/npm/v/snake-case.svg?style=flat)](https://npmjs.org/package/snake-case)\n[![NPM downloads](https://img.shields.io/npm/dm/snake-case.svg?style=flat)](https://npmjs.org/package/snake-case)\n[![Build status](https://img.shields.io/travis/blakeembrey/snake-case.svg?style=flat)](https://travis-ci.org/blakeembrey/snake-case)\n[![Test coverage](https://img.shields.io/coveralls/blakeembrey/snake-case.svg?style=flat)](https://coveralls.io/r/blakeembrey/snake-case?branch=master)\n\nReturn as a lower case, underscore separated string.\n\n```js\nchangeCase.snakeCase('test string')\n//=> \"test_string\"\n```\n\n### [paramCase](https://github.com/blakeembrey/param-case)\n\n[![NPM version](https://img.shields.io/npm/v/param-case.svg?style=flat)](https://npmjs.org/package/param-case)\n[![NPM downloads](https://img.shields.io/npm/dm/param-case.svg?style=flat)](https://npmjs.org/package/param-case)\n[![Build status](https://img.shields.io/travis/blakeembrey/param-case.svg?style=flat)](https://travis-ci.org/blakeembrey/param-case)\n[![Test coverage](https://img.shields.io/coveralls/blakeembrey/param-case.svg?style=flat)](https://coveralls.io/r/blakeembrey/param-case?branch=master)\n\nReturn as a lower case, dash separated string.\n\n```js\nchangeCase.paramCase('test string')\n//=> \"test-string\"\n```\n\n### [dotCase](https://github.com/blakeembrey/dot-case)\n\n[![NPM version](https://img.shields.io/npm/v/dot-case.svg?style=flat)](https://npmjs.org/package/dot-case)\n[![NPM downloads](https://img.shields.io/npm/dm/dot-case.svg?style=flat)](https://npmjs.org/package/dot-case)\n[![Build status](https://img.shields.io/travis/blakeembrey/dot-case.svg?style=flat)](https://travis-ci.org/blakeembrey/dot-case)\n[![Test coverage](https://img.shields.io/coveralls/blakeembrey/dot-case.svg?style=flat)](https://coveralls.io/r/blakeembrey/dot-case?branch=master)\n\nReturn as a lower case, period separated string.\n\n```js\nchangeCase.dotCase('test string')\n//=> \"test.string\"\n```\n\n### [pathCase](https://github.com/blakeembrey/path-case)\n\n[![NPM version](https://img.shields.io/npm/v/path-case.svg?style=flat)](https://npmjs.org/package/path-case)\n[![NPM downloads](https://img.shields.io/npm/dm/path-case.svg?style=flat)](https://npmjs.org/package/path-case)\n[![Build status](https://img.shields.io/travis/blakeembrey/path-case.svg?style=flat)](https://travis-ci.org/blakeembrey/path-case)\n[![Test coverage](https://img.shields.io/coveralls/blakeembrey/path-case.svg?style=flat)](https://coveralls.io/r/blakeembrey/path-case?branch=master)\n\nReturn as a lower case, slash separated string.\n\n```js\nchangeCase.pathCase('test string')\n//=> \"test/string\"\n```\n\n### [constantCase](https://github.com/blakeembrey/constant-case)\n\n[![NPM version](https://img.shields.io/npm/v/constant-case.svg?style=flat)](https://npmjs.org/package/constant-case)\n[![NPM downloads](https://img.shields.io/npm/dm/constant-case.svg?style=flat)](https://npmjs.org/package/constant-case)\n[![Build status](https://img.shields.io/travis/blakeembrey/constant-case.svg?style=flat)](https://travis-ci.org/blakeembrey/constant-case)\n[![Test coverage](https://img.shields.io/coveralls/blakeembrey/constant-case.svg?style=flat)](https://coveralls.io/r/blakeembrey/constant-case?branch=master)\n\nReturn as an upper case, underscore separated string.\n\n```js\nchangeCase.constantCase('test string')\n//=> \"TEST_STRING\"\n```\n\n### [swapCase](https://github.com/blakeembrey/swap-case)\n\n[![NPM version](https://img.shields.io/npm/v/swap-case.svg?style=flat)](https://npmjs.org/package/swap-case)\n[![NPM downloads](https://img.shields.io/npm/dm/swap-case.svg?style=flat)](https://npmjs.org/package/swap-case)\n[![Build status](https://img.shields.io/travis/blakeembrey/swap-case.svg?style=flat)](https://travis-ci.org/blakeembrey/swap-case)\n[![Test coverage](https://img.shields.io/coveralls/blakeembrey/swap-case.svg?style=flat)](https://coveralls.io/r/blakeembrey/swap-case?branch=master)\n\nReturn as a string with every character case reversed.\n\n```js\nchangeCase.swapCase('Test String')\n//=> \"tEST sTRING\"\n```\n\n## Typings\n\nIncludes a [TypeScript definition](change-case.d.ts).\n\n## Related\n\n* [Meteor](https://github.com/Konecty/change-case)\n* [Atom](https://github.com/robhurring/atom-change-case)\n* [VSCode](https://github.com/wmaurer/vscode-change-case)\n\n## License\n\nMIT\n\n[npm-image]: https://img.shields.io/npm/v/change-case.svg?style=flat\n[npm-url]: https://npmjs.org/package/change-case\n[downloads-image]: https://img.shields.io/npm/dm/change-case.svg?style=flat\n[downloads-url]: https://npmjs.org/package/change-case\n[travis-image]: https://img.shields.io/travis/blakeembrey/change-case.svg?style=flat\n[travis-url]: https://travis-ci.org/blakeembrey/change-case\n[coveralls-image]: https://img.shields.io/coveralls/blakeembrey/change-case.svg?style=flat\n[coveralls-url]: https://coveralls.io/r/blakeembrey/change-case?branch=master\n","maintainers":[{"name":"blakeembrey","email":"me@blakeembrey.com"}],"time":{"modified":"2015-12-16T00:42:44.358Z","created":"2013-04-15T03:49:26.580Z","0.0.1":"2013-04-15T03:49:31.111Z","0.0.2":"2013-05-18T00:15:34.656Z","0.0.3":"2013-05-21T05:18:01.792Z","0.0.4":"2013-07-07T08:51:54.553Z","0.0.5":"2013-09-09T08:02:08.889Z","1.0.0":"2013-09-23T06:37:43.798Z","1.0.1":"2013-09-23T06:58:14.718Z","1.0.2":"2013-09-27T02:42:52.530Z","1.0.4":"2013-11-15T03:41:35.829Z","1.0.5":"2014-02-05T05:01:26.392Z","1.0.6":"2014-02-10T18:27:49.528Z","2.0.0":"2014-03-25T02:24:44.538Z","2.0.1":"2014-03-25T03:23:06.292Z","2.1.0":"2014-04-09T10:05:41.752Z","2.1.1":"2014-04-25T08:33:59.362Z","2.1.2":"2014-08-17T19:39:23.890Z","2.1.3":"2014-08-17T21:17:17.832Z","2.1.4":"2014-08-23T22:10:44.873Z","2.1.5":"2014-09-04T22:57:09.439Z","2.1.6":"2014-12-18T23:25:03.026Z","2.2.0":"2015-01-12T08:50:32.940Z","2.3.0":"2015-03-29T19:39:20.280Z","2.3.1":"2015-12-16T00:42:44.358Z"},"author":{"name":"Blake Embrey","email":"hello@blakeembrey.com","url":"http://blakeembrey.me"},"repository":{"type":"git","url":"https://github.com/blakeembrey/change-case"},"readmeFilename":"README.md","homepage":"https://github.com/blakeembrey/change-case","keywords":["camel","pascal","title","case","lower","upper","param","dot","path","constant","cases","check"],"bugs":{"url":"https://github.com/blakeembrey/change-case/issues"},"license":"MIT","users":{"csbun":true,"goliatone":true,"dominikwilkowski":true,"brentonhouse":true,"subchen":true,"ngoldman":true,"loki2302":true,"sergiodxa":true,"ajduke":true,"robertpenner":true,"calebmer":true,"arun92phoenix":true,"itskdk":true,"redmonkeydf":true,"seachange":true,"madhums":true,"manhhailua":true},"_attachments":{},"_etag":"\"DBO5XA0MS9OLKPNTM32X3EXZI\""}