{"_id":"typechecker","_rev":"31-bd2fe9afc07f29b51c6aba05aeaa14a8","name":"typechecker","description":"Utilities to get and check variable types (isString, isPlainObject, isRegExp, etc)","dist-tags":{"latest":"4.3.0"},"versions":{"2.0.0":{"name":"typechecker","version":"2.0.0","description":"Utilities to get and check variable types (isString, isPlainObject, isRegExp, etc)","homepage":"https://github.com/bevry/typechecker","keywords":["javascript","flow","control","async","sync","tasks","batch","utility","util","utilities","paths","path","events","event","module","modules","compare","comparison","html"],"author":{"name":"Benjamin Lupton","email":"b@lupton.cc","url":"http://balupton.com"},"maintainers":[{"name":"balupton","email":"b@lupton.cc"}],"contributors":[{"name":"Benjamin Lupton","email":"b@lupton.cc","url":"https://github.com/balupton"},{"name":"Sean Fridman","email":"fridman@mail.sfsu.edu","url":"https://github.com/sfrdmn"}],"bugs":{"url":"https://github.com/bevry/typechecker/issues"},"repository":{"type":"git","url":"http://github.com/bevry/typechecker.git"},"engines":{"node":">=0.4"},"dependencies":{},"devDependencies":{"coffee-script":"~1.6.2","joe":"~1.1.2","chai":"~1.5.0"},"directories":{"lib":"./out/lib"},"scripts":{"test":"node ./out/test/typechecker-test.js --joe-reporter=list"},"main":"./out/lib/balutil","_id":"typechecker@2.0.0","dist":{"shasum":"5aac841556cc1ef0c3a717e2e9d14bd0789e66bd","tarball":"https://registry.npmjs.org/typechecker/-/typechecker-2.0.0.tgz"},"_from":".","_npmVersion":"1.2.15","_npmUser":{"name":"balupton","email":"b@lupton.cc"}},"2.0.1":{"name":"typechecker","version":"2.0.1","description":"Utilities to get and check variable types (isString, isPlainObject, isRegExp, etc)","homepage":"https://github.com/bevry/typechecker","keywords":["types","type"],"author":{"name":"Bevry Pty Ltd","email":"us@bevry.me","url":"http://bevry.me"},"maintainers":[{"name":"balupton","email":"b@lupton.cc"}],"contributors":[{"name":"Benjamin Lupton","email":"b@lupton.cc","url":"https://github.com/balupton"}],"bugs":{"url":"https://github.com/bevry/typechecker/issues"},"repository":{"type":"git","url":"http://github.com/bevry/typechecker.git"},"engines":{"node":">=0.4"},"dependencies":{},"devDependencies":{"coffee-script":"~1.6.2","joe":"~1.1.2","chai":"~1.5.0"},"directories":{"lib":"./out/lib"},"scripts":{"test":"node ./out/test/typechecker-test.js --joe-reporter=list"},"main":"./out/lib/typechecker.js","_id":"typechecker@2.0.1","dist":{"shasum":"e18e99be60762c01bde38ef02f9a067ed887c454","tarball":"https://registry.npmjs.org/typechecker/-/typechecker-2.0.1.tgz"},"_from":".","_npmVersion":"1.2.15","_npmUser":{"name":"balupton","email":"b@lupton.cc"}},"2.0.2":{"name":"typechecker","version":"2.0.2","description":"Utilities to get and check variable types (isString, isPlainObject, isRegExp, etc)","homepage":"https://github.com/bevry/typechecker","keywords":["types","type","check","gettype","isstring","isregexp","isregex","isplainobject","isobject","iserror","isnumber","isdate","isarguments","isarray","isnull","isempty","isundefined","isemptyobject"],"author":{"name":"Bevry Pty Ltd","email":"us@bevry.me","url":"http://bevry.me"},"maintainers":[{"name":"balupton","email":"b@lupton.cc"}],"contributors":[{"name":"Benjamin Lupton","email":"b@lupton.cc","url":"https://github.com/balupton"}],"bugs":{"url":"https://github.com/bevry/typechecker/issues"},"repository":{"type":"git","url":"http://github.com/bevry/typechecker.git"},"engines":{"node":">=0.4"},"dependencies":{},"devDependencies":{"coffee-script":"~1.6.2","joe":"~1.3.0","joe-reporter-console":"~1.2.1"},"directories":{"lib":"./out/lib"},"scripts":{"prepublish":"npm install typechecker@latest","test":"node ./out/test/everything-test.js"},"main":"./out/lib/typechecker.js","_id":"typechecker@2.0.2","dist":{"shasum":"96b31d8833d5af47b2027e1d164a00c68f161c39","tarball":"https://registry.npmjs.org/typechecker/-/typechecker-2.0.2.tgz"},"_from":".","_npmVersion":"1.3.11","_npmUser":{"name":"balupton","email":"b@lupton.cc"}},"2.0.3":{"name":"typechecker","version":"2.0.3","description":"Utilities to get and check variable types (isString, isPlainObject, isRegExp, etc)","homepage":"https://github.com/bevry/typechecker","keywords":["types","type","check","gettype","isstring","isregexp","isregex","isplainobject","isobject","iserror","isnumber","isdate","isarguments","isarray","isnull","isempty","isundefined","isemptyobject"],"author":{"name":"Bevry Pty Ltd","email":"us@bevry.me","url":"http://bevry.me"},"maintainers":[{"name":"balupton","email":"b@lupton.cc"}],"contributors":[{"name":"Benjamin Lupton","email":"b@lupton.cc","url":"https://github.com/balupton"}],"bugs":{"url":"https://github.com/bevry/typechecker/issues"},"repository":{"type":"git","url":"http://github.com/bevry/typechecker.git"},"engines":{"node":">=0.4"},"dependencies":{},"devDependencies":{"coffee-script":"~1.6.2","joe":"~1.3.0","joe-reporter-console":"~1.2.1"},"directories":{"lib":"./out/lib"},"scripts":{"preinstall":"node -e \"if(require('fs').existsSync('./.git')){ require('child_process').spawn('npm', ['install','--force',require('./package.json').name], {env:process.env,cwd:process.cwd(),stdio:'inherit'}); }\"","test":"node ./out/test/everything-test.js"},"main":"./out/lib/typechecker.js","_id":"typechecker@2.0.3","dist":{"shasum":"c1460c2c4c621acc0ba9bb7369d1671dbd5df51e","tarball":"https://registry.npmjs.org/typechecker/-/typechecker-2.0.3.tgz"},"_from":".","_npmVersion":"1.3.11","_npmUser":{"name":"balupton","email":"b@lupton.cc"}},"2.0.4":{"name":"typechecker","version":"2.0.4","description":"Utilities to get and check variable types (isString, isPlainObject, isRegExp, etc)","homepage":"https://github.com/bevry/typechecker","keywords":["types","type","check","gettype","isstring","isregexp","isregex","isplainobject","isobject","iserror","isnumber","isdate","isarguments","isarray","isnull","isempty","isundefined","isemptyobject"],"author":{"name":"Bevry Pty Ltd","email":"us@bevry.me","url":"http://bevry.me"},"maintainers":[{"name":"balupton","email":"b@lupton.cc"}],"contributors":[{"name":"Benjamin Lupton","email":"b@lupton.cc","url":"https://github.com/balupton"}],"bugs":{"url":"https://github.com/bevry/typechecker/issues"},"repository":{"type":"git","url":"http://github.com/bevry/typechecker.git"},"engines":{"node":">=0.4"},"dependencies":{},"devDependencies":{"coffee-script":"~1.6.2","joe":"~1.3.0","joe-reporter-console":"~1.2.1"},"directories":{"lib":"./out/lib"},"scripts":{"preinstall":"node ./cyclic.js","test":"node ./out/test/everything-test.js"},"main":"./index.js","_id":"typechecker@2.0.4","dist":{"shasum":"c09a42086b9e7473263da00f9fac347ea245ac79","tarball":"https://registry.npmjs.org/typechecker/-/typechecker-2.0.4.tgz"},"_from":".","_npmVersion":"1.3.11","_npmUser":{"name":"balupton","email":"b@lupton.cc"}},"2.0.5":{"name":"typechecker","version":"2.0.5","description":"Utilities to get and check variable types (isString, isPlainObject, isRegExp, etc)","homepage":"https://github.com/bevry/typechecker","keywords":["types","type","check","gettype","isstring","isregexp","isregex","isplainobject","isobject","iserror","isnumber","isdate","isarguments","isarray","isnull","isempty","isundefined","isemptyobject"],"author":{"name":"Bevry Pty Ltd","email":"us@bevry.me","url":"http://bevry.me"},"maintainers":[{"name":"balupton","email":"b@lupton.cc"}],"contributors":[{"name":"Benjamin Lupton","email":"b@lupton.cc","url":"https://github.com/balupton"}],"bugs":{"url":"https://github.com/bevry/typechecker/issues"},"repository":{"type":"git","url":"http://github.com/bevry/typechecker.git"},"engines":{"node":">=0.4"},"dependencies":{},"devDependencies":{"coffee-script":"~1.6.2","joe":"~1.3.0","joe-reporter-console":"~1.2.1"},"directories":{"lib":"./out/lib"},"scripts":{"preinstall":"node ./cyclic.js","test":"node ./out/test/everything-test.js"},"main":"./index.js","_id":"typechecker@2.0.5","dist":{"shasum":"cadb2bf5598336716741f1d726526f0e359a214e","tarball":"https://registry.npmjs.org/typechecker/-/typechecker-2.0.5.tgz"},"_from":".","_npmVersion":"1.3.11","_npmUser":{"name":"balupton","email":"b@lupton.cc"}},"2.0.6":{"name":"typechecker","version":"2.0.6","description":"Utilities to get and check variable types (isString, isPlainObject, isRegExp, etc)","homepage":"https://github.com/bevry/typechecker","keywords":["types","type","check","gettype","isstring","isregexp","isregex","isplainobject","isobject","iserror","isnumber","isdate","isarguments","isarray","isnull","isempty","isundefined","isemptyobject"],"author":{"name":"Bevry Pty Ltd","email":"us@bevry.me","url":"http://bevry.me"},"maintainers":[{"name":"balupton","email":"b@lupton.cc"}],"contributors":[{"name":"Benjamin Lupton","email":"b@lupton.cc","url":"https://github.com/balupton"}],"bugs":{"url":"https://github.com/bevry/typechecker/issues"},"repository":{"type":"git","url":"http://github.com/bevry/typechecker.git"},"engines":{"node":">=0.4"},"dependencies":{},"devDependencies":{"coffee-script":"~1.6.2","joe":"~1.3.0","joe-reporter-console":"~1.2.1"},"directories":{"lib":"./out/lib"},"scripts":{"preinstall":"node ./cyclic.js","test":"node ./out/test/everything-test.js"},"main":"./out/lib/typechecker.js","_id":"typechecker@2.0.6","dist":{"shasum":"f9dc9a161d05957c5e8225b7470261e16a8409cb","tarball":"https://registry.npmjs.org/typechecker/-/typechecker-2.0.6.tgz"},"_from":".","_npmVersion":"1.3.11","_npmUser":{"name":"balupton","email":"b@lupton.cc"}},"2.0.7":{"title":"TypeChecker","name":"typechecker","version":"2.0.7","description":"Utilities to get and check variable types (isString, isPlainObject, isRegExp, etc)","homepage":"https://github.com/bevry/typechecker","license":{"type":"MIT"},"badges":{"travis":true,"npm":true,"gittip":"bevry","flattr":"344188/balupton-on-Flattr","paypal":"QB8GQPZAH84N6"},"keywords":["types","type","check","gettype","isstring","isregexp","isregex","isplainobject","isobject","iserror","isnumber","isdate","isarguments","isarray","isnull","isempty","isundefined","isemptyobject"],"author":{"name":"Benjamin Lupton","email":"b@lupton.cc"},"maintainers":[{"name":"balupton","email":"b@lupton.cc"}],"contributors":[{"name":"Benjamin Lupton","email":"b@lupton.cc","url":"https://github.com/balupton"}],"bugs":{"url":"https://github.com/bevry/typechecker/issues"},"repository":{"type":"git","url":"http://github.com/bevry/typechecker.git"},"engines":{"node":">=0.4"},"dependencies":{},"devDependencies":{"coffee-script":"~1.6.2","joe":"~1.3.0","joe-reporter-console":"~1.2.1","projectz":"~0.2.3"},"directories":{"lib":"./out/lib"},"scripts":{"preinstall":"node ./cyclic.js","test":"node ./out/test/typechecker-test.js"},"main":"./out/lib/typechecker.js","_id":"typechecker@2.0.7","dist":{"shasum":"26afd068379bb88423ca48ce5cfb854e771643ea","tarball":"https://registry.npmjs.org/typechecker/-/typechecker-2.0.7.tgz"},"_from":".","_npmVersion":"1.3.11","_npmUser":{"name":"balupton","email":"b@lupton.cc"}},"2.0.8":{"title":"TypeChecker","name":"typechecker","version":"2.0.8","description":"Utilities to get and check variable types (isString, isPlainObject, isRegExp, etc)","homepage":"https://github.com/bevry/typechecker","license":{"type":"MIT"},"badges":{"travis":true,"npm":true,"gittip":"bevry","flattr":"344188/balupton-on-Flattr","paypal":"QB8GQPZAH84N6"},"keywords":["types","type","check","gettype","isstring","isregexp","isregex","isplainobject","isobject","iserror","isnumber","isdate","isarguments","isarray","isnull","isempty","isundefined","isemptyobject"],"author":{"name":"2013+ Bevry Pty Ltd","email":"us@bevry.me","url":"http://bevry.me"},"maintainers":[{"name":"balupton","email":"b@lupton.cc"}],"contributors":[{"name":"Benjamin Lupton","email":"b@lupton.cc","url":"https://github.com/balupton"},{"name":"sfrdmn","url":"https://github.com/sfrdmn"}],"bugs":{"url":"https://github.com/bevry/typechecker/issues"},"repository":{"type":"git","url":"http://github.com/bevry/typechecker.git"},"engines":{"node":">=0.4"},"dependencies":{},"devDependencies":{"coffee-script":"~1.6.2","joe":"~1.3.0","joe-reporter-console":"~1.2.1","projectz":"~0.2.3"},"directories":{"lib":"./out/lib"},"scripts":{"preinstall":"node ./cyclic.js","test":"node ./out/test/typechecker-test.js"},"main":"./out/lib/typechecker.js","_id":"typechecker@2.0.8","dist":{"shasum":"e83da84bb64c584ccb345838576c40b0337db82e","tarball":"https://registry.npmjs.org/typechecker/-/typechecker-2.0.8.tgz"},"_from":".","_npmVersion":"1.3.11","_npmUser":{"name":"balupton","email":"b@lupton.cc"}},"2.1.0":{"title":"TypeChecker","name":"typechecker","version":"2.1.0","description":"Utilities to get and check variable types (isString, isPlainObject, isRegExp, etc)","homepage":"https://github.com/bevry/typechecker","license":{"type":"MIT"},"badges":{"travis":true,"npm":true,"npmdownloads":true,"david":true,"daviddev":true,"gratipay":"bevry","flattr":"344188/balupton-on-Flattr","paypal":"QB8GQPZAH84N6","bitcoin":"https://bevry.me/bitcoin","wishlist":"https://bevry.me/wishlist"},"keywords":["types","type","check","gettype","isstring","isregexp","isregex","isplainobject","isobject","iserror","isnumber","isdate","isarguments","isarray","isnull","isempty","isundefined","isemptyobject"],"author":{"name":"2013+ Bevry Pty Ltd","email":"us@bevry.me","url":"http://bevry.me"},"maintainers":[{"name":"balupton","email":"b@lupton.cc"}],"contributors":[{"name":"Benjamin Lupton","email":"b@lupton.cc","url":"https://github.com/balupton"},{"name":"joegesualdo","url":"https://github.com/joegesualdo"},{"name":"sfrdmn","url":"https://github.com/sfrdmn"}],"bugs":{"url":"https://github.com/bevry/typechecker/issues"},"repository":{"type":"git","url":"git+ssh://git@github.com/bevry/typechecker.git"},"engines":{"node":">=0.4"},"browsers":true,"dependencies":{},"devDependencies":{"babel":"^5.8.21","babel-eslint":"^4.0.10","eslint":"^1.2.1","joe":"^1.6.0","joe-reporter-console":"^1.2.1","projectz":"^0.5.0"},"main":"./es6guardian.js","scripts":{"clean":"node --harmony nakefile.js clean","setup":"node --harmony nakefile.js setup","compile":"node --harmony nakefile.js compile","watch":"node --harmony nakefile.js watch","verify":"node --harmony nakefile.js verify","meta":"node --harmony nakefile.js meta","prepare":"node --harmony nakefile.js prepare","release":"node --harmony nakefile.js release","test":"node --harmony ./es5/test/typechecker-test.js"},"nakeConfiguration":{"BABEL_SRC_PATH":"es6","ESLINT_SRC_PATH":"es6"},"gitHead":"2add790724c1ce2bd0d8b89df039259d5816099c","_id":"typechecker@2.1.0","_shasum":"d1c2093a54ff8a19f58cff877eeaa54f2242d383","_from":".","_npmVersion":"3.3.0","_nodeVersion":"0.12.7","_npmUser":{"name":"balupton","email":"b@lupton.cc"},"dist":{"shasum":"d1c2093a54ff8a19f58cff877eeaa54f2242d383","tarball":"https://registry.npmjs.org/typechecker/-/typechecker-2.1.0.tgz"},"directories":{}},"3.0.0":{"title":"TypeChecker","name":"typechecker","version":"3.0.0","description":"Utilities to get and check variable types (isString, isPlainObject, isRegExp, etc)","homepage":"https://github.com/bevry/typechecker","license":{"type":"MIT"},"badges":{"travis":true,"npm":true,"npmdownloads":true,"david":true,"daviddev":true,"gratipay":"bevry","flattr":"344188/balupton-on-Flattr","paypal":"QB8GQPZAH84N6","bitcoin":"https://bevry.me/bitcoin","wishlist":"https://bevry.me/wishlist"},"keywords":["types","type","check","gettype","isstring","isregexp","isregex","isplainobject","isobject","iserror","isnumber","isdate","isarguments","isarray","isnull","isempty","isundefined","isemptyobject"],"author":{"name":"2013+ Bevry Pty Ltd","email":"us@bevry.me","url":"http://bevry.me"},"maintainers":[{"name":"balupton","email":"b@lupton.cc"}],"contributors":[{"name":"Benjamin Lupton","email":"b@lupton.cc","url":"https://github.com/balupton"},{"name":"joegesualdo","url":"https://github.com/joegesualdo"},{"name":"sfrdmn","url":"https://github.com/sfrdmn"}],"bugs":{"url":"https://github.com/bevry/typechecker/issues"},"repository":{"type":"git","url":"git+ssh://git@github.com/bevry/typechecker.git"},"engines":{"node":">=0.4"},"browsers":true,"dependencies":{},"devDependencies":{"assert-helpers":"^1.0.2","babel":"^5.8.21","babel-eslint":"^4.0.10","eslint":"^1.2.1","joe":"^1.6.0","joe-reporter-console":"^1.2.1","projectz":"^0.5.0"},"main":"./es6guardian.js","scripts":{"clean":"node --harmony nakefile.js clean","setup":"node --harmony nakefile.js setup","compile":"node --harmony nakefile.js compile","watch":"node --harmony nakefile.js watch","verify":"node --harmony nakefile.js verify","meta":"node --harmony nakefile.js meta","prepare":"node --harmony nakefile.js prepare","release":"node --harmony nakefile.js release","test":"node --harmony ./es5/test/typechecker-test.js"},"nakeConfiguration":{"BABEL_SRC_PATH":"es6","ESLINT_SRC_PATH":"es6"},"gitHead":"2d8d62677d9ccff391d107067bbe859f6b655dcb","_id":"typechecker@3.0.0","_shasum":"d7d65175ea3bf32608cbcbb0910c3951748505d7","_from":".","_npmVersion":"3.3.0","_nodeVersion":"3.0.0","_npmUser":{"name":"balupton","email":"b@lupton.cc"},"dist":{"shasum":"d7d65175ea3bf32608cbcbb0910c3951748505d7","tarball":"https://registry.npmjs.org/typechecker/-/typechecker-3.0.0.tgz"},"directories":{}},"4.0.0":{"title":"TypeChecker","name":"typechecker","version":"4.0.0","description":"Utilities to get and check variable types (isString, isPlainObject, isRegExp, etc)","homepage":"https://github.com/bevry/typechecker","license":"MIT","badges":{"list":["travisci","npmversion","npmdownloads","daviddm","daviddmdev","---","slackin","patreon","gratipay","flattr","paypal","bitcoin","wishlist"],"config":{"patreonUsername":"bevry","gratipayUsername":"bevry","flattrCode":"344188/balupton-on-Flattr","paypalButtonID":"QB8GQPZAH84N6","bitcoinURL":"https://bevry.me/bitcoin","wishlistURL":"https://bevry.me/wishlist","slackinURL":"https://slack.bevry.me"}},"keywords":["types","type","check","gettype","isstring","isregexp","isregex","isplainobject","isobject","iserror","isnumber","isdate","isarguments","isarray","isnull","isempty","isundefined","isemptyobject"],"author":{"name":"2013+ Bevry Pty Ltd","email":"us@bevry.me","url":"http://bevry.me"},"maintainers":[{"name":"balupton","email":"b@lupton.cc"}],"contributors":[{"name":"Benjamin Lupton","email":"b@lupton.cc","url":"http://balupton.com"},{"name":"Joe Gesualdo","email":"joegesualdo@gmail.com","url":"https://github.com/joegesualdo"},{"name":"Sean Fridman","email":"fridman@mail.sfsu.edu","url":"www.seanfridman.com"}],"bugs":{"url":"https://github.com/bevry/typechecker/issues"},"repository":{"type":"git","url":"git+ssh://git@github.com/bevry/typechecker.git"},"engines":{"node":">=0.10"},"dependencies":{"esnextguardian":"^1.1.0"},"devDependencies":{"assert-helpers":"^4.0.1","babel":"^5.8.23","babel-eslint":"^4.1.3","eslint":"^1.5.0","joe":"^1.6.0","joe-reporter-console":"^1.2.1","projectz":"^1.0.6"},"main":"./esnextguardian.js","browser":"./es5/lib/typechecker.js","jspm":{"main":"./esnext/lib/typechecker.js"},"scripts":{"clean":"node --harmony nakefile.js clean","setup":"node --harmony nakefile.js setup","compile":"node --harmony nakefile.js compile","watch":"node --harmony nakefile.js watch","verify":"node --harmony nakefile.js verify","meta":"node --harmony nakefile.js meta","prepare":"node --harmony nakefile.js prepare","release":"node --harmony nakefile.js release","test":"node --harmony ./es5/test/typechecker-test.js"},"nakeConfiguration":{"BABEL_SRC_PATH":"esnext","ESLINT_SRC_PATH":"esnext"},"gitHead":"72321e8e2ce98bdfebddb05f347e1511b57293fc","_id":"typechecker@4.0.0","_shasum":"89f10662b1924706b4010a1d073e4af68f681468","_from":".","_npmVersion":"3.3.3","_nodeVersion":"4.1.0","_npmUser":{"name":"balupton","email":"b@lupton.cc"},"dist":{"shasum":"89f10662b1924706b4010a1d073e4af68f681468","tarball":"https://registry.npmjs.org/typechecker/-/typechecker-4.0.0.tgz"},"directories":{}},"4.0.1":{"title":"TypeChecker","name":"typechecker","version":"4.0.1","description":"Utilities to get and check variable types (isString, isPlainObject, isRegExp, etc)","homepage":"https://github.com/bevry/typechecker","license":"MIT","badges":{"list":["travisci","npmversion","npmdownloads","daviddm","daviddmdev","---","slackin","patreon","gratipay","flattr","paypal","bitcoin","wishlist"],"config":{"patreonUsername":"bevry","gratipayUsername":"bevry","flattrCode":"344188/balupton-on-Flattr","paypalButtonID":"QB8GQPZAH84N6","bitcoinURL":"https://bevry.me/bitcoin","wishlistURL":"https://bevry.me/wishlist","slackinURL":"https://slack.bevry.me"}},"keywords":["types","type","check","gettype","isstring","isregexp","isregex","isplainobject","isobject","iserror","isnumber","isdate","isarguments","isarray","isnull","isempty","isundefined","isemptyobject"],"author":{"name":"2013+ Bevry Pty Ltd","email":"us@bevry.me","url":"http://bevry.me"},"maintainers":[{"name":"balupton","email":"b@lupton.cc"}],"contributors":[{"name":"Benjamin Lupton","email":"b@lupton.cc","url":"http://balupton.com"},{"name":"Joe Gesualdo","email":"joegesualdo@gmail.com","url":"https://github.com/joegesualdo"},{"name":"Sean Fridman","email":"fridman@mail.sfsu.edu","url":"www.seanfridman.com"},{"name":"Sean Fridman","email":"mail@seanfridman.com","url":"http://seanfridman.com"}],"bugs":{"url":"https://github.com/bevry/typechecker/issues"},"repository":{"type":"git","url":"git+ssh://git@github.com/bevry/typechecker.git"},"engines":{"node":">=0.10"},"browsers":true,"dependencies":{"esnextguardian":"^1.1.0"},"devDependencies":{"assert-helpers":"^4.0.1","babel-cli":"^6.3.15","babel-preset-es2015":"^6.3.13","eslint":"^1.5.0","joe":"^1.6.0","joe-reporter-console":"^1.2.1","projectz":"^1.0.6"},"main":"./esnextguardian.js","browser":"./es5/lib/typechecker.js","jspm":{"main":"./es5/lib/typechecker.js"},"scripts":{"clean":"node --harmony nakefile.js clean","setup":"node --harmony nakefile.js setup","compile":"node --harmony nakefile.js compile","watch":"node --harmony nakefile.js watch","verify":"node --harmony nakefile.js verify","meta":"node --harmony nakefile.js meta","prepare":"node --harmony nakefile.js prepare","release":"node --harmony nakefile.js release","test":"node --harmony ./es5/test/typechecker-test.js"},"nakeConfiguration":{"BABEL_SRC_PATH":"esnext","ESLINT_SRC_PATH":"esnext"},"gitHead":"037e400a7ef54088977d4e9fbbbbea83fd05c59b","_id":"typechecker@4.0.1","_shasum":"14fb6261295c3b6e1527268926202a884c83d1cf","_from":".","_npmVersion":"3.5.1","_nodeVersion":"5.2.0","_npmUser":{"name":"balupton","email":"b@lupton.cc"},"dist":{"shasum":"14fb6261295c3b6e1527268926202a884c83d1cf","tarball":"https://registry.npmjs.org/typechecker/-/typechecker-4.0.1.tgz"},"directories":{}},"4.1.0":{"title":"TypeChecker","name":"typechecker","version":"4.1.0","description":"Utilities to get and check variable types (isString, isPlainObject, isRegExp, etc)","homepage":"https://github.com/bevry/typechecker","license":"MIT","badges":{"list":["travisci","npmversion","npmdownloads","daviddm","daviddmdev","---","slackin","patreon","gratipay","flattr","paypal","bitcoin","wishlist"],"config":{"patreonUsername":"bevry","gratipayUsername":"bevry","flattrUsername":"balupton","paypalURL":"https://bevry.me/paypal","bitcoinURL":"https://bevry.me/bitcoin","wishlistURL":"https://bevry.me/wishlist","slackinURL":"https://slack.bevry.me"}},"keywords":["types","type","check","getType","isPlainObject","isEmpty","isEmptyObject","isNativeClass","isConventionalClass","isClass","isObject","isError","isDate","isArguments","isFunction","isRegExp","isArray","isNumber","isString","isBoolean","isNull","isUndefined","isMap","isWeakMap"],"author":{"name":"2013+ Bevry Pty Ltd","email":"us@bevry.me","url":"http://bevry.me"},"maintainers":[{"name":"balupton","email":"b@lupton.cc"}],"contributors":[{"name":"Benjamin Lupton","email":"b@lupton.cc","url":"http://balupton.com"},{"name":"Joe Gesualdo","email":"joegesualdo@gmail.com","url":"https://github.com/joegesualdo"},{"name":"Sean Fridman","email":"mail@seanfridman.com","url":"http://seanfridman.com"}],"bugs":{"url":"https://github.com/bevry/typechecker/issues"},"repository":{"type":"git","url":"git+ssh://git@github.com/bevry/typechecker.git"},"engines":{"node":">=0.10"},"browsers":true,"dependencies":{"esnextguardian":"^1.1.0"},"devDependencies":{"assert-helpers":"^4.0.1","babel-cli":"^6.3.15","babel-preset-es2015":"^6.3.13","eslint":"^1.5.0","joe":"^1.6.0","joe-reporter-console":"^1.2.1","projectz":"^1.0.6"},"main":"./esnextguardian.js","browser":"./es5/lib/typechecker.js","jspm":{"main":"./es5/lib/typechecker.js"},"scripts":{"clean":"node --harmony nakefile.js clean","setup":"node --harmony nakefile.js setup","compile":"node --harmony nakefile.js compile","watch":"node --harmony nakefile.js watch","verify":"node --harmony nakefile.js verify","meta":"node --harmony nakefile.js meta","prepare":"node --harmony nakefile.js prepare","release":"node --harmony nakefile.js release","test":"node --harmony ./es5/test/typechecker-test.js"},"nakeConfiguration":{"BABEL_SRC_PATH":"esnext","ESLINT_SRC_PATH":"esnext"},"gitHead":"da1f84b1f65e7d9effe990966f8daeb24d29be18","_id":"typechecker@4.1.0","_shasum":"04cfca55f77cf7fbd15216acad4f88f8d651e218","_from":".","_npmVersion":"3.5.3","_nodeVersion":"5.4.1","_npmUser":{"name":"balupton","email":"b@lupton.cc"},"dist":{"shasum":"04cfca55f77cf7fbd15216acad4f88f8d651e218","tarball":"https://registry.npmjs.org/typechecker/-/typechecker-4.1.0.tgz"},"directories":{}},"4.2.0":{"title":"TypeChecker","name":"typechecker","version":"4.2.0","description":"Utilities to get and check variable types (isString, isPlainObject, isRegExp, etc)","homepage":"https://github.com/bevry/typechecker","license":"MIT","badges":{"list":["travisci","npmversion","npmdownloads","daviddm","daviddmdev","---","slackin","patreon","gratipay","flattr","paypal","bitcoin","wishlist"],"config":{"patreonUsername":"bevry","gratipayUsername":"bevry","flattrUsername":"balupton","paypalURL":"https://bevry.me/paypal","bitcoinURL":"https://bevry.me/bitcoin","wishlistURL":"https://bevry.me/wishlist","slackinURL":"https://slack.bevry.me"}},"keywords":["types","type","check","getType","isPlainObject","isEmpty","isEmptyObject","isNativeClass","isConventionalClass","isClass","isObject","isError","isDate","isArguments","isFunction","isRegExp","isArray","isNumber","isString","isBoolean","isNull","isUndefined","isMap","isWeakMap"],"author":{"name":"2013+ Bevry Pty Ltd","email":"us@bevry.me","url":"http://bevry.me"},"maintainers":[{"name":"balupton","email":"b@lupton.cc"}],"contributors":[{"name":"Benjamin Lupton","email":"b@lupton.cc","url":"http://balupton.com"},{"name":"Joe Gesualdo","email":"joegesualdo@gmail.com","url":"https://github.com/joegesualdo"},{"name":"Sean Fridman","email":"mail@seanfridman.com","url":"http://seanfridman.com"},{"name":"Benjamin Lupton","url":"https://balupton.com"}],"bugs":{"url":"https://github.com/bevry/typechecker/issues"},"repository":{"type":"git","url":"git+ssh://git@github.com/bevry/typechecker.git"},"engines":{"node":">=0.10"},"editions":[{"description":"Source + ESNext + Import + Flow Type Comments","directory":"source","entry":"source/index.js","syntaxes":["javascript","esnext","import","const","let","flow type comments"]},{"description":"Babel Compiled + ES2015 + Require","directory":"es2015","entry":"es2015/index.js","syntaxes":["javascript","es2015","require"]}],"main":"index.js","jsnext:main":"source/index.js","browser":"es2015/index.js","scripts":{"setup":"npm install","clean":"rm -Rf ./docs ./es2015","compile":"npm run compile:es2015","compile:es2015":"babel ./source --out-dir ./es2015 --presets es2015","meta":"npm run meta:docs && npm run meta:projectz","meta:docs":"documentation build -f html -g source/**.js -o docs","meta:projectz":"projectz compile","prepare":"npm run compile && npm run test && npm run meta","release":"npm run prepare && npm run release:tag && npm run release:push","release:tag":"git tag v$npm_package_version -a","release:push":"git push origin master && git push origin --tags","pretest":"npm run test:eslint && npm run test:flow","test:eslint":"eslint ./source","test:flow":"flow check","test":"node --harmony -e \"require('editions').requirePackage(process.cwd(), require, 'test.js')\""},"dependencies":{"editions":"^1.1.0"},"devDependencies":{"assert-helpers":"^4.1.0","babel-cli":"^6.6.5","babel-preset-es2015":"^6.6.0","documentation":"^4.0.0-beta","eslint":"^2.3.0","eslint-plugin-babel":"^3.1.0","flow-bin":"^0.22.1","joe":"^1.6.0","joe-reporter-console":"^1.2.1","projectz":"^1.0.9"},"gitHead":"5e662d26f548526c91ea581374e5364635736444","_id":"typechecker@4.2.0","_shasum":"f1b66bec15ad63cd9c237e4b1119df82341489d1","_from":".","_npmVersion":"3.8.1","_nodeVersion":"5.8.0","_npmUser":{"name":"balupton","email":"b@lupton.cc"},"dist":{"shasum":"f1b66bec15ad63cd9c237e4b1119df82341489d1","tarball":"https://registry.npmjs.org/typechecker/-/typechecker-4.2.0.tgz"},"_npmOperationalInternal":{"host":"packages-13-west.internal.npmjs.com","tmp":"tmp/typechecker-4.2.0.tgz_1458440521491_0.015172239858657122"},"directories":{}},"4.2.1":{"title":"TypeChecker","name":"typechecker","version":"4.2.1","description":"Utilities to get and check variable types (isString, isPlainObject, isRegExp, etc)","homepage":"https://github.com/bevry/typechecker","license":"MIT","badges":{"list":["travisci","npmversion","npmdownloads","daviddm","daviddmdev","---","slackin","patreon","gratipay","flattr","paypal","bitcoin","wishlist"],"config":{"patreonUsername":"bevry","gratipayUsername":"bevry","flattrUsername":"balupton","paypalURL":"https://bevry.me/paypal","bitcoinURL":"https://bevry.me/bitcoin","wishlistURL":"https://bevry.me/wishlist","slackinURL":"https://slack.bevry.me"}},"keywords":["types","type","check","getType","isPlainObject","isEmpty","isEmptyObject","isNativeClass","isConventionalClass","isClass","isObject","isError","isDate","isArguments","isFunction","isRegExp","isArray","isNumber","isString","isBoolean","isNull","isUndefined","isMap","isWeakMap"],"author":{"name":"2013+ Bevry Pty Ltd","email":"us@bevry.me","url":"http://bevry.me"},"maintainers":[{"name":"balupton","email":"b@lupton.cc"}],"contributors":[{"name":"Benjamin Lupton","email":"b@lupton.cc","url":"http://balupton.com"},{"name":"Joe Gesualdo","email":"joegesualdo@gmail.com","url":"https://github.com/joegesualdo"},{"name":"Sean Fridman","email":"mail@seanfridman.com","url":"http://seanfridman.com"},{"name":"Benjamin Lupton","url":"https://balupton.com"}],"bugs":{"url":"https://github.com/bevry/typechecker/issues"},"repository":{"type":"git","url":"git+ssh://git@github.com/bevry/typechecker.git"},"engines":{"node":">=0.10"},"editions":[{"description":"Source + ESNext + Import + Flow Type Comments","directory":"source","entry":"source/index.js","syntaxes":["javascript","esnext","import","const","let","flow type comments"]},{"description":"Babel Compiled + ES2015 + Require","directory":"es2015","entry":"es2015/index.js","syntaxes":["javascript","es2015","require"]}],"main":"index.js","jsnext:main":"source/index.js","browser":"es2015/index.js","scripts":{"setup":"npm install","clean":"rm -Rf ./docs ./es2015","compile":"npm run compile:es2015","compile:es2015":"babel ./source --out-dir ./es2015 --presets es2015","meta":"npm run meta:docs && npm run meta:projectz","meta:docs":"documentation build -f html -g source/**.js -o docs","meta:projectz":"projectz compile","prepare":"npm run compile && npm run test && npm run meta","release":"npm run prepare && npm run release:tag && npm run release:push","release:tag":"git tag v$npm_package_version -a","release:push":"git push origin master && git push origin --tags","pretest":"npm run test:eslint && npm run test:flow","test:eslint":"eslint ./source","test:flow":"flow check","test":"node --harmony -e \"require('editions').requirePackage(process.cwd(), require, 'test.js')\""},"dependencies":{"editions":"^1.1.0"},"devDependencies":{"assert-helpers":"^4.1.0","babel-cli":"^6.6.5","babel-preset-es2015":"^6.6.0","documentation":"^4.0.0-beta","eslint":"^2.3.0","eslint-plugin-babel":"^3.1.0","flow-bin":"^0.22.1","joe":"^1.6.0","joe-reporter-console":"^1.2.1","projectz":"^1.0.9"},"gitHead":"a69b6ac17462dacf747d67150c235d080794c52c","_id":"typechecker@4.2.1","_shasum":"a25abc5f5bc58482f097067449412472363d0a23","_from":".","_npmVersion":"3.8.1","_nodeVersion":"5.8.0","_npmUser":{"name":"balupton","email":"b@lupton.cc"},"dist":{"shasum":"a25abc5f5bc58482f097067449412472363d0a23","tarball":"https://registry.npmjs.org/typechecker/-/typechecker-4.2.1.tgz"},"_npmOperationalInternal":{"host":"packages-13-west.internal.npmjs.com","tmp":"tmp/typechecker-4.2.1.tgz_1458441978260_0.41841131052933633"},"directories":{}},"4.3.0":{"title":"TypeChecker","name":"typechecker","version":"4.3.0","description":"Utilities to get and check variable types (isString, isPlainObject, isRegExp, etc)","homepage":"https://github.com/bevry/typechecker","license":"MIT","badges":{"list":["travisci","npmversion","npmdownloads","daviddm","daviddmdev","---","slackin","patreon","gratipay","flattr","paypal","bitcoin","wishlist"],"config":{"patreonUsername":"bevry","gratipayUsername":"bevry","flattrUsername":"balupton","paypalURL":"https://bevry.me/paypal","bitcoinURL":"https://bevry.me/bitcoin","wishlistURL":"https://bevry.me/wishlist","slackinURL":"https://slack.bevry.me"}},"keywords":["types","type","check","getType","isPlainObject","isEmpty","isEmptyObject","isNativeClass","isConventionalClass","isClass","isObject","isError","isDate","isArguments","isFunction","isRegExp","isArray","isNumber","isString","isBoolean","isNull","isUndefined","isMap","isWeakMap"],"author":{"name":"2013+ Bevry Pty Ltd","email":"us@bevry.me","url":"http://bevry.me"},"maintainers":[{"name":"balupton","email":"b@lupton.cc"}],"contributors":[{"name":"Benjamin Lupton","email":"b@lupton.cc","url":"http://balupton.com"},{"name":"Joe Gesualdo","email":"joegesualdo@gmail.com","url":"https://github.com/joegesualdo"},{"name":"Sean Fridman","email":"mail@seanfridman.com","url":"http://seanfridman.com"},{"name":"Benjamin Lupton","url":"https://balupton.com"}],"bugs":{"url":"https://github.com/bevry/typechecker/issues"},"repository":{"type":"git","url":"git+ssh://git@github.com/bevry/typechecker.git"},"engines":{"node":">=0.10"},"editions":[{"description":"Source + ESNext + Import + Flow Type Comments","directory":"source","entry":"source/index.js","syntaxes":["javascript","esnext","import","defaults","const","let","flow type comments"]},{"description":"Babel Compiled + ES2015 + Require","directory":"es2015","entry":"es2015/index.js","syntaxes":["javascript","es2015","require"]}],"main":"index.js","jsnext:main":"source/index.js","browser":"es2015/index.js","scripts":{"setup":"npm install","clean":"rm -Rf ./docs ./es2015","compile":"npm run compile:es2015","compile:es2015":"babel ./source --out-dir ./es2015 --presets es2015","meta":"npm run meta:docs && npm run meta:projectz","meta:docs":"documentation build -f html -g source/**.js -o docs","meta:projectz":"projectz compile","prepare":"npm run compile && npm run test && npm run meta","release":"npm run prepare && npm run release:tag && npm run release:push","release:tag":"git tag v$npm_package_version -a","release:push":"git push origin master && git push origin --tags","pretest":"npm run test:eslint && npm run test:flow","test:eslint":"eslint ./source","test:flow":"flow check","test":"node --harmony -e \"require('editions').requirePackage(process.cwd(), require, 'test.js')\""},"dependencies":{"editions":"^1.1.0"},"devDependencies":{"assert-helpers":"^4.1.0","babel-cli":"^6.6.5","babel-preset-es2015":"^6.6.0","documentation":"^4.0.0-beta","eslint":"^2.3.0","eslint-plugin-babel":"^3.1.0","flow-bin":"^0.22.1","joe":"^1.6.0","joe-reporter-console":"^1.2.1","projectz":"^1.0.9"},"gitHead":"f703aa82fcce24862c6f78058550e1b234edff54","_id":"typechecker@4.3.0","_shasum":"6f6d6815753e88d6812aa80de4a3fd18948e6e62","_from":".","_npmVersion":"3.8.1","_nodeVersion":"5.8.0","_npmUser":{"name":"balupton","email":"b@lupton.cc"},"dist":{"shasum":"6f6d6815753e88d6812aa80de4a3fd18948e6e62","tarball":"https://registry.npmjs.org/typechecker/-/typechecker-4.3.0.tgz"},"_npmOperationalInternal":{"host":"packages-12-west.internal.npmjs.com","tmp":"tmp/typechecker-4.3.0.tgz_1458532790224_0.4599764668382704"},"directories":{}}},"readme":"<!-- TITLE/ -->\n\n<h1>TypeChecker</h1>\n\n<!-- /TITLE -->\n\n\n<!-- BADGES/ -->\n\n<span class=\"badge-travisci\"><a href=\"http://travis-ci.org/bevry/typechecker\" title=\"Check this project's build status on TravisCI\"><img src=\"https://img.shields.io/travis/bevry/typechecker/master.svg\" alt=\"Travis CI Build Status\" /></a></span>\n<span class=\"badge-npmversion\"><a href=\"https://npmjs.org/package/typechecker\" title=\"View this project on NPM\"><img src=\"https://img.shields.io/npm/v/typechecker.svg\" alt=\"NPM version\" /></a></span>\n<span class=\"badge-npmdownloads\"><a href=\"https://npmjs.org/package/typechecker\" title=\"View this project on NPM\"><img src=\"https://img.shields.io/npm/dm/typechecker.svg\" alt=\"NPM downloads\" /></a></span>\n<span class=\"badge-daviddm\"><a href=\"https://david-dm.org/bevry/typechecker\" title=\"View the status of this project's dependencies on DavidDM\"><img src=\"https://img.shields.io/david/bevry/typechecker.svg\" alt=\"Dependency Status\" /></a></span>\n<span class=\"badge-daviddmdev\"><a href=\"https://david-dm.org/bevry/typechecker#info=devDependencies\" title=\"View the status of this project's development dependencies on DavidDM\"><img src=\"https://img.shields.io/david/dev/bevry/typechecker.svg\" alt=\"Dev Dependency Status\" /></a></span>\n<br class=\"badge-separator\" />\n<span class=\"badge-slackin\"><a href=\"https://slack.bevry.me\" title=\"Join this project's slack community\"><img src=\"https://slack.bevry.me/badge.svg\" alt=\"Slack community badge\" /></a></span>\n<span class=\"badge-patreon\"><a href=\"http://patreon.com/bevry\" title=\"Donate to this project using Patreon\"><img src=\"https://img.shields.io/badge/patreon-donate-yellow.svg\" alt=\"Patreon donate button\" /></a></span>\n<span class=\"badge-gratipay\"><a href=\"https://www.gratipay.com/bevry\" title=\"Donate weekly to this project using Gratipay\"><img src=\"https://img.shields.io/badge/gratipay-donate-yellow.svg\" alt=\"Gratipay donate button\" /></a></span>\n<span class=\"badge-flattr\"><a href=\"https://flattr.com/profile/balupton\" title=\"Donate to this project using Flattr\"><img src=\"https://img.shields.io/badge/flattr-donate-yellow.svg\" alt=\"Flattr donate button\" /></a></span>\n<span class=\"badge-paypal\"><a href=\"https://bevry.me/paypal\" title=\"Donate to this project using Paypal\"><img src=\"https://img.shields.io/badge/paypal-donate-yellow.svg\" alt=\"PayPal donate button\" /></a></span>\n<span class=\"badge-bitcoin\"><a href=\"https://bevry.me/bitcoin\" title=\"Donate once-off to this project using Bitcoin\"><img src=\"https://img.shields.io/badge/bitcoin-donate-yellow.svg\" alt=\"Bitcoin donate button\" /></a></span>\n<span class=\"badge-wishlist\"><a href=\"https://bevry.me/wishlist\" title=\"Buy an item on our wishlist for us\"><img src=\"https://img.shields.io/badge/wishlist-donate-yellow.svg\" alt=\"Wishlist browse button\" /></a></span>\n\n<!-- /BADGES -->\n\n\n<!-- DESCRIPTION/ -->\n\nUtilities to get and check variable types (isString, isPlainObject, isRegExp, etc)\n\n<!-- /DESCRIPTION -->\n\n\n## Why?\n\nWhy should I use this instead of say `instanceof`?\n\nUnder certain circumstances `instanceof` may not return the correct results. This occurs with [node's vm module](http://nodejs.org/api/vm.html#vm_globals) especially, and circumstances where an object's prototype has been dereferenced from the original. As such, for basic `==` and `===` checks (like `a === null`), you're fine not using this, but for checks when you would have done `instanceof` (like `err instanceof Error`), you should try to use this instead. Plus things like `isEmpty`, `isEmptyObject` and `isPlainObject` are darn useful!\n\n\n## Usage\n\n[API Documentation.](http://rawgit.com/bevry/typechecker/master/docs/index.html)\n\n\n<!-- INSTALL/ -->\n\n<h2>Install</h2>\n\n<a href=\"https://npmjs.com\" title=\"npm is a package manager for javascript\"><h3>NPM</h3></a><ul>\n<li>Install: <code>npm install --save typechecker</code></li>\n<li>Module: <code>require('typechecker')</code></li></ul>\n\n<a href=\"http://browserify.org\" title=\"Browserify lets you require('modules') in the browser by bundling up all of your dependencies\"><h3>Browserify</h3></a><ul>\n<li>Install: <code>npm install --save typechecker</code></li>\n<li>Module: <code>require('typechecker')</code></li>\n<li>CDN URL: <code>//wzrd.in/bundle/typechecker@4.3.0</code></li></ul>\n\n<a href=\"http://enderjs.com\" title=\"Ender is a full featured package manager for your browser\"><h3>Ender</h3></a><ul>\n<li>Install: <code>ender add typechecker</code></li>\n<li>Module: <code>require('typechecker')</code></li></ul>\n\n<h3><a href=\"https://github.com/bevry/editions\" title=\"Editions are the best way to produce and consume packages you care about.\">Editions</a></h3>\n\n<p>This package is published with the following editions:</p>\n\n<ul><li><code>typechecker</code> aliases <code>typechecker/index.js</code> which uses <a href=\"https://github.com/bevry/editions\" title=\"Editions are the best way to produce and consume packages you care about.\">Editions</a> to automatically select the correct edition for the consumers environment</li>\n<li><code>typechecker/source/index.js</code> is Source + <a href=\"https://babeljs.io/docs/learn-es2015/\" title=\"ECMAScript Next\">ESNext</a> + <a href=\"https://babeljs.io/docs/learn-es2015/#modules\" title=\"ECMAScript Modules\">Import</a> + <a href=\"http://flowtype.org/blog/2015/02/20/Flow-Comments.html\" title=\"Flow is a static type checker for JavaScript\">Flow Type Comments</a></li>\n<li><code>typechecker/es2015/index.js</code> is <a href=\"https://babeljs.io\" title=\"The compiler for writing next generation JavaScript\">Babel</a> Compiled + <a href=\"http://babeljs.io/docs/plugins/preset-es2015/\" title=\"ECMAScript 2015\">ES2015</a> + <a href=\"https://nodejs.org/dist/latest-v5.x/docs/api/modules.html\" title=\"Node/CJS Modules\">Require</a></li></ul>\n\n<p>Older environments may need <a href=\"https://babeljs.io/docs/usage/polyfill/\" title=\"A polyfill that emulates missing ECMAScript environment features\">Babel's Polyfill</a> or something similar.</p>\n\n<!-- /INSTALL -->\n\n\n<!-- HISTORY/ -->\n\n<h2>History</h2>\n\n<a href=\"https://github.com/bevry/typechecker/blob/master/HISTORY.md#files\">Discover the release history by heading on over to the <code>HISTORY.md</code> file.</a>\n\n<!-- /HISTORY -->\n\n\n<!-- CONTRIBUTE/ -->\n\n<h2>Contribute</h2>\n\n<a href=\"https://github.com/bevry/typechecker/blob/master/CONTRIBUTING.md#files\">Discover how you can contribute by heading on over to the <code>CONTRIBUTING.md</code> file.</a>\n\n<!-- /CONTRIBUTE -->\n\n\n<!-- BACKERS/ -->\n\n<h2>Backers</h2>\n\n<h3>Maintainers</h3>\n\nThese amazing people are maintaining this project:\n\n<ul><li><a href=\"http://balupton.com\">Benjamin Lupton</a></li></ul>\n\n<h3>Sponsors</h3>\n\nNo sponsors yet! Will you be the first?\n\n<span class=\"badge-patreon\"><a href=\"http://patreon.com/bevry\" title=\"Donate to this project using Patreon\"><img src=\"https://img.shields.io/badge/patreon-donate-yellow.svg\" alt=\"Patreon donate button\" /></a></span>\n<span class=\"badge-gratipay\"><a href=\"https://www.gratipay.com/bevry\" title=\"Donate weekly to this project using Gratipay\"><img src=\"https://img.shields.io/badge/gratipay-donate-yellow.svg\" alt=\"Gratipay donate button\" /></a></span>\n<span class=\"badge-flattr\"><a href=\"https://flattr.com/profile/balupton\" title=\"Donate to this project using Flattr\"><img src=\"https://img.shields.io/badge/flattr-donate-yellow.svg\" alt=\"Flattr donate button\" /></a></span>\n<span class=\"badge-paypal\"><a href=\"https://bevry.me/paypal\" title=\"Donate to this project using Paypal\"><img src=\"https://img.shields.io/badge/paypal-donate-yellow.svg\" alt=\"PayPal donate button\" /></a></span>\n<span class=\"badge-bitcoin\"><a href=\"https://bevry.me/bitcoin\" title=\"Donate once-off to this project using Bitcoin\"><img src=\"https://img.shields.io/badge/bitcoin-donate-yellow.svg\" alt=\"Bitcoin donate button\" /></a></span>\n<span class=\"badge-wishlist\"><a href=\"https://bevry.me/wishlist\" title=\"Buy an item on our wishlist for us\"><img src=\"https://img.shields.io/badge/wishlist-donate-yellow.svg\" alt=\"Wishlist browse button\" /></a></span>\n\n<h3>Contributors</h3>\n\nThese amazing people have contributed code to this project:\n\n<ul><li><a href=\"http://balupton.com\">Benjamin Lupton</a></li>\n<li><a href=\"https://github.com/joegesualdo\">Joe Gesualdo</a> — <a href=\"https://github.com/bevry/typechecker/commits?author=joegesualdo\" title=\"View the GitHub contributions of Joe Gesualdo on repository bevry/typechecker\">view contributions</a></li>\n<li><a href=\"http://seanfridman.com\">Sean Fridman</a> — <a href=\"https://github.com/bevry/typechecker/commits?author=sfrdmn\" title=\"View the GitHub contributions of Sean Fridman on repository bevry/typechecker\">view contributions</a></li>\n<li><a href=\"https://balupton.com\">Benjamin Lupton</a> — <a href=\"https://github.com/bevry/typechecker/commits?author=balupton\" title=\"View the GitHub contributions of Benjamin Lupton on repository bevry/typechecker\">view contributions</a></li></ul>\n\n<a href=\"https://github.com/bevry/typechecker/blob/master/CONTRIBUTING.md#files\">Discover how you can contribute by heading on over to the <code>CONTRIBUTING.md</code> file.</a>\n\n<!-- /BACKERS -->\n\n\n<!-- LICENSE/ -->\n\n<h2>License</h2>\n\nUnless stated otherwise all works are:\n\n<ul><li>Copyright &copy; 2013+ <a href=\"http://bevry.me\">Bevry Pty Ltd</a></li>\n<li>Copyright &copy; 2011-2012 <a href=\"http://balupton.com\">Benjamin Lupton</a></li></ul>\n\nand licensed under:\n\n<ul><li><a href=\"http://spdx.org/licenses/MIT.html\">MIT License</a></li></ul>\n\n<!-- /LICENSE -->\n","maintainers":[{"name":"balupton","email":"b@lupton.cc"}],"time":{"modified":"2016-03-21T03:59:50.644Z","created":"2013-03-27T05:45:33.385Z","2.0.0":"2013-03-27T05:45:37.843Z","2.0.1":"2013-03-27T06:20:14.351Z","2.0.2":"2013-09-18T05:13:46.924Z","2.0.3":"2013-09-18T05:28:57.692Z","2.0.4":"2013-09-18T12:36:17.943Z","2.0.5":"2013-09-18T12:42:24.514Z","2.0.6":"2013-09-18T12:57:40.800Z","2.0.7":"2013-10-26T23:32:58.750Z","2.0.8":"2013-11-01T05:18:51.683Z","2.1.0":"2015-08-26T06:41:52.243Z","3.0.0":"2015-08-26T23:26:49.817Z","4.0.0":"2015-09-21T01:53:17.139Z","4.0.1":"2015-12-09T07:39:54.607Z","4.1.0":"2016-01-15T06:04:08.255Z","4.2.0":"2016-03-20T02:22:01.964Z","4.2.1":"2016-03-20T02:46:18.678Z","4.3.0":"2016-03-21T03:59:50.644Z"},"author":{"name":"2013+ Bevry Pty Ltd","email":"us@bevry.me","url":"http://bevry.me"},"repository":{"type":"git","url":"git+ssh://git@github.com/bevry/typechecker.git"},"homepage":"https://github.com/bevry/typechecker","keywords":["types","type","check","getType","isPlainObject","isEmpty","isEmptyObject","isNativeClass","isConventionalClass","isClass","isObject","isError","isDate","isArguments","isFunction","isRegExp","isArray","isNumber","isString","isBoolean","isNull","isUndefined","isMap","isWeakMap"],"contributors":[{"name":"Benjamin Lupton","email":"b@lupton.cc","url":"http://balupton.com"},{"name":"Joe Gesualdo","email":"joegesualdo@gmail.com","url":"https://github.com/joegesualdo"},{"name":"Sean Fridman","email":"mail@seanfridman.com","url":"http://seanfridman.com"},{"name":"Benjamin Lupton","url":"https://balupton.com"}],"bugs":{"url":"https://github.com/bevry/typechecker/issues"},"license":"MIT","readmeFilename":"README.md","_attachments":{},"_etag":"\"65AFNB9YNYVNNAQZY3OQEJYWE\""}