{"_id":"dot-case","_rev":"15-68aa571ef66b3c798d92a9e987c5c589","name":"dot-case","description":"Dot case a string","dist-tags":{"latest":"1.1.2"},"versions":{"0.0.1":{"name":"dot-case","version":"0.0.1","description":"Dot case a string","main":"dot-case.js","scripts":{"test":"istanbul cover _mocha -- -R spec"},"repository":{"type":"git","url":"git://github.com/blakeembrey/dot-case.git"},"keywords":["dot","case","period"],"author":{"name":"Blake Embrey"},"license":"MIT","bugs":{"url":"https://github.com/blakeembrey/dot-case/issues"},"homepage":"https://github.com/blakeembrey/dot-case","devDependencies":{"istanbul":"^0.2.6","mocha":"^1.18.2"},"dependencies":{"sentence-case":"0.0.1"},"_id":"dot-case@0.0.1","dist":{"shasum":"c27b8b2da680ca1199e5d75d4cf36d0dc467ca8b","tarball":"https://registry.npmjs.org/dot-case/-/dot-case-0.0.1.tgz"},"_from":".","_npmVersion":"1.4.6","_npmUser":{"name":"blakeembrey","email":"hello@blakeembrey.com"},"maintainers":[{"name":"blakeembrey","email":"hello@blakeembrey.com"}],"directories":{}},"0.0.2":{"name":"dot-case","version":"0.0.2","description":"Dot case a string","main":"dot-case.js","scripts":{"test":"istanbul cover _mocha -- -R spec"},"repository":{"type":"git","url":"git://github.com/blakeembrey/dot-case.git"},"keywords":["dot","case","period"],"author":{"name":"Blake Embrey"},"license":"MIT","bugs":{"url":"https://github.com/blakeembrey/dot-case/issues"},"homepage":"https://github.com/blakeembrey/dot-case","devDependencies":{"istanbul":"^0.2.6","mocha":"^1.18.2"},"dependencies":{"sentence-case":"0.0.2"},"_id":"dot-case@0.0.2","dist":{"shasum":"cd1438e8df397e6de1533799acc46004d00be912","tarball":"https://registry.npmjs.org/dot-case/-/dot-case-0.0.2.tgz"},"_from":".","_npmVersion":"1.4.6","_npmUser":{"name":"blakeembrey","email":"hello@blakeembrey.com"},"maintainers":[{"name":"blakeembrey","email":"hello@blakeembrey.com"}],"directories":{}},"0.1.0":{"name":"dot-case","version":"0.1.0","description":"Dot case a string","main":"dot-case.js","scripts":{"test":"istanbul cover _mocha -- -R spec"},"repository":{"type":"git","url":"git://github.com/blakeembrey/dot-case.git"},"keywords":["dot","case","period"],"author":{"name":"Blake Embrey"},"license":"MIT","bugs":{"url":"https://github.com/blakeembrey/dot-case/issues"},"homepage":"https://github.com/blakeembrey/dot-case","devDependencies":{"istanbul":"^0.2.6","mocha":"^1.18.2"},"dependencies":{"sentence-case":"^0.1.1"},"_id":"dot-case@0.1.0","dist":{"shasum":"a999cf8562802fc546cdbd61db4b88ece28ffb0e","tarball":"https://registry.npmjs.org/dot-case/-/dot-case-0.1.0.tgz"},"_from":".","_npmVersion":"1.4.6","_npmUser":{"name":"blakeembrey","email":"hello@blakeembrey.com"},"maintainers":[{"name":"blakeembrey","email":"hello@blakeembrey.com"}],"directories":{}},"1.0.0":{"name":"dot-case","version":"1.0.0","description":"Dot case a string","main":"dot-case.js","scripts":{"test":"istanbul cover _mocha -- -R spec"},"repository":{"type":"git","url":"git://github.com/blakeembrey/dot-case.git"},"keywords":["dot","case","period"],"author":{"name":"Blake Embrey","email":"hello@blakeembrey.com","url":"http://blakeembrey.me"},"license":"MIT","bugs":{"url":"https://github.com/blakeembrey/dot-case/issues"},"homepage":"https://github.com/blakeembrey/dot-case","devDependencies":{"istanbul":"^0.3.0","mocha":"^1.18.2"},"dependencies":{"sentence-case":"^1.0.0"},"gitHead":"9693764d8f48f73ba405a6ee9628acde1facf3dc","_id":"dot-case@1.0.0","_shasum":"fae037420a573c9492b00eb86156365d74bf5574","_from":".","_npmVersion":"1.4.14","_npmUser":{"name":"blakeembrey","email":"hello@blakeembrey.com"},"maintainers":[{"name":"blakeembrey","email":"hello@blakeembrey.com"}],"dist":{"shasum":"fae037420a573c9492b00eb86156365d74bf5574","tarball":"https://registry.npmjs.org/dot-case/-/dot-case-1.0.0.tgz"},"directories":{}},"1.0.1":{"name":"dot-case","version":"1.0.1","description":"Dot case a string","main":"dot-case.js","scripts":{"test":"istanbul cover _mocha -- -R spec"},"repository":{"type":"git","url":"git://github.com/blakeembrey/dot-case.git"},"keywords":["dot","case","period"],"author":{"name":"Blake Embrey","email":"hello@blakeembrey.com","url":"http://blakeembrey.me"},"license":"MIT","bugs":{"url":"https://github.com/blakeembrey/dot-case/issues"},"homepage":"https://github.com/blakeembrey/dot-case","devDependencies":{"istanbul":"^0.3.0","mocha":"^1.18.2"},"dependencies":{"sentence-case":"^1.0.2"},"_id":"dot-case@1.0.1","_shasum":"9b1d393d810a2c16ca9ee0affde5a9e4657435b7","_from":".","_npmVersion":"1.4.9","_npmUser":{"name":"blakeembrey","email":"hello@blakeembrey.com"},"maintainers":[{"name":"blakeembrey","email":"hello@blakeembrey.com"}],"dist":{"shasum":"9b1d393d810a2c16ca9ee0affde5a9e4657435b7","tarball":"https://registry.npmjs.org/dot-case/-/dot-case-1.0.1.tgz"},"directories":{}},"1.1.0":{"name":"dot-case","version":"1.1.0","description":"Dot case a string","main":"dot-case.js","files":["dot-case.js","LICENSE"],"scripts":{"test":"istanbul cover _mocha -- -R spec"},"repository":{"type":"git","url":"git://github.com/blakeembrey/dot-case.git"},"keywords":["dot","case","period"],"author":{"name":"Blake Embrey","email":"hello@blakeembrey.com","url":"http://blakeembrey.me"},"license":"MIT","bugs":{"url":"https://github.com/blakeembrey/dot-case/issues"},"homepage":"https://github.com/blakeembrey/dot-case","devDependencies":{"istanbul":"^0.3.0","mocha":"^1.18.2","pre-commit":"0.0.9"},"dependencies":{"sentence-case":"^1.1.1"},"gitHead":"1b935a33667fba42ea9976bb5547d53211c30658","_id":"dot-case@1.1.0","_shasum":"fd6567f7a809753cacc33236a346d8ad16cc6e06","_from":".","_npmVersion":"2.1.17","_nodeVersion":"0.11.14","_npmUser":{"name":"blakeembrey","email":"hello@blakeembrey.com"},"maintainers":[{"name":"blakeembrey","email":"hello@blakeembrey.com"}],"dist":{"shasum":"fd6567f7a809753cacc33236a346d8ad16cc6e06","tarball":"https://registry.npmjs.org/dot-case/-/dot-case-1.1.0.tgz"},"directories":{}},"1.1.1":{"name":"dot-case","version":"1.1.1","description":"Dot case a string","main":"dot-case.js","files":["dot-case.js","LICENSE"],"scripts":{"test":"istanbul cover _mocha -- -R spec"},"repository":{"type":"git","url":"git://github.com/blakeembrey/dot-case.git"},"keywords":["dot","case","period"],"author":{"name":"Blake Embrey","email":"hello@blakeembrey.com","url":"http://blakeembrey.me"},"license":"MIT","bugs":{"url":"https://github.com/blakeembrey/dot-case/issues"},"homepage":"https://github.com/blakeembrey/dot-case","devDependencies":{"istanbul":"^0.3.0","mocha":"^2.1.0","pre-commit":"^1.0.1"},"dependencies":{"sentence-case":"^1.1.2"},"gitHead":"d4fbb57ab9ba4617d4c9723b71a189b60b7df921","_id":"dot-case@1.1.1","_shasum":"9c183e7aa0fac8cdb71c55db78340aa805f01d71","_from":".","_npmVersion":"1.4.28","_npmUser":{"name":"blakeembrey","email":"hello@blakeembrey.com"},"maintainers":[{"name":"blakeembrey","email":"hello@blakeembrey.com"}],"dist":{"shasum":"9c183e7aa0fac8cdb71c55db78340aa805f01d71","tarball":"https://registry.npmjs.org/dot-case/-/dot-case-1.1.1.tgz"},"directories":{}},"1.1.2":{"name":"dot-case","version":"1.1.2","description":"Dot case a string","main":"dot-case.js","typings":"dot-case.d.ts","files":["dot-case.js","dot-case.d.ts","LICENSE"],"scripts":{"lint":"standard","test-std":"mocha -- -R spec --bail","test-cov":"istanbul cover node_modules/mocha/bin/_mocha -- -R spec --bail","test":"npm run lint && npm run test-cov"},"repository":{"type":"git","url":"git://github.com/blakeembrey/dot-case.git"},"keywords":["dot","case","period"],"author":{"name":"Blake Embrey","email":"hello@blakeembrey.com","url":"http://blakeembrey.me"},"license":"MIT","bugs":{"url":"https://github.com/blakeembrey/dot-case/issues"},"homepage":"https://github.com/blakeembrey/dot-case","devDependencies":{"istanbul":"^0.3.0","mocha":"^2.1.0","pre-commit":"^1.0.1","standard":"^3.3.0"},"dependencies":{"sentence-case":"^1.1.2"},"gitHead":"c8422493e26ab538e68ccb63c8a5dee116e100f1","_id":"dot-case@1.1.2","_shasum":"1e73826900de28d6de5480bc1de31d0842b06bec","_from":".","_npmVersion":"3.3.12","_nodeVersion":"5.2.0","_npmUser":{"name":"blakeembrey","email":"hello@blakeembrey.com"},"dist":{"shasum":"1e73826900de28d6de5480bc1de31d0842b06bec","tarball":"https://registry.npmjs.org/dot-case/-/dot-case-1.1.2.tgz"},"maintainers":[{"name":"blakeembrey","email":"hello@blakeembrey.com"}],"directories":{}}},"readme":"# Dot Case\n\n[![NPM version][npm-image]][npm-url]\n[![NPM downloads][downloads-image]][downloads-url]\n[![Build status][travis-image]][travis-url]\n[![Test coverage][coveralls-image]][coveralls-url]\n\nDot case a string.\n\nSupports Unicode (non-ASCII characters) and non-string entities, such as objects with a `toString` property, numbers and booleans. Empty values (`null` and `undefined`) will result in an empty string.\n\n## Installation\n\n```\nnpm install dot-case --save\n```\n\n## Usage\n\n```javascript\nvar dotCase = require('dot-case')\n\ndotCase('string')        //=> \"string\"\ndotCase('camelCase')     //=> \"camel.case\"\ndotCase('sentence case') //=> \"sentence.case\"\n\ndotCase('MY STRING', 'tr') //=> \"my.strıng\"\n```\n\n## Typings\n\nIncludes a [TypeScript definition](dot-case.d.ts).\n\n## License\n\nMIT\n\n[npm-image]: https://img.shields.io/npm/v/dot-case.svg?style=flat\n[npm-url]: https://npmjs.org/package/dot-case\n[downloads-image]: https://img.shields.io/npm/dm/dot-case.svg?style=flat\n[downloads-url]: https://npmjs.org/package/dot-case\n[travis-image]: https://img.shields.io/travis/blakeembrey/dot-case.svg?style=flat\n[travis-url]: https://travis-ci.org/blakeembrey/dot-case\n[coveralls-image]: https://img.shields.io/coveralls/blakeembrey/dot-case.svg?style=flat\n[coveralls-url]: https://coveralls.io/r/blakeembrey/dot-case?branch=master\n","maintainers":[{"name":"blakeembrey","email":"hello@blakeembrey.com"}],"time":{"modified":"2015-12-16T00:21:26.150Z","created":"2014-03-24T23:33:18.045Z","0.0.1":"2014-03-24T23:33:18.045Z","0.0.2":"2014-03-25T02:13:15.319Z","0.1.0":"2014-04-09T09:58:47.259Z","1.0.0":"2014-08-17T18:42:43.288Z","1.0.1":"2014-08-19T13:44:40.438Z","1.1.0":"2015-01-12T08:32:59.302Z","1.1.1":"2015-01-31T10:55:39.581Z","1.1.2":"2015-12-16T00:21:26.150Z"},"homepage":"https://github.com/blakeembrey/dot-case","keywords":["dot","case","period"],"repository":{"type":"git","url":"git://github.com/blakeembrey/dot-case.git"},"author":{"name":"Blake Embrey","email":"hello@blakeembrey.com","url":"http://blakeembrey.me"},"bugs":{"url":"https://github.com/blakeembrey/dot-case/issues"},"license":"MIT","readmeFilename":"README.md","_attachments":{},"_etag":"\"8LZXI11N5AK53J5ZFEBDYAQTS\""}