{"_id":"graceful-fs","_rev":"138-c40fd9399f63e45c3b70dc8ee882dd75","name":"graceful-fs","description":"A drop-in replacement for fs, making various improvements.","dist-tags":{"latest":"4.1.3"},"versions":{"1.0.0":{"author":{"name":"Isaac Z. Schlueter","email":"i@izs.me","url":"http://blog.izs.me"},"name":"graceful-fs","description":"fs with incremental backoff on EMFILE","version":"1.0.0","repository":{"type":"git","url":"git://github.com/isaacs/node-graceful-fs.git"},"main":"graceful-fs.js","engines":{"node":"0.4 || 0.5"},"dependencies":{},"devDependencies":{},"_npmJsonOpts":{"file":"/Users/isaacs/.npm/graceful-fs/1.0.0/package/package.json","wscript":false,"contributors":false,"serverjs":false},"_id":"graceful-fs@1.0.0","_engineSupported":true,"_npmVersion":"1.0.18","_nodeVersion":"v0.4.10-pre","_defaultsLoaded":true,"dist":{"shasum":"ba8e39479ec46658d59eb305f878f8b0820fa8e5","tarball":"https://registry.npmjs.org/graceful-fs/-/graceful-fs-1.0.0.tgz"},"scripts":{},"directories":{},"deprecated":"graceful-fs v3.0.0 and before will fail on node releases >= v6.0. Please update to graceful-fs@^4.0.0 as soon as possible. Use 'npm ls graceful-fs' to find it in the tree."},"1.0.1":{"author":{"name":"Isaac Z. Schlueter","email":"i@izs.me","url":"http://blog.izs.me"},"name":"graceful-fs","description":"fs with incremental backoff on EMFILE","version":"1.0.1","repository":{"type":"git","url":"git://github.com/isaacs/node-graceful-fs.git"},"main":"graceful-fs.js","engines":{"node":"0.4 || 0.5"},"dependencies":{},"devDependencies":{},"_npmUser":{"name":"isaacs","email":"i@izs.me"},"_id":"graceful-fs@1.0.1","_engineSupported":true,"_npmVersion":"1.0.30","_nodeVersion":"v0.5.8-pre","_defaultsLoaded":true,"dist":{"shasum":"63647ef7ca9bf0abc561cdb72d2a58704a11cc2f","tarball":"https://registry.npmjs.org/graceful-fs/-/graceful-fs-1.0.1.tgz"},"maintainers":[{"name":"isaacs","email":"i@izs.me"}],"directories":{},"deprecated":"graceful-fs v3.0.0 and before will fail on node releases >= v6.0. Please update to graceful-fs@^4.0.0 as soon as possible. Use 'npm ls graceful-fs' to find it in the tree."},"1.0.2":{"author":{"name":"Isaac Z. Schlueter","email":"i@izs.me","url":"http://blog.izs.me"},"name":"graceful-fs","description":"fs with incremental backoff on EMFILE","version":"1.0.2","repository":{"type":"git","url":"git://github.com/isaacs/node-graceful-fs.git"},"main":"graceful-fs.js","engines":{"node":"0.4 || 0.5 || 0.6"},"dependencies":{},"devDependencies":{},"_npmUser":{"name":"isaacs","email":"i@izs.me"},"_id":"graceful-fs@1.0.2","_engineSupported":true,"_npmVersion":"1.0.106","_nodeVersion":"v0.6.2-pre","_defaultsLoaded":true,"dist":{"shasum":"79ac9f685c97c391d88a95e4cde5a1313c3807de","tarball":"https://registry.npmjs.org/graceful-fs/-/graceful-fs-1.0.2.tgz"},"maintainers":[{"name":"isaacs","email":"i@izs.me"}],"directories":{},"deprecated":"graceful-fs v3.0.0 and before will fail on node releases >= v6.0. Please update to graceful-fs@^4.0.0 as soon as possible. Use 'npm ls graceful-fs' to find it in the tree."},"1.1.0":{"author":{"name":"Isaac Z. Schlueter","email":"i@izs.me","url":"http://blog.izs.me"},"name":"graceful-fs","description":"fs monkey-patching to avoid EMFILE and other problems","version":"1.1.0","repository":{"type":"git","url":"git://github.com/isaacs/node-graceful-fs.git"},"main":"graceful-fs.js","engines":{"node":"0.4 || 0.5 || 0.6"},"dependencies":{"fast-list":"1"},"devDependencies":{},"_npmUser":{"name":"isaacs","email":"i@izs.me"},"_id":"graceful-fs@1.1.0","_engineSupported":true,"_npmVersion":"1.1.0-alpha-2","_nodeVersion":"v0.6.2-pre","_defaultsLoaded":true,"dist":{"shasum":"c36f1d3b31d71b4cef3da303b784074f6d578037","tarball":"https://registry.npmjs.org/graceful-fs/-/graceful-fs-1.1.0.tgz"},"maintainers":[{"name":"isaacs","email":"i@izs.me"}],"directories":{},"deprecated":"graceful-fs v3.0.0 and before will fail on node releases >= v6.0. Please update to graceful-fs@^4.0.0 as soon as possible. Use 'npm ls graceful-fs' to find it in the tree."},"1.1.1":{"author":{"name":"Isaac Z. Schlueter","email":"i@izs.me","url":"http://blog.izs.me"},"name":"graceful-fs","description":"fs monkey-patching to avoid EMFILE and other problems","version":"1.1.1","repository":{"type":"git","url":"git://github.com/isaacs/node-graceful-fs.git"},"main":"graceful-fs.js","engines":{"node":"0.4 || 0.5 || 0.6"},"dependencies":{"fast-list":"1"},"devDependencies":{},"_npmUser":{"name":"isaacs","email":"i@izs.me"},"_id":"graceful-fs@1.1.1","_engineSupported":true,"_npmVersion":"1.1.0-alpha-2","_nodeVersion":"v0.6.4-pre","_defaultsLoaded":true,"dist":{"shasum":"2f10989f7e9addfcea6592d95f52bb0c2d7e5bd2","tarball":"https://registry.npmjs.org/graceful-fs/-/graceful-fs-1.1.1.tgz"},"maintainers":[{"name":"isaacs","email":"i@izs.me"}],"directories":{},"deprecated":"graceful-fs v3.0.0 and before will fail on node releases >= v6.0. Please update to graceful-fs@^4.0.0 as soon as possible. Use 'npm ls graceful-fs' to find it in the tree."},"1.1.2":{"author":{"name":"Isaac Z. Schlueter","email":"i@izs.me","url":"http://blog.izs.me"},"name":"graceful-fs","description":"fs monkey-patching to avoid EMFILE and other problems","version":"1.1.2","repository":{"type":"git","url":"git://github.com/isaacs/node-graceful-fs.git"},"main":"graceful-fs.js","engines":{"node":"0.4 || 0.5 || 0.6"},"dependencies":{"fast-list":"1"},"devDependencies":{},"_npmUser":{"name":"isaacs","email":"i@izs.me"},"_id":"graceful-fs@1.1.2","_engineSupported":true,"_npmVersion":"1.1.0-alpha-6","_nodeVersion":"v0.6.4","_defaultsLoaded":true,"dist":{"shasum":"e82181f54de6620c67034e736fbc0d8fee8c1ffa","tarball":"https://registry.npmjs.org/graceful-fs/-/graceful-fs-1.1.2.tgz"},"maintainers":[{"name":"isaacs","email":"i@izs.me"}],"directories":{},"deprecated":"graceful-fs v3.0.0 and before will fail on node releases >= v6.0. Please update to graceful-fs@^4.0.0 as soon as possible. Use 'npm ls graceful-fs' to find it in the tree."},"1.1.3":{"author":{"name":"Isaac Z. Schlueter","email":"i@izs.me","url":"http://blog.izs.me"},"name":"graceful-fs","description":"fs monkey-patching to avoid EMFILE and other problems","version":"1.1.3","repository":{"type":"git","url":"git://github.com/isaacs/node-graceful-fs.git"},"main":"graceful-fs.js","engines":{"node":">=0.4.0"},"dependencies":{"fast-list":"1"},"devDependencies":{},"_npmUser":{"name":"isaacs","email":"i@izs.me"},"_id":"graceful-fs@1.1.3","optionalDependencies":{},"_engineSupported":true,"_npmVersion":"1.1.0-2","_nodeVersion":"v0.6.8-pre","_defaultsLoaded":true,"dist":{"shasum":"7c5264a5fd5888cf02545898e402502ff01150ae","tarball":"https://registry.npmjs.org/graceful-fs/-/graceful-fs-1.1.3.tgz"},"maintainers":[{"name":"isaacs","email":"i@izs.me"}],"directories":{},"deprecated":"graceful-fs v3.0.0 and before will fail on node releases >= v6.0. Please update to graceful-fs@^4.0.0 as soon as possible. Use 'npm ls graceful-fs' to find it in the tree."},"1.1.4":{"author":{"name":"Isaac Z. Schlueter","email":"i@izs.me","url":"http://blog.izs.me"},"name":"graceful-fs","description":"fs monkey-patching to avoid EMFILE and other problems","version":"1.1.4","repository":{"type":"git","url":"git://github.com/isaacs/node-graceful-fs.git"},"main":"graceful-fs.js","engines":{"node":">=0.4.0"},"dependencies":{"fast-list":"1"},"devDependencies":{},"_npmUser":{"name":"isaacs","email":"i@izs.me"},"_id":"graceful-fs@1.1.4","optionalDependencies":{},"_engineSupported":true,"_npmVersion":"1.1.0-2","_nodeVersion":"v0.6.8-pre","_defaultsLoaded":true,"dist":{"shasum":"d53940783394758e59b24e10d355cbcf8c225103","tarball":"https://registry.npmjs.org/graceful-fs/-/graceful-fs-1.1.4.tgz"},"maintainers":[{"name":"isaacs","email":"i@izs.me"}],"directories":{},"deprecated":"graceful-fs v3.0.0 and before will fail on node releases >= v6.0. Please update to graceful-fs@^4.0.0 as soon as possible. Use 'npm ls graceful-fs' to find it in the tree."},"1.1.5":{"author":{"name":"Isaac Z. Schlueter","email":"i@izs.me","url":"http://blog.izs.me"},"name":"graceful-fs","description":"fs monkey-patching to avoid EMFILE and other problems","version":"1.1.5","repository":{"type":"git","url":"git://github.com/isaacs/node-graceful-fs.git"},"main":"graceful-fs.js","engines":{"node":">=0.4.0"},"dependencies":{"fast-list":"1"},"devDependencies":{},"_npmUser":{"name":"isaacs","email":"i@izs.me"},"_id":"graceful-fs@1.1.5","optionalDependencies":{},"_engineSupported":true,"_npmVersion":"1.1.0-2","_nodeVersion":"v0.6.9-pre","_defaultsLoaded":true,"dist":{"shasum":"0e4692e2240d3951c135587ff7dc8c557186d037","tarball":"https://registry.npmjs.org/graceful-fs/-/graceful-fs-1.1.5.tgz"},"maintainers":[{"name":"isaacs","email":"i@izs.me"}],"directories":{},"deprecated":"graceful-fs v3.0.0 and before will fail on node releases >= v6.0. Please update to graceful-fs@^4.0.0 as soon as possible. Use 'npm ls graceful-fs' to find it in the tree."},"1.1.6":{"author":{"name":"Isaac Z. Schlueter","email":"i@izs.me","url":"http://blog.izs.me"},"name":"graceful-fs","description":"fs monkey-patching to avoid EMFILE and other problems","version":"1.1.6","repository":{"type":"git","url":"git://github.com/isaacs/node-graceful-fs.git"},"main":"graceful-fs.js","engines":{"node":">=0.4.0"},"devDependencies":{},"_npmUser":{"name":"isaacs","email":"i@izs.me"},"_id":"graceful-fs@1.1.6","dependencies":{},"optionalDependencies":{},"_engineSupported":true,"_npmVersion":"1.1.10","_nodeVersion":"v0.7.7-pre","_defaultsLoaded":true,"dist":{"shasum":"cb87fa245e5669fb7b1da44ceef5920054052e24","tarball":"https://registry.npmjs.org/graceful-fs/-/graceful-fs-1.1.6.tgz"},"maintainers":[{"name":"isaacs","email":"i@izs.me"}],"directories":{},"deprecated":"graceful-fs v3.0.0 and before will fail on node releases >= v6.0. Please update to graceful-fs@^4.0.0 as soon as possible. Use 'npm ls graceful-fs' to find it in the tree."},"1.1.7":{"author":{"name":"Isaac Z. Schlueter","email":"i@izs.me","url":"http://blog.izs.me"},"name":"graceful-fs","description":"fs monkey-patching to avoid EMFILE and other problems","version":"1.1.7","repository":{"type":"git","url":"git://github.com/isaacs/node-graceful-fs.git"},"main":"graceful-fs.js","engines":{"node":">=0.4.0"},"devDependencies":{},"_npmUser":{"name":"isaacs","email":"i@izs.me"},"_id":"graceful-fs@1.1.7","dependencies":{},"optionalDependencies":{},"_engineSupported":true,"_npmVersion":"1.1.10","_nodeVersion":"v0.7.7-pre","_defaultsLoaded":true,"dist":{"shasum":"e5cfd7904de546273c1c461ddd053e44e84bc0d7","tarball":"https://registry.npmjs.org/graceful-fs/-/graceful-fs-1.1.7.tgz"},"maintainers":[{"name":"isaacs","email":"i@izs.me"}],"directories":{},"deprecated":"graceful-fs v3.0.0 and before will fail on node releases >= v6.0. Please update to graceful-fs@^4.0.0 as soon as possible. Use 'npm ls graceful-fs' to find it in the tree."},"1.1.8":{"author":{"name":"Isaac Z. Schlueter","email":"i@izs.me","url":"http://blog.izs.me"},"name":"graceful-fs","description":"fs monkey-patching to avoid EMFILE and other problems","version":"1.1.8","repository":{"type":"git","url":"git://github.com/isaacs/node-graceful-fs.git"},"main":"graceful-fs.js","engines":{"node":">=0.4.0"},"devDependencies":{},"_npmUser":{"name":"isaacs","email":"i@izs.me"},"_id":"graceful-fs@1.1.8","dependencies":{},"optionalDependencies":{},"_engineSupported":true,"_npmVersion":"1.1.10","_nodeVersion":"v0.7.7-pre","_defaultsLoaded":true,"dist":{"shasum":"7c9b7cd96f16b83230f61d522156306500914888","tarball":"https://registry.npmjs.org/graceful-fs/-/graceful-fs-1.1.8.tgz"},"maintainers":[{"name":"isaacs","email":"i@izs.me"}],"directories":{},"deprecated":"graceful-fs v3.0.0 and before will fail on node releases >= v6.0. Please update to graceful-fs@^4.0.0 as soon as possible. Use 'npm ls graceful-fs' to find it in the tree."},"1.1.9":{"author":{"name":"Isaac Z. Schlueter","email":"i@izs.me","url":"http://blog.izs.me"},"name":"graceful-fs","description":"fs monkey-patching to avoid EMFILE and other problems","version":"1.1.9","repository":{"type":"git","url":"git://github.com/isaacs/node-graceful-fs.git"},"main":"graceful-fs.js","engines":{"node":">=0.4.0"},"devDependencies":{},"_id":"graceful-fs@1.1.9","dist":{"shasum":"2d8916e828b906a921d7e7de8fc2ba148f03b18a","tarball":"https://registry.npmjs.org/graceful-fs/-/graceful-fs-1.1.9.tgz"},"maintainers":[{"name":"isaacs","email":"i@izs.me"}],"directories":{},"deprecated":"graceful-fs v3.0.0 and before will fail on node releases >= v6.0. Please update to graceful-fs@^4.0.0 as soon as possible. Use 'npm ls graceful-fs' to find it in the tree."},"1.1.10":{"author":{"name":"Isaac Z. Schlueter","email":"i@izs.me","url":"http://blog.izs.me"},"name":"graceful-fs","description":"fs monkey-patching to avoid EMFILE and other problems","version":"1.1.10","repository":{"type":"git","url":"git://github.com/isaacs/node-graceful-fs.git"},"main":"graceful-fs.js","engines":{"node":">=0.4.0"},"devDependencies":{},"directories":{"test":"test"},"dependencies":{},"scripts":{"test":"tap test/*.js"},"keywords":["fs","EMFILE","error","handling","monkeypatch"],"license":"BSD","_id":"graceful-fs@1.1.10","dist":{"shasum":"388a63917e823bc695afd57c76d7f3ee3db54ad3","tarball":"https://registry.npmjs.org/graceful-fs/-/graceful-fs-1.1.10.tgz"},"maintainers":[{"name":"isaacs","email":"i@izs.me"}],"deprecated":"graceful-fs v3.0.0 and before will fail on node releases >= v6.0. Please update to graceful-fs@^4.0.0 as soon as possible. Use 'npm ls graceful-fs' to find it in the tree."},"1.1.11":{"author":{"name":"Isaac Z. Schlueter","email":"i@izs.me","url":"http://blog.izs.me"},"name":"graceful-fs","description":"fs monkey-patching to avoid EMFILE and other problems","version":"1.1.11","repository":{"type":"git","url":"git://github.com/isaacs/node-graceful-fs.git"},"main":"graceful-fs.js","engines":{"node":">=0.4.0"},"devDependencies":{},"directories":{"test":"test"},"dependencies":{},"scripts":{"test":"tap test/*.js"},"keywords":["fs","EMFILE","error","handling","monkeypatch"],"license":"BSD","_id":"graceful-fs@1.1.11","dist":{"shasum":"3a3de260cc4cc80ae13debf31b71f73c2c5eb5e5","tarball":"https://registry.npmjs.org/graceful-fs/-/graceful-fs-1.1.11.tgz"},"_npmVersion":"1.1.61","_npmUser":{"name":"isaacs","email":"i@izs.me"},"maintainers":[{"name":"isaacs","email":"i@izs.me"}],"deprecated":"graceful-fs v3.0.0 and before will fail on node releases >= v6.0. Please update to graceful-fs@^4.0.0 as soon as possible. Use 'npm ls graceful-fs' to find it in the tree."},"1.1.12":{"author":{"name":"Isaac Z. Schlueter","email":"i@izs.me","url":"http://blog.izs.me"},"name":"graceful-fs","description":"fs monkey-patching to avoid EMFILE and other problems","version":"1.1.12","repository":{"type":"git","url":"git://github.com/isaacs/node-graceful-fs.git"},"main":"graceful-fs.js","engines":{"node":">=0.4.0"},"devDependencies":{},"directories":{"test":"test"},"dependencies":{"mkdirp":"~0.3.4"},"scripts":{"test":"tap test/*.js"},"keywords":["fs","EMFILE","error","handling","monkeypatch"],"license":"BSD","_id":"graceful-fs@1.1.12","dist":{"shasum":"baff9d5d87b722ecef6615ea301a5cb9e2860038","tarball":"https://registry.npmjs.org/graceful-fs/-/graceful-fs-1.1.12.tgz"},"_npmVersion":"1.1.61","_npmUser":{"name":"isaacs","email":"i@izs.me"},"maintainers":[{"name":"isaacs","email":"i@izs.me"}],"deprecated":"graceful-fs v3.0.0 and before will fail on node releases >= v6.0. Please update to graceful-fs@^4.0.0 as soon as possible. Use 'npm ls graceful-fs' to find it in the tree."},"1.1.13":{"author":{"name":"Isaac Z. Schlueter","email":"i@izs.me","url":"http://blog.izs.me"},"name":"graceful-fs","description":"fs monkey-patching to avoid EMFILE and other problems","version":"1.1.13","repository":{"type":"git","url":"git://github.com/isaacs/node-graceful-fs.git"},"main":"graceful-fs.js","engines":{"node":">=0.4.0"},"directories":{"test":"test"},"scripts":{"test":"tap test/*.js"},"keywords":["fs","EMFILE","error","handling","monkeypatch"],"license":"BSD","_id":"graceful-fs@1.1.13","dist":{"shasum":"a91e1d8231dc083bdaa227983fbdf5010944ca14","tarball":"https://registry.npmjs.org/graceful-fs/-/graceful-fs-1.1.13.tgz"},"_npmVersion":"1.1.61","_npmUser":{"name":"isaacs","email":"i@izs.me"},"maintainers":[{"name":"isaacs","email":"i@izs.me"}],"deprecated":"graceful-fs v3.0.0 and before will fail on node releases >= v6.0. Please update to graceful-fs@^4.0.0 as soon as possible. Use 'npm ls graceful-fs' to find it in the tree."},"1.1.14":{"author":{"name":"Isaac Z. Schlueter","email":"i@izs.me","url":"http://blog.izs.me"},"name":"graceful-fs","description":"fs monkey-patching to avoid EMFILE and other problems","version":"1.1.14","repository":{"type":"git","url":"git://github.com/isaacs/node-graceful-fs.git"},"main":"graceful-fs.js","engines":{"node":">=0.4.0"},"directories":{"test":"test"},"scripts":{"test":"tap test/*.js"},"keywords":["fs","EMFILE","error","handling","monkeypatch"],"license":"BSD","_id":"graceful-fs@1.1.14","dist":{"shasum":"07078db5f6377f6321fceaaedf497de124dc9465","tarball":"https://registry.npmjs.org/graceful-fs/-/graceful-fs-1.1.14.tgz"},"_npmVersion":"1.1.61","_npmUser":{"name":"isaacs","email":"i@izs.me"},"maintainers":[{"name":"isaacs","email":"i@izs.me"}],"deprecated":"graceful-fs v3.0.0 and before will fail on node releases >= v6.0. Please update to graceful-fs@^4.0.0 as soon as possible. Use 'npm ls graceful-fs' to find it in the tree."},"1.2.0":{"author":{"name":"Isaac Z. Schlueter","email":"i@izs.me","url":"http://blog.izs.me"},"name":"graceful-fs","description":"fs monkey-patching to avoid EMFILE and other problems","version":"1.2.0","repository":{"type":"git","url":"git://github.com/isaacs/node-graceful-fs.git"},"main":"graceful-fs.js","engines":{"node":">=0.4.0"},"directories":{"test":"test"},"scripts":{"test":"tap test/*.js"},"keywords":["fs","EMFILE","error","handling","monkeypatch"],"license":"BSD","_id":"graceful-fs@1.2.0","dist":{"shasum":"fe2d82a295e30de4e1d1c04ec159e10061140704","tarball":"https://registry.npmjs.org/graceful-fs/-/graceful-fs-1.2.0.tgz"},"_from":".","_npmVersion":"1.2.4","_npmUser":{"name":"isaacs","email":"i@izs.me"},"maintainers":[{"name":"isaacs","email":"i@izs.me"}],"deprecated":"graceful-fs v3.0.0 and before will fail on node releases >= v6.0. Please update to graceful-fs@^4.0.0 as soon as possible. Use 'npm ls graceful-fs' to find it in the tree."},"1.2.1":{"author":{"name":"Isaac Z. Schlueter","email":"i@izs.me","url":"http://blog.izs.me"},"name":"graceful-fs","description":"A drop-in replacement for fs, making various improvements.","version":"1.2.1","repository":{"type":"git","url":"git://github.com/isaacs/node-graceful-fs.git"},"main":"graceful-fs.js","engines":{"node":">=0.4.0"},"directories":{"test":"test"},"scripts":{"test":"tap test/*.js"},"keywords":["fs","module","reading","retry","retries","queue","error","errors","handling","EMFILE","EAGAIN","EINVAL","EPERM","EACCESS"],"license":"BSD","bugs":{"url":"https://github.com/isaacs/node-graceful-fs/issues"},"_id":"graceful-fs@1.2.1","dist":{"shasum":"b35cc6e623576fc2a278cba12c00dda6a1758d2d","tarball":"https://registry.npmjs.org/graceful-fs/-/graceful-fs-1.2.1.tgz"},"_from":".","_npmVersion":"1.2.19","_npmUser":{"name":"isaacs","email":"i@izs.me"},"maintainers":[{"name":"isaacs","email":"i@izs.me"}],"deprecated":"graceful-fs v3.0.0 and before will fail on node releases >= v6.0. Please update to graceful-fs@^4.0.0 as soon as possible. Use 'npm ls graceful-fs' to find it in the tree."},"1.2.2":{"author":{"name":"Isaac Z. Schlueter","email":"i@izs.me","url":"http://blog.izs.me"},"name":"graceful-fs","description":"A drop-in replacement for fs, making various improvements.","version":"1.2.2","repository":{"type":"git","url":"git://github.com/isaacs/node-graceful-fs.git"},"main":"graceful-fs.js","engines":{"node":">=0.4.0"},"directories":{"test":"test"},"scripts":{"test":"tap test/*.js"},"keywords":["fs","module","reading","retry","retries","queue","error","errors","handling","EMFILE","EAGAIN","EINVAL","EPERM","EACCESS"],"license":"BSD","bugs":{"url":"https://github.com/isaacs/node-graceful-fs/issues"},"_id":"graceful-fs@1.2.2","dist":{"shasum":"2643e33eaed1c7277decd37377ff9fb394689cf5","tarball":"https://registry.npmjs.org/graceful-fs/-/graceful-fs-1.2.2.tgz"},"_from":".","_npmVersion":"1.2.28","_npmUser":{"name":"isaacs","email":"i@izs.me"},"maintainers":[{"name":"isaacs","email":"i@izs.me"}],"deprecated":"graceful-fs v3.0.0 and before will fail on node releases >= v6.0. Please update to graceful-fs@^4.0.0 as soon as possible. Use 'npm ls graceful-fs' to find it in the tree."},"1.2.3":{"author":{"name":"Isaac Z. Schlueter","email":"i@izs.me","url":"http://blog.izs.me"},"name":"graceful-fs","description":"A drop-in replacement for fs, making various improvements.","version":"1.2.3","repository":{"type":"git","url":"git://github.com/isaacs/node-graceful-fs.git"},"main":"graceful-fs.js","engines":{"node":">=0.4.0"},"directories":{"test":"test"},"scripts":{"test":"tap test/*.js"},"keywords":["fs","module","reading","retry","retries","queue","error","errors","handling","EMFILE","EAGAIN","EINVAL","EPERM","EACCESS"],"license":"BSD","bugs":{"url":"https://github.com/isaacs/node-graceful-fs/issues"},"_id":"graceful-fs@1.2.3","dist":{"shasum":"15a4806a57547cb2d2dbf27f42e89a8c3451b364","tarball":"https://registry.npmjs.org/graceful-fs/-/graceful-fs-1.2.3.tgz"},"_from":".","_npmVersion":"1.3.2","_npmUser":{"name":"isaacs","email":"i@izs.me"},"maintainers":[{"name":"isaacs","email":"i@izs.me"}],"deprecated":"graceful-fs v3.0.0 and before will fail on node releases >= v6.0. Please update to graceful-fs@^4.0.0 as soon as possible. Use 'npm ls graceful-fs' to find it in the tree."},"2.0.0":{"author":{"name":"Isaac Z. Schlueter","email":"i@izs.me","url":"http://blog.izs.me"},"name":"graceful-fs","description":"A drop-in replacement for fs, making various improvements.","version":"2.0.0","repository":{"type":"git","url":"git://github.com/isaacs/node-graceful-fs.git"},"main":"graceful-fs.js","engines":{"node":">=0.4.0"},"directories":{"test":"test"},"scripts":{"test":"tap test/*.js"},"keywords":["fs","module","reading","retry","retries","queue","error","errors","handling","EMFILE","EAGAIN","EINVAL","EPERM","EACCESS"],"license":"BSD","bugs":{"url":"https://github.com/isaacs/node-graceful-fs/issues"},"_id":"graceful-fs@2.0.0","dist":{"shasum":"c9a206f6f5f4b94e1046dfaaccfe9e12d0ab8cef","tarball":"https://registry.npmjs.org/graceful-fs/-/graceful-fs-2.0.0.tgz"},"_from":".","_npmVersion":"1.3.2","_npmUser":{"name":"isaacs","email":"i@izs.me"},"maintainers":[{"name":"isaacs","email":"i@izs.me"}],"deprecated":"graceful-fs v3.0.0 and before will fail on node releases >= v6.0. Please update to graceful-fs@^4.0.0 as soon as possible. Use 'npm ls graceful-fs' to find it in the tree."},"2.0.1":{"author":{"name":"Isaac Z. Schlueter","email":"i@izs.me","url":"http://blog.izs.me"},"name":"graceful-fs","description":"A drop-in replacement for fs, making various improvements.","version":"2.0.1","repository":{"type":"git","url":"git://github.com/isaacs/node-graceful-fs.git"},"main":"graceful-fs.js","engines":{"node":">=0.4.0"},"directories":{"test":"test"},"scripts":{"test":"tap test/*.js"},"keywords":["fs","module","reading","retry","retries","queue","error","errors","handling","EMFILE","EAGAIN","EINVAL","EPERM","EACCESS"],"license":"BSD","bugs":{"url":"https://github.com/isaacs/node-graceful-fs/issues"},"_id":"graceful-fs@2.0.1","dist":{"shasum":"7fd6e0a4837c35d0cc15330294d9584a3898cf84","tarball":"https://registry.npmjs.org/graceful-fs/-/graceful-fs-2.0.1.tgz"},"_from":".","_npmVersion":"1.3.10","_npmUser":{"name":"isaacs","email":"i@izs.me"},"maintainers":[{"name":"isaacs","email":"i@izs.me"}],"deprecated":"graceful-fs v3.0.0 and before will fail on node releases >= v6.0. Please update to graceful-fs@^4.0.0 as soon as possible. Use 'npm ls graceful-fs' to find it in the tree."},"2.0.2":{"author":{"name":"Isaac Z. Schlueter","email":"i@izs.me","url":"http://blog.izs.me"},"name":"graceful-fs","description":"A drop-in replacement for fs, making various improvements.","version":"2.0.2","repository":{"type":"git","url":"git://github.com/isaacs/node-graceful-fs.git"},"main":"graceful-fs.js","engines":{"node":">=0.4.0"},"directories":{"test":"test"},"scripts":{"test":"tap test/*.js"},"keywords":["fs","module","reading","retry","retries","queue","error","errors","handling","EMFILE","EAGAIN","EINVAL","EPERM","EACCESS"],"license":"BSD","bugs":{"url":"https://github.com/isaacs/node-graceful-fs/issues"},"homepage":"https://github.com/isaacs/node-graceful-fs","_id":"graceful-fs@2.0.2","dist":{"shasum":"26806eaca4bff8fc5dbc935e696135792175c46f","tarball":"https://registry.npmjs.org/graceful-fs/-/graceful-fs-2.0.2.tgz"},"_from":".","_npmVersion":"1.4.2","_npmUser":{"name":"isaacs","email":"i@izs.me"},"maintainers":[{"name":"isaacs","email":"i@izs.me"}],"deprecated":"graceful-fs v3.0.0 and before will fail on node releases >= v6.0. Please update to graceful-fs@^4.0.0 as soon as possible. Use 'npm ls graceful-fs' to find it in the tree."},"2.0.3":{"author":{"name":"Isaac Z. Schlueter","email":"i@izs.me","url":"http://blog.izs.me"},"name":"graceful-fs","description":"A drop-in replacement for fs, making various improvements.","version":"2.0.3","repository":{"type":"git","url":"git://github.com/isaacs/node-graceful-fs.git"},"main":"graceful-fs.js","engines":{"node":">=0.4.0"},"directories":{"test":"test"},"scripts":{"test":"tap test/*.js"},"keywords":["fs","module","reading","retry","retries","queue","error","errors","handling","EMFILE","EAGAIN","EINVAL","EPERM","EACCESS"],"license":"BSD","bugs":{"url":"https://github.com/isaacs/node-graceful-fs/issues"},"homepage":"https://github.com/isaacs/node-graceful-fs","_id":"graceful-fs@2.0.3","dist":{"shasum":"7cd2cdb228a4a3f36e95efa6cc142de7d1a136d0","tarball":"https://registry.npmjs.org/graceful-fs/-/graceful-fs-2.0.3.tgz"},"_from":".","_npmVersion":"1.4.6","_npmUser":{"name":"isaacs","email":"i@izs.me"},"maintainers":[{"name":"isaacs","email":"i@izs.me"}],"deprecated":"graceful-fs v3.0.0 and before will fail on node releases >= v6.0. Please update to graceful-fs@^4.0.0 as soon as possible. Use 'npm ls graceful-fs' to find it in the tree."},"3.0.0":{"author":{"name":"Isaac Z. Schlueter","email":"i@izs.me","url":"http://blog.izs.me"},"name":"graceful-fs","description":"A drop-in replacement for fs, making various improvements.","version":"3.0.0","repository":{"type":"git","url":"git://github.com/isaacs/node-graceful-fs.git"},"main":"graceful-fs.js","engines":{"node":">=0.4.0"},"directories":{"test":"test"},"scripts":{"test":"tap test/*.js"},"keywords":["fs","module","reading","retry","retries","queue","error","errors","handling","EMFILE","EAGAIN","EINVAL","EPERM","EACCESS"],"license":"BSD","gitHead":"cc05f35cf7fadb0d93587484cd0d01875537834a","bugs":{"url":"https://github.com/isaacs/node-graceful-fs/issues"},"homepage":"https://github.com/isaacs/node-graceful-fs","_id":"graceful-fs@3.0.0","_shasum":"5792ffae0ed7e318060ebf9f6e7a6e6cf5139327","_from":".","_npmVersion":"1.4.13","_npmUser":{"name":"isaacs","email":"i@izs.me"},"maintainers":[{"name":"isaacs","email":"i@izs.me"}],"dist":{"shasum":"5792ffae0ed7e318060ebf9f6e7a6e6cf5139327","tarball":"https://registry.npmjs.org/graceful-fs/-/graceful-fs-3.0.0.tgz"},"deprecated":"graceful-fs v3.0.0 and before will fail on node releases >= v6.0. Please update to graceful-fs@^4.0.0 as soon as possible. Use 'npm ls graceful-fs' to find it in the tree."},"3.0.1":{"author":{"name":"Isaac Z. Schlueter","email":"i@izs.me","url":"http://blog.izs.me"},"name":"graceful-fs","description":"A drop-in replacement for fs, making various improvements.","version":"3.0.1","repository":{"type":"git","url":"git://github.com/isaacs/node-graceful-fs.git"},"main":"graceful-fs.js","engines":{"node":">=0.4.0"},"directories":{"test":"test"},"scripts":{"test":"tap test/*.js"},"keywords":["fs","module","reading","retry","retries","queue","error","errors","handling","EMFILE","EAGAIN","EINVAL","EPERM","EACCESS"],"license":"BSD","gitHead":"8455559537c99f36ee3a7e129fc24fae50cd947d","bugs":{"url":"https://github.com/isaacs/node-graceful-fs/issues"},"homepage":"https://github.com/isaacs/node-graceful-fs","_id":"graceful-fs@3.0.1","_shasum":"93352b5b951b009ef541271204122b612e46edaf","_from":".","_npmVersion":"1.4.14","_npmUser":{"name":"isaacs","email":"i@izs.me"},"maintainers":[{"name":"isaacs","email":"i@izs.me"}],"dist":{"shasum":"93352b5b951b009ef541271204122b612e46edaf","tarball":"https://registry.npmjs.org/graceful-fs/-/graceful-fs-3.0.1.tgz"},"deprecated":"graceful-fs v3.0.0 and before will fail on node releases >= v6.0. Please update to graceful-fs@^4.0.0 as soon as possible. Use 'npm ls graceful-fs' to find it in the tree."},"3.0.2":{"author":{"name":"Isaac Z. Schlueter","email":"i@izs.me","url":"http://blog.izs.me"},"name":"graceful-fs","description":"A drop-in replacement for fs, making various improvements.","version":"3.0.2","repository":{"type":"git","url":"git://github.com/isaacs/node-graceful-fs.git"},"main":"graceful-fs.js","engines":{"node":">=0.4.0"},"directories":{"test":"test"},"scripts":{"test":"tap test/*.js"},"keywords":["fs","module","reading","retry","retries","queue","error","errors","handling","EMFILE","EAGAIN","EINVAL","EPERM","EACCESS"],"license":"BSD","gitHead":"0caa11544c0c9001db78bf593cf0c5805d149a41","bugs":{"url":"https://github.com/isaacs/node-graceful-fs/issues"},"homepage":"https://github.com/isaacs/node-graceful-fs","_id":"graceful-fs@3.0.2","_shasum":"2cb5bf7f742bea8ad47c754caeee032b7e71a577","_from":".","_npmVersion":"1.4.14","_npmUser":{"name":"isaacs","email":"i@izs.me"},"maintainers":[{"name":"isaacs","email":"i@izs.me"}],"dist":{"shasum":"2cb5bf7f742bea8ad47c754caeee032b7e71a577","tarball":"https://registry.npmjs.org/graceful-fs/-/graceful-fs-3.0.2.tgz"},"deprecated":"graceful-fs v3.0.0 and before will fail on node releases >= v6.0. Please update to graceful-fs@^4.0.0 as soon as possible. Use 'npm ls graceful-fs' to find it in the tree."},"3.0.3":{"author":{"name":"Isaac Z. Schlueter","email":"i@izs.me","url":"http://blog.izs.me"},"name":"graceful-fs","description":"A drop-in replacement for fs, making various improvements.","version":"3.0.3","repository":{"type":"git","url":"git://github.com/isaacs/node-graceful-fs.git"},"main":"graceful-fs.js","engines":{"node":">=0.4.0"},"directories":{"test":"test"},"scripts":{"test":"tap test/*.js"},"keywords":["fs","module","reading","retry","retries","queue","error","errors","handling","EMFILE","EAGAIN","EINVAL","EPERM","EACCESS"],"license":"BSD","gitHead":"bff25906a7f1c6944455fed3993ed897fe321d0c","bugs":{"url":"https://github.com/isaacs/node-graceful-fs/issues"},"homepage":"https://github.com/isaacs/node-graceful-fs","_id":"graceful-fs@3.0.3","_shasum":"277141085e739ae7d54361119a62797b08a1d8c0","_from":".","_npmVersion":"2.1.2","_nodeVersion":"0.10.31","_npmUser":{"name":"isaacs","email":"i@izs.me"},"maintainers":[{"name":"isaacs","email":"i@izs.me"}],"dist":{"shasum":"277141085e739ae7d54361119a62797b08a1d8c0","tarball":"https://registry.npmjs.org/graceful-fs/-/graceful-fs-3.0.3.tgz"},"deprecated":"graceful-fs v3.0.0 and before will fail on node releases >= v6.0. Please update to graceful-fs@^4.0.0 as soon as possible. Use 'npm ls graceful-fs' to find it in the tree."},"3.0.4":{"author":{"name":"Isaac Z. Schlueter","email":"i@izs.me","url":"http://blog.izs.me"},"name":"graceful-fs","description":"A drop-in replacement for fs, making various improvements.","version":"3.0.4","repository":{"type":"git","url":"git://github.com/isaacs/node-graceful-fs.git"},"main":"graceful-fs.js","engines":{"node":">=0.4.0"},"directories":{"test":"test"},"scripts":{"test":"tap test/*.js"},"keywords":["fs","module","reading","retry","retries","queue","error","errors","handling","EMFILE","EAGAIN","EINVAL","EPERM","EACCESS"],"license":"BSD","devDependencies":{"mkdirp":"^0.5.0","rimraf":"^2.2.8","tap":"^0.4.13"},"gitHead":"d3fd03247ccc4fa8a3eee399307fd266c70efb06","bugs":{"url":"https://github.com/isaacs/node-graceful-fs/issues"},"homepage":"https://github.com/isaacs/node-graceful-fs","_id":"graceful-fs@3.0.4","_shasum":"a0306d9b0940e0fc512d33b5df1014e88e0637a3","_from":".","_npmVersion":"1.4.28","_npmUser":{"name":"isaacs","email":"i@izs.me"},"maintainers":[{"name":"isaacs","email":"i@izs.me"}],"dist":{"shasum":"a0306d9b0940e0fc512d33b5df1014e88e0637a3","tarball":"https://registry.npmjs.org/graceful-fs/-/graceful-fs-3.0.4.tgz"},"deprecated":"graceful-fs v3.0.0 and before will fail on node releases >= v6.0. Please update to graceful-fs@^4.0.0 as soon as possible. Use 'npm ls graceful-fs' to find it in the tree."},"3.0.5":{"author":{"name":"Isaac Z. Schlueter","email":"i@izs.me","url":"http://blog.izs.me"},"name":"graceful-fs","description":"A drop-in replacement for fs, making various improvements.","version":"3.0.5","repository":{"type":"git","url":"git://github.com/isaacs/node-graceful-fs.git"},"main":"graceful-fs.js","engines":{"node":">=0.4.0"},"directories":{"test":"test"},"scripts":{"test":"tap test/*.js"},"keywords":["fs","module","reading","retry","retries","queue","error","errors","handling","EMFILE","EAGAIN","EINVAL","EPERM","EACCESS"],"license":"BSD","devDependencies":{"mkdirp":"^0.5.0","rimraf":"^2.2.8","tap":"^0.4.13"},"gitHead":"a6cd37cff01ac3af8d0ab2fd180290538fabd326","bugs":{"url":"https://github.com/isaacs/node-graceful-fs/issues"},"homepage":"https://github.com/isaacs/node-graceful-fs","_id":"graceful-fs@3.0.5","_shasum":"4a880474bdeb716fe3278cf29792dec38dfac418","_from":".","_npmVersion":"2.1.9","_nodeVersion":"0.10.16","_npmUser":{"name":"isaacs","email":"i@izs.me"},"maintainers":[{"name":"isaacs","email":"i@izs.me"}],"dist":{"shasum":"4a880474bdeb716fe3278cf29792dec38dfac418","tarball":"https://registry.npmjs.org/graceful-fs/-/graceful-fs-3.0.5.tgz"},"deprecated":"graceful-fs v3.0.0 and before will fail on node releases >= v6.0. Please update to graceful-fs@^4.0.0 as soon as possible. Use 'npm ls graceful-fs' to find it in the tree."},"3.0.6":{"author":{"name":"Isaac Z. Schlueter","email":"i@izs.me","url":"http://blog.izs.me"},"name":"graceful-fs","description":"A drop-in replacement for fs, making various improvements.","version":"3.0.6","repository":{"type":"git","url":"git://github.com/isaacs/node-graceful-fs.git"},"main":"graceful-fs.js","engines":{"node":">=0.4.0"},"directories":{"test":"test"},"scripts":{"test":"tap test/*.js"},"keywords":["fs","module","reading","retry","retries","queue","error","errors","handling","EMFILE","EAGAIN","EINVAL","EPERM","EACCESS"],"license":"BSD","devDependencies":{"mkdirp":"^0.5.0","rimraf":"^2.2.8","tap":"^0.4.13"},"gitHead":"8c93aeee947014dafa113dcc8fa04d2e6a6e3e14","bugs":{"url":"https://github.com/isaacs/node-graceful-fs/issues"},"homepage":"https://github.com/isaacs/node-graceful-fs","_id":"graceful-fs@3.0.6","_shasum":"dce3a18351cb94cdc82e688b2e3dd2842d1b09bb","_from":".","_npmVersion":"2.7.1","_nodeVersion":"1.4.2","_npmUser":{"name":"isaacs","email":"i@izs.me"},"maintainers":[{"name":"isaacs","email":"i@izs.me"}],"dist":{"shasum":"dce3a18351cb94cdc82e688b2e3dd2842d1b09bb","tarball":"https://registry.npmjs.org/graceful-fs/-/graceful-fs-3.0.6.tgz"},"deprecated":"graceful-fs v3.0.0 and before will fail on node releases >= v6.0. Please update to graceful-fs@^4.0.0 as soon as possible. Use 'npm ls graceful-fs' to find it in the tree."},"3.0.7":{"author":{"name":"Isaac Z. Schlueter","email":"i@izs.me","url":"http://blog.izs.me"},"name":"graceful-fs","description":"A drop-in replacement for fs, making various improvements.","version":"3.0.7","repository":{"type":"git","url":"git://github.com/isaacs/node-graceful-fs.git"},"main":"graceful-fs.js","engines":{"node":">=0.4.0"},"directories":{"test":"test"},"scripts":{"test":"tap test/*.js"},"keywords":["fs","module","reading","retry","retries","queue","error","errors","handling","EMFILE","EAGAIN","EINVAL","EPERM","EACCESS"],"license":"ISC","devDependencies":{"mkdirp":"^0.5.0","rimraf":"^2.2.8","tap":"^0.4.13"},"gitHead":"4aa1ba4a0a1ae59948dc3b14decb7c4a8ab62bce","bugs":{"url":"https://github.com/isaacs/node-graceful-fs/issues"},"homepage":"https://github.com/isaacs/node-graceful-fs#readme","_id":"graceful-fs@3.0.7","_shasum":"e935be4b3e57892d289dc3bef7be8c02779d2b54","_from":".","_npmVersion":"2.10.0","_nodeVersion":"2.0.1","_npmUser":{"name":"isaacs","email":"isaacs@npmjs.com"},"dist":{"shasum":"e935be4b3e57892d289dc3bef7be8c02779d2b54","tarball":"https://registry.npmjs.org/graceful-fs/-/graceful-fs-3.0.7.tgz"},"maintainers":[{"name":"isaacs","email":"i@izs.me"}],"deprecated":"graceful-fs v3.0.0 and before will fail on node releases >= v6.0. Please update to graceful-fs@^4.0.0 as soon as possible. Use 'npm ls graceful-fs' to find it in the tree."},"3.0.8":{"author":{"name":"Isaac Z. Schlueter","email":"i@izs.me","url":"http://blog.izs.me"},"name":"graceful-fs","description":"A drop-in replacement for fs, making various improvements.","version":"3.0.8","repository":{"type":"git","url":"git://github.com/isaacs/node-graceful-fs.git"},"main":"graceful-fs.js","engines":{"node":">=0.4.0"},"directories":{"test":"test"},"scripts":{"test":"tap test/*.js"},"keywords":["fs","module","reading","retry","retries","queue","error","errors","handling","EMFILE","EAGAIN","EINVAL","EPERM","EACCESS"],"license":"ISC","devDependencies":{"mkdirp":"^0.5.0","rimraf":"^2.2.8","tap":"^1.2.0"},"gitHead":"45c57aa5e323c35a985a525de6f0c9a6ef59e1f8","bugs":{"url":"https://github.com/isaacs/node-graceful-fs/issues"},"homepage":"https://github.com/isaacs/node-graceful-fs#readme","_id":"graceful-fs@3.0.8","_shasum":"ce813e725fa82f7e6147d51c9a5ca68270551c22","_from":".","_npmVersion":"2.10.1","_nodeVersion":"2.0.1","_npmUser":{"name":"isaacs","email":"isaacs@npmjs.com"},"dist":{"shasum":"ce813e725fa82f7e6147d51c9a5ca68270551c22","tarball":"https://registry.npmjs.org/graceful-fs/-/graceful-fs-3.0.8.tgz"},"maintainers":[{"name":"isaacs","email":"i@izs.me"}],"deprecated":"graceful-fs v3.0.0 and before will fail on node releases >= v6.0. Please update to graceful-fs@^4.0.0 as soon as possible. Use 'npm ls graceful-fs' to find it in the tree."},"4.1.0":{"name":"graceful-fs","description":"A drop-in replacement for fs, making various improvements.","version":"4.1.0","repository":{"type":"git","url":"git+https://github.com/isaacs/node-graceful-fs.git"},"main":"graceful-fs.js","engines":{"node":">=0.4.0"},"directories":{"test":"test"},"scripts":{"test":"node test.js | tap -"},"keywords":["fs","module","reading","retry","retries","queue","error","errors","handling","EMFILE","EAGAIN","EINVAL","EPERM","EACCESS"],"license":"ISC","devDependencies":{"mkdirp":"^0.5.0","rimraf":"^2.2.8","tap":"^1.2.0"},"gitHead":"34f760aeb1fd2ca6aa0d13f0597c4d120ff2f830","bugs":{"url":"https://github.com/isaacs/node-graceful-fs/issues"},"homepage":"https://github.com/isaacs/node-graceful-fs#readme","_id":"graceful-fs@4.1.0","_shasum":"6be6119244f64d6417fe303cc36ab497b5756cc1","_from":".","_npmVersion":"3.0.0","_nodeVersion":"2.2.1","_npmUser":{"name":"isaacs","email":"isaacs@npmjs.com"},"dist":{"shasum":"6be6119244f64d6417fe303cc36ab497b5756cc1","tarball":"https://registry.npmjs.org/graceful-fs/-/graceful-fs-4.1.0.tgz"},"maintainers":[{"name":"isaacs","email":"i@izs.me"}]},"4.1.1":{"name":"graceful-fs","description":"A drop-in replacement for fs, making various improvements.","version":"4.1.1","repository":{"type":"git","url":"git+https://github.com/isaacs/node-graceful-fs.git"},"main":"graceful-fs.js","engines":{"node":">=0.4.0"},"directories":{"test":"test"},"scripts":{"test":"node test.js | tap -"},"keywords":["fs","module","reading","retry","retries","queue","error","errors","handling","EMFILE","EAGAIN","EINVAL","EPERM","EACCESS"],"license":"ISC","devDependencies":{"mkdirp":"^0.5.0","rimraf":"^2.2.8","tap":"^1.2.0"},"gitHead":"5bd1470645a44077f7a46b688833295496d1dca9","bugs":{"url":"https://github.com/isaacs/node-graceful-fs/issues"},"homepage":"https://github.com/isaacs/node-graceful-fs#readme","_id":"graceful-fs@4.1.1","_shasum":"db940cb46e47bd719314a876bace802ea3e90d3c","_from":".","_npmVersion":"3.0.0","_nodeVersion":"2.2.1","_npmUser":{"name":"isaacs","email":"isaacs@npmjs.com"},"dist":{"shasum":"db940cb46e47bd719314a876bace802ea3e90d3c","tarball":"https://registry.npmjs.org/graceful-fs/-/graceful-fs-4.1.1.tgz"},"maintainers":[{"name":"isaacs","email":"i@izs.me"}]},"4.1.2":{"name":"graceful-fs","description":"A drop-in replacement for fs, making various improvements.","version":"4.1.2","repository":{"type":"git","url":"git+https://github.com/isaacs/node-graceful-fs.git"},"main":"graceful-fs.js","engines":{"node":">=0.4.0"},"directories":{"test":"test"},"scripts":{"test":"node test.js | tap -"},"keywords":["fs","module","reading","retry","retries","queue","error","errors","handling","EMFILE","EAGAIN","EINVAL","EPERM","EACCESS"],"license":"ISC","devDependencies":{"mkdirp":"^0.5.0","rimraf":"^2.2.8","tap":"^1.2.0"},"files":["fs.js","graceful-fs.js","legacy-streams.js","polyfills.js"],"gitHead":"c286080071b6be9aa9ba108b0bb9b44ff122926d","bugs":{"url":"https://github.com/isaacs/node-graceful-fs/issues"},"homepage":"https://github.com/isaacs/node-graceful-fs#readme","_id":"graceful-fs@4.1.2","_shasum":"fe2239b7574972e67e41f808823f9bfa4a991e37","_from":".","_npmVersion":"3.0.0","_nodeVersion":"2.2.1","_npmUser":{"name":"isaacs","email":"isaacs@npmjs.com"},"dist":{"shasum":"fe2239b7574972e67e41f808823f9bfa4a991e37","tarball":"https://registry.npmjs.org/graceful-fs/-/graceful-fs-4.1.2.tgz"},"maintainers":[{"name":"isaacs","email":"i@izs.me"}]},"4.1.3":{"name":"graceful-fs","description":"A drop-in replacement for fs, making various improvements.","version":"4.1.3","repository":{"type":"git","url":"git+https://github.com/isaacs/node-graceful-fs.git"},"main":"graceful-fs.js","engines":{"node":">=0.4.0"},"directories":{"test":"test"},"scripts":{"test":"node test.js | tap -"},"keywords":["fs","module","reading","retry","retries","queue","error","errors","handling","EMFILE","EAGAIN","EINVAL","EPERM","EACCESS"],"license":"ISC","devDependencies":{"mkdirp":"^0.5.0","rimraf":"^2.2.8","tap":"^5.4.2"},"files":["fs.js","graceful-fs.js","legacy-streams.js","polyfills.js"],"gitHead":"694c56f3aed4aee62d6df169be123d3984f61b85","bugs":{"url":"https://github.com/isaacs/node-graceful-fs/issues"},"homepage":"https://github.com/isaacs/node-graceful-fs#readme","_id":"graceful-fs@4.1.3","_shasum":"92033ce11113c41e2628d61fdfa40bc10dc0155c","_from":".","_npmVersion":"3.7.0","_nodeVersion":"4.0.0","_npmUser":{"name":"isaacs","email":"i@izs.me"},"dist":{"shasum":"92033ce11113c41e2628d61fdfa40bc10dc0155c","tarball":"https://registry.npmjs.org/graceful-fs/-/graceful-fs-4.1.3.tgz"},"maintainers":[{"name":"isaacs","email":"i@izs.me"}],"_npmOperationalInternal":{"host":"packages-6-west.internal.npmjs.com","tmp":"tmp/graceful-fs-4.1.3.tgz_1454449326495_0.943017533281818"}}},"maintainers":[{"name":"isaacs","email":"i@izs.me"}],"time":{"modified":"2016-04-30T03:45:20.289Z","created":"2011-07-20T08:49:36.339Z","1.0.0":"2011-07-20T08:49:38.481Z","1.0.1":"2011-09-25T00:33:29.942Z","1.0.2":"2011-11-18T21:15:46.607Z","1.1.0":"2011-11-23T00:45:14.407Z","1.1.1":"2011-11-28T23:32:21.075Z","1.1.2":"2011-12-03T02:27:37.810Z","1.1.3":"2012-01-19T01:10:19.961Z","1.1.4":"2012-01-19T18:09:15.746Z","1.1.5":"2012-01-23T22:27:39.609Z","1.1.6":"2012-03-20T01:26:15.355Z","1.1.7":"2012-03-21T21:06:58.684Z","1.1.8":"2012-03-22T23:20:47.942Z","1.1.9":"2012-07-11T23:10:33.354Z","1.1.10":"2012-07-28T17:24:47.924Z","1.1.11":"2012-09-18T22:15:39.397Z","1.1.12":"2012-09-18T23:12:22.368Z","1.1.13":"2012-09-18T23:16:11.936Z","1.1.14":"2012-09-20T18:15:05.948Z","1.2.0":"2013-02-06T00:01:39.344Z","1.2.1":"2013-04-30T17:07:10.366Z","1.2.2":"2013-06-12T17:30:47.695Z","1.2.3":"2013-07-10T07:46:03.989Z","2.0.0":"2013-07-11T07:10:06.790Z","2.0.1":"2013-09-07T19:18:04.406Z","2.0.2":"2014-02-17T02:28:44.378Z","2.0.3":"2014-03-20T00:33:06.873Z","2.1.0":"2014-06-02T00:35:48.126Z","3.0.0":"2014-06-02T01:48:19.789Z","3.0.1":"2014-06-07T18:25:22.953Z","3.0.2":"2014-06-10T22:55:51.714Z","3.0.3":"2014-10-06T17:53:52.206Z","3.0.4":"2014-10-14T20:07:54.353Z","3.0.5":"2014-11-30T17:55:06.342Z","3.0.6":"2015-03-11T21:28:56.029Z","3.0.7":"2015-05-19T01:38:26.785Z","3.0.8":"2015-06-01T05:08:03.513Z","4.0.0":"2015-06-26T00:55:13.062Z","4.1.0":"2015-06-27T18:52:45.921Z","4.1.1":"2015-06-27T20:08:27.668Z","4.1.2":"2015-06-27T20:25:15.466Z","4.1.3":"2016-02-02T21:42:07.205Z"},"repository":{"type":"git","url":"git+https://github.com/isaacs/node-graceful-fs.git"},"users":{"fgribreau":true,"pid":true,"adamrenny":true,"chilts":true,"eins78":true,"mbonaci":true,"robertwarrengilmore":true,"maschs":true,"dukewan":true,"magemagic":true,"octoo":true,"gonzalofj":true,"epirat":true,"kreding":true,"maobean":true,"stringparser":true,"sloanb":true,"nickleefly":true,"elig":true,"itonyyo":true,"skerit":true,"brandonpapworth":true,"battlemidget":true,"cestrensem":true,"stephn_r":true,"wander_lp":true,"alectic":true,"vbv":true,"js3692":true,"guananddu":true,"nmccready":true,"superwf":true,"bojand":true,"yuxin":true,"abdihaikal":true,"panlw":true,"skrdv":true,"abhisekp":true,"whatsamoorefor":true},"readme":"# graceful-fs\n\ngraceful-fs functions as a drop-in replacement for the fs module,\nmaking various improvements.\n\nThe improvements are meant to normalize behavior across different\nplatforms and environments, and to make filesystem access more\nresilient to errors.\n\n## Improvements over [fs module](http://api.nodejs.org/fs.html)\n\ngraceful-fs:\n\n* Queues up `open` and `readdir` calls, and retries them once\n  something closes if there is an EMFILE error from too many file\n  descriptors.\n* fixes `lchmod` for Node versions prior to 0.6.2.\n* implements `fs.lutimes` if possible. Otherwise it becomes a noop.\n* ignores `EINVAL` and `EPERM` errors in `chown`, `fchown` or\n  `lchown` if the user isn't root.\n* makes `lchmod` and `lchown` become noops, if not available.\n* retries reading a file if `read` results in EAGAIN error.\n\nOn Windows, it retries renaming a file for up to one second if `EACCESS`\nor `EPERM` error occurs, likely because antivirus software has locked\nthe directory.\n\n## USAGE\n\n```javascript\n// use just like fs\nvar fs = require('graceful-fs')\n\n// now go and do stuff with it...\nfs.readFileSync('some-file-or-whatever')\n```\n\n## Global Patching\n\nIf you want to patch the global fs module (or any other fs-like\nmodule) you can do this:\n\n```javascript\n// Make sure to read the caveat below.\nvar realFs = require('fs')\nvar gracefulFs = require('graceful-fs')\ngracefulFs.gracefulify(realFs)\n```\n\nThis should only ever be done at the top-level application layer, in\norder to delay on EMFILE errors from any fs-using dependencies.  You\nshould **not** do this in a library, because it can cause unexpected\ndelays in other parts of the program.\n","readmeFilename":"README.md","homepage":"https://github.com/isaacs/node-graceful-fs#readme","keywords":["fs","module","reading","retry","retries","queue","error","errors","handling","EMFILE","EAGAIN","EINVAL","EPERM","EACCESS"],"bugs":{"url":"https://github.com/isaacs/node-graceful-fs/issues"},"license":"ISC","_attachments":{},"_etag":"\"46QODU70Z0O3IRY0GSI8PCNSC\""}