{"_id":"requirefresh","_rev":"14-ac489e2a1ace8f62b8153d17a7399b75","name":"requirefresh","description":"Require a file without adding it into the require cache","dist-tags":{"latest":"2.0.0"},"versions":{"1.0.0":{"name":"requirefresh","version":"1.0.0","description":"Require a file without adding it into the require cache","homepage":"https://github.com/bevry/requirefresh","keywords":["require","requirefresh","require-fresh","cache"],"author":{"name":"Bevry Pty Ltd","email":"us@bevry.me","url":"http://bevry.me"},"maintainers":[{"name":"balupton","email":"b@lupton.cc"}],"contributors":[{"name":"Benjamin Lupton","email":"b@lupton.cc","url":"https://github.com/balupton"}],"bugs":{"url":"https://github.com/bevry/requirefresh/issues"},"repository":{"type":"git","url":"http://github.com/bevry/requirefresh.git"},"engines":{"node":">=0.4"},"dependencies":{},"devDependencies":{"coffee-script":"~1.6.3","joe":"~1.3.0","joe-reporter-console":"~1.2.1","chai":"~1.7.2"},"directories":{"lib":"./out/lib"},"scripts":{"test":"node ./out/test/requirefresh-test.js"},"main":"./out/lib/requirefresh.js","_id":"requirefresh@1.0.0","dist":{"shasum":"551a31cf7e6c1c82301b6f5cc6e1936c8cbfbad7","tarball":"https://registry.npmjs.org/requirefresh/-/requirefresh-1.0.0.tgz"},"_from":".","_npmVersion":"1.3.9","_npmUser":{"name":"balupton","email":"b@lupton.cc"}},"1.0.1":{"name":"requirefresh","version":"1.0.1","description":"Require a file without adding it into the require cache","homepage":"https://github.com/bevry/requirefresh","keywords":["require","requirefresh","require-fresh","cache"],"author":{"name":"Bevry Pty Ltd","email":"us@bevry.me","url":"http://bevry.me"},"maintainers":[{"name":"balupton","email":"b@lupton.cc"}],"contributors":[{"name":"Benjamin Lupton","email":"b@lupton.cc","url":"https://github.com/balupton"}],"bugs":{"url":"https://github.com/bevry/requirefresh/issues"},"repository":{"type":"git","url":"http://github.com/bevry/requirefresh.git"},"engines":{"node":">=0.8"},"dependencies":{},"devDependencies":{"coffee-script":"~1.6.3","joe":"~1.3.0","joe-reporter-console":"~1.2.1","chai":"~1.7.2"},"directories":{"lib":"./out/lib"},"scripts":{"test":"node ./out/test/requirefresh-test.js"},"main":"./out/lib/requirefresh.js","_id":"requirefresh@1.0.1","dist":{"shasum":"9a0c89b5152a8891d7c35c9fb80ad4c874e5df4e","tarball":"https://registry.npmjs.org/requirefresh/-/requirefresh-1.0.1.tgz"},"_from":".","_npmVersion":"1.3.9","_npmUser":{"name":"balupton","email":"b@lupton.cc"}},"1.1.1":{"name":"requirefresh","version":"1.1.1","description":"Require a file without adding it into the require cache","homepage":"https://github.com/bevry/requirefresh","keywords":["require","requirefresh","require-fresh","cache"],"author":{"name":"Bevry Pty Ltd","email":"us@bevry.me","url":"http://bevry.me"},"maintainers":[{"name":"balupton","email":"b@lupton.cc"}],"contributors":[{"name":"Benjamin Lupton","email":"b@lupton.cc","url":"https://github.com/balupton"}],"bugs":{"url":"https://github.com/bevry/requirefresh/issues"},"repository":{"type":"git","url":"http://github.com/bevry/requirefresh.git"},"engines":{"node":">=0.8"},"dependencies":{},"devDependencies":{"coffee-script":"~1.6.3","joe":"~1.3.0","joe-reporter-console":"~1.2.1","chai":"~1.7.2"},"directories":{"lib":"./out/lib"},"scripts":{"test":"node ./out/test/requirefresh-test.js"},"main":"./out/lib/requirefresh.js","_id":"requirefresh@1.1.1","dist":{"shasum":"9aa8c8c0f2a4f25982aaf85ab42c768fb401fbe5","tarball":"https://registry.npmjs.org/requirefresh/-/requirefresh-1.1.1.tgz"},"_from":".","_npmVersion":"1.3.9","_npmUser":{"name":"balupton","email":"b@lupton.cc"}},"1.1.2":{"name":"requirefresh","version":"1.1.2","description":"Require a file without adding it into the require cache","homepage":"https://github.com/bevry/requirefresh","keywords":["require","requirefresh","require-fresh","cache"],"author":{"name":"Bevry Pty Ltd","email":"us@bevry.me","url":"http://bevry.me"},"maintainers":[{"name":"balupton","email":"b@lupton.cc"}],"contributors":[{"name":"Benjamin Lupton","email":"b@lupton.cc","url":"https://github.com/balupton"}],"bugs":{"url":"https://github.com/bevry/requirefresh/issues"},"repository":{"type":"git","url":"http://github.com/bevry/requirefresh.git"},"engines":{"node":">=0.8"},"dependencies":{},"devDependencies":{"coffee-script":"~1.6.3","joe":"~1.3.0","joe-reporter-console":"~1.2.1","chai":"~1.7.2"},"directories":{"lib":"./out/lib"},"scripts":{"test":"node ./out/test/requirefresh-test.js"},"main":"./out/lib/requirefresh.js","_id":"requirefresh@1.1.2","dist":{"shasum":"d8eb744927c6d912de3418f93dcbab27b959f2f3","tarball":"https://registry.npmjs.org/requirefresh/-/requirefresh-1.1.2.tgz"},"_from":".","_npmVersion":"1.3.9","_npmUser":{"name":"balupton","email":"b@lupton.cc"}},"2.0.0":{"title":"Require Fresh","name":"requirefresh","version":"2.0.0","description":"Require a file without adding it into the require cache","homepage":"https://github.com/bevry/requirefresh","license":{"type":"MIT"},"keywords":["require","requirefresh","require-fresh","cache"],"badges":{"travis":true,"npm":true,"npmdownloads":true,"david":true,"daviddev":true,"gratipay":"bevry","flattr":"344188/balupton-on-Flattr","paypal":"QB8GQPZAH84N6","bitcoin":"https://coinbase.com/checkouts/9ef59f5479eec1d97d63382c9ebcb93a","wishlist":"http://amzn.com/w/2F8TXKSNAFG4V"},"author":{"name":"2013+ Bevry Pty Ltd","email":"us@bevry.me","url":"http://bevry.me"},"maintainers":[{"name":"balupton","email":"b@lupton.cc"}],"contributors":[{"name":"Benjamin Lupton","email":"b@lupton.cc","url":"https://github.com/balupton"},{"name":"sfrdmn","url":"https://github.com/sfrdmn"}],"bugs":{"url":"https://github.com/bevry/requirefresh/issues"},"repository":{"type":"git","url":"http://github.com/bevry/requirefresh.git"},"engines":{"node":">=0.8"},"dependencies":{},"devDependencies":{"chai":"^2.1.1","coffee-script":"^1.9.1","joe":"^1.6.0","joe-reporter-console":"^1.2.1","projectz":"^0.5.0"},"directories":{"lib":"./out/lib"},"scripts":{"test":"node ./out/test/requirefresh-test.js"},"main":"./out/lib/requirefresh.js","cakeConfiguration":{"COFFEE_SRC_PATH":"src"},"gitHead":"452d38b2315c7886775d3430b2d3165f8c6e75e2","_id":"requirefresh@2.0.0","_shasum":"3767caa322e0e2a86a3d97ee33907ac6ca18b5fb","_from":".","_npmVersion":"2.5.1","_nodeVersion":"0.12.0","_npmUser":{"name":"balupton","email":"b@lupton.cc"},"dist":{"shasum":"3767caa322e0e2a86a3d97ee33907ac6ca18b5fb","tarball":"https://registry.npmjs.org/requirefresh/-/requirefresh-2.0.0.tgz"}}},"readme":"\n<!-- TITLE/ -->\n\n# Require Fresh\n\n<!-- /TITLE -->\n\n\n<!-- BADGES/ -->\n\n[![Build Status](https://img.shields.io/travis/bevry/requirefresh/master.svg)](http://travis-ci.org/bevry/requirefresh \"Check this project's build status on TravisCI\")\n[![NPM version](https://img.shields.io/npm/v/requirefresh.svg)](https://npmjs.org/package/requirefresh \"View this project on NPM\")\n[![NPM downloads](https://img.shields.io/npm/dm/requirefresh.svg)](https://npmjs.org/package/requirefresh \"View this project on NPM\")\n[![Dependency Status](https://img.shields.io/david/bevry/requirefresh.svg)](https://david-dm.org/bevry/requirefresh)\n[![Dev Dependency Status](https://img.shields.io/david/dev/bevry/requirefresh.svg)](https://david-dm.org/bevry/requirefresh#info=devDependencies)<br/>\n[![Gratipay donate button](https://img.shields.io/gratipay/bevry.svg)](https://www.gratipay.com/bevry/ \"Donate weekly to this project using Gratipay\")\n[![Flattr donate button](https://img.shields.io/badge/flattr-donate-yellow.svg)](http://flattr.com/thing/344188/balupton-on-Flattr \"Donate monthly to this project using Flattr\")\n[![PayPayl donate button](https://img.shields.io/badge/paypal-donate-yellow.svg)](https://www.paypal.com/cgi-bin/webscr?cmd=_s-xclick&hosted_button_id=QB8GQPZAH84N6 \"Donate once-off to this project using Paypal\")\n[![BitCoin donate button](https://img.shields.io/badge/bitcoin-donate-yellow.svg)](https://coinbase.com/checkouts/9ef59f5479eec1d97d63382c9ebcb93a \"Donate once-off to this project using BitCoin\")\n[![Wishlist browse button](https://img.shields.io/badge/wishlist-donate-yellow.svg)](http://amzn.com/w/2F8TXKSNAFG4V \"Buy an item on our wishlist for us\")\n\n<!-- /BADGES -->\n\n\n<!-- DESCRIPTION/ -->\n\nRequire a file without adding it into the require cache\n\n<!-- /DESCRIPTION -->\n\n\n<!-- INSTALL/ -->\n\n## Install\n\n### [NPM](http://npmjs.org/)\n- Use: `require('requirefresh')`\n- Install: `npm install --save requirefresh`\n\n<!-- /INSTALL -->\n\n\n## Usage\n\n``` javascript\n// Import\nvar requireFresh = require('requirefresh')\n\n// Require the module freshly synchronously (will throw errors)\ntry {\n\tvar result = requireFresh('my-module-path')\n} catch (error) {}\n\n// Require the fresh module synchronously (will callback with error and result)\nrequireFresh.safe('my-module-path', function(error,result){\n\tif (error) {\n\t\t// error\n\t} else {\n\t\t// success\n\t}\n})\n```\n\n<!-- HISTORY/ -->\n\n## History\n[Discover the change history by heading on over to the `HISTORY.md` file.](https://github.com/bevry/requirefresh/blob/master/HISTORY.md#files)\n\n<!-- /HISTORY -->\n\n\n<!-- CONTRIBUTE/ -->\n\n## Contribute\n\n[Discover how you can contribute by heading on over to the `CONTRIBUTING.md` file.](https://github.com/bevry/requirefresh/blob/master/CONTRIBUTING.md#files)\n\n<!-- /CONTRIBUTE -->\n\n\n<!-- BACKERS/ -->\n\n## Backers\n\n### Maintainers\n\nThese amazing people are maintaining this project:\n\n- Benjamin Lupton <b@lupton.cc> (https://github.com/balupton)\n\n### Sponsors\n\nNo sponsors yet! Will you be the first?\n\n[![Gratipay donate button](https://img.shields.io/gratipay/bevry.svg)](https://www.gratipay.com/bevry/ \"Donate weekly to this project using Gratipay\")\n[![Flattr donate button](https://img.shields.io/badge/flattr-donate-yellow.svg)](http://flattr.com/thing/344188/balupton-on-Flattr \"Donate monthly to this project using Flattr\")\n[![PayPayl donate button](https://img.shields.io/badge/paypal-donate-yellow.svg)](https://www.paypal.com/cgi-bin/webscr?cmd=_s-xclick&hosted_button_id=QB8GQPZAH84N6 \"Donate once-off to this project using Paypal\")\n[![BitCoin donate button](https://img.shields.io/badge/bitcoin-donate-yellow.svg)](https://coinbase.com/checkouts/9ef59f5479eec1d97d63382c9ebcb93a \"Donate once-off to this project using BitCoin\")\n[![Wishlist browse button](https://img.shields.io/badge/wishlist-donate-yellow.svg)](http://amzn.com/w/2F8TXKSNAFG4V \"Buy an item on our wishlist for us\")\n\n### Contributors\n\nThese amazing people have contributed code to this project:\n\n- [Benjamin Lupton](https://github.com/balupton) <b@lupton.cc> — [view contributions](https://github.com/bevry/requirefresh/commits?author=balupton)\n- [sfrdmn](https://github.com/sfrdmn) — [view contributions](https://github.com/bevry/requirefresh/commits?author=sfrdmn)\n\n[Become a contributor!](https://github.com/bevry/requirefresh/blob/master/CONTRIBUTING.md#files)\n\n<!-- /BACKERS -->\n\n\n<!-- LICENSE/ -->\n\n## License\n\nUnless stated otherwise all works are:\n\n- Copyright &copy; 2013+ Bevry Pty Ltd <us@bevry.me> (http://bevry.me)\n- Copyright &copy; 2011+ Benjamin Lupton <b@lupton.cc> (http://balupton.com)\n\nand licensed under:\n\n- The incredibly [permissive](http://en.wikipedia.org/wiki/Permissive_free_software_licence) [MIT License](http://opensource.org/licenses/mit-license.php)\n\n<!-- /LICENSE -->\n\n\n","maintainers":[{"name":"balupton","email":"b@lupton.cc"}],"time":{"modified":"2015-03-16T05:05:53.063Z","created":"2013-08-30T01:57:00.006Z","1.0.0":"2013-08-30T01:57:05.649Z","1.0.1":"2013-08-30T01:58:04.369Z","1.1.1":"2013-08-30T02:30:42.660Z","1.1.2":"2013-08-30T02:50:13.246Z","2.0.0":"2015-03-16T05:05:53.063Z"},"author":{"name":"2013+ Bevry Pty Ltd","email":"us@bevry.me","url":"http://bevry.me"},"repository":{"type":"git","url":"http://github.com/bevry/requirefresh.git"},"homepage":"https://github.com/bevry/requirefresh","keywords":["require","requirefresh","require-fresh","cache"],"contributors":[{"name":"Benjamin Lupton","email":"b@lupton.cc","url":"https://github.com/balupton"},{"name":"sfrdmn","url":"https://github.com/sfrdmn"}],"bugs":{"url":"https://github.com/bevry/requirefresh/issues"},"license":{"type":"MIT"},"readmeFilename":"README.md","users":{"watsoncj":true,"mikeumus":true,"majgis":true},"_attachments":{},"_etag":"\"EKYBQB88O8LLIKBVX8DW3SSNK\""}