{"_id":"param-case","_rev":"16-50f2f0f03d0d489cb189fa7ac909121d","name":"param-case","description":"Param case a string","dist-tags":{"latest":"1.1.2"},"versions":{"0.0.1":{"name":"param-case","version":"0.0.1","description":"Param case a string","main":"param-case.js","scripts":{"test":"istanbul cover _mocha -- -R spec"},"repository":{"type":"git","url":"git://github.com/blakeembrey/param-case.git"},"keywords":["param","case","dash","hyphen"],"author":{"name":"Blake Embrey"},"license":"MIT","bugs":{"url":"https://github.com/blakeembrey/param-case/issues"},"homepage":"https://github.com/blakeembrey/param-case","devDependencies":{"istanbul":"^0.2.6","mocha":"^1.18.2"},"dependencies":{"sentence-case":"0.0.1"},"_id":"param-case@0.0.1","dist":{"shasum":"2179cb6812d91a538cdb6215fc2c8d6c3dba5a25","tarball":"https://registry.npmjs.org/param-case/-/param-case-0.0.1.tgz"},"_from":".","_npmVersion":"1.4.6","_npmUser":{"name":"blakeembrey","email":"hello@blakeembrey.com"},"maintainers":[{"name":"blakeembrey","email":"hello@blakeembrey.com"}],"directories":{}},"0.0.2":{"name":"param-case","version":"0.0.2","description":"Param case a string","main":"param-case.js","scripts":{"test":"istanbul cover _mocha -- -R spec"},"repository":{"type":"git","url":"git://github.com/blakeembrey/param-case.git"},"keywords":["param","case","dash","hyphen"],"author":{"name":"Blake Embrey"},"license":"MIT","bugs":{"url":"https://github.com/blakeembrey/param-case/issues"},"homepage":"https://github.com/blakeembrey/param-case","devDependencies":{"istanbul":"^0.2.6","mocha":"^1.18.2"},"dependencies":{"sentence-case":"0.0.2"},"_id":"param-case@0.0.2","dist":{"shasum":"4ca735280deeacb3f5fe408cdb2bb393a60413b0","tarball":"https://registry.npmjs.org/param-case/-/param-case-0.0.2.tgz"},"_from":".","_npmVersion":"1.4.6","_npmUser":{"name":"blakeembrey","email":"hello@blakeembrey.com"},"maintainers":[{"name":"blakeembrey","email":"hello@blakeembrey.com"}],"directories":{}},"0.1.0":{"name":"param-case","version":"0.1.0","description":"Param case a string","main":"param-case.js","scripts":{"test":"istanbul cover _mocha -- -R spec"},"repository":{"type":"git","url":"git://github.com/blakeembrey/param-case.git"},"keywords":["param","case","dash","hyphen"],"author":{"name":"Blake Embrey"},"license":"MIT","bugs":{"url":"https://github.com/blakeembrey/param-case/issues"},"homepage":"https://github.com/blakeembrey/param-case","devDependencies":{"istanbul":"^0.2.6","mocha":"^1.18.2"},"dependencies":{"sentence-case":"^0.1.1"},"_id":"param-case@0.1.0","dist":{"shasum":"57e26873b25d5e8a5e213c4c152d4f8a516308ec","tarball":"https://registry.npmjs.org/param-case/-/param-case-0.1.0.tgz"},"_from":".","_npmVersion":"1.4.6","_npmUser":{"name":"blakeembrey","email":"hello@blakeembrey.com"},"maintainers":[{"name":"blakeembrey","email":"hello@blakeembrey.com"}],"directories":{}},"1.0.0":{"name":"param-case","version":"1.0.0","description":"Param case a string","main":"param-case.js","scripts":{"test":"istanbul cover _mocha -- -R spec"},"repository":{"type":"git","url":"git://github.com/blakeembrey/param-case.git"},"keywords":["param","case","dash","hyphen"],"author":{"name":"Blake Embrey","email":"hello@blakeembrey.com","url":"http://blakeembrey.me"},"license":"MIT","bugs":{"url":"https://github.com/blakeembrey/param-case/issues"},"homepage":"https://github.com/blakeembrey/param-case","devDependencies":{"istanbul":"^0.3.0","mocha":"^1.18.2"},"dependencies":{"sentence-case":"^1.0.0"},"gitHead":"3b6e0f536b2f8ff0376e972e437272dcce87f39f","_id":"param-case@1.0.0","_shasum":"f4d5cdf7371471ba019c5c163c94906a75869398","_from":".","_npmVersion":"1.4.14","_npmUser":{"name":"blakeembrey","email":"hello@blakeembrey.com"},"maintainers":[{"name":"blakeembrey","email":"hello@blakeembrey.com"}],"dist":{"shasum":"f4d5cdf7371471ba019c5c163c94906a75869398","tarball":"https://registry.npmjs.org/param-case/-/param-case-1.0.0.tgz"},"directories":{}},"1.0.1":{"name":"param-case","version":"1.0.1","description":"Param case a string","main":"param-case.js","scripts":{"test":"istanbul cover _mocha -- -R spec"},"repository":{"type":"git","url":"git://github.com/blakeembrey/param-case.git"},"keywords":["param","case","dash","hyphen"],"author":{"name":"Blake Embrey","email":"hello@blakeembrey.com","url":"http://blakeembrey.me"},"license":"MIT","bugs":{"url":"https://github.com/blakeembrey/param-case/issues"},"homepage":"https://github.com/blakeembrey/param-case","devDependencies":{"istanbul":"^0.3.0","mocha":"^1.18.2"},"dependencies":{"sentence-case":"^1.0.2"},"_id":"param-case@1.0.1","_shasum":"c004bb594d4235f6a122cb6c7cc732e8f878c354","_from":".","_npmVersion":"1.4.9","_npmUser":{"name":"blakeembrey","email":"hello@blakeembrey.com"},"maintainers":[{"name":"blakeembrey","email":"hello@blakeembrey.com"}],"dist":{"shasum":"c004bb594d4235f6a122cb6c7cc732e8f878c354","tarball":"https://registry.npmjs.org/param-case/-/param-case-1.0.1.tgz"},"directories":{}},"1.1.0":{"name":"param-case","version":"1.1.0","description":"Param case a string","main":"param-case.js","files":["param-case.js","LICENSE"],"scripts":{"test":"istanbul cover _mocha -- -R spec"},"repository":{"type":"git","url":"git://github.com/blakeembrey/param-case.git"},"keywords":["param","case","dash","hyphen"],"author":{"name":"Blake Embrey","email":"hello@blakeembrey.com","url":"http://blakeembrey.me"},"license":"MIT","bugs":{"url":"https://github.com/blakeembrey/param-case/issues"},"homepage":"https://github.com/blakeembrey/param-case","devDependencies":{"istanbul":"^0.3.0","mocha":"^1.18.2","pre-commit":"0.0.9"},"dependencies":{"sentence-case":"^1.1.1"},"gitHead":"c906a85082fcb87a9cd3fdcce2c6513277161e28","_id":"param-case@1.1.0","_shasum":"77bb1e079fb1bf88aa44c7a64b6f519f86429acd","_from":".","_npmVersion":"2.1.17","_nodeVersion":"0.11.14","_npmUser":{"name":"blakeembrey","email":"hello@blakeembrey.com"},"maintainers":[{"name":"blakeembrey","email":"hello@blakeembrey.com"}],"dist":{"shasum":"77bb1e079fb1bf88aa44c7a64b6f519f86429acd","tarball":"https://registry.npmjs.org/param-case/-/param-case-1.1.0.tgz"},"directories":{}},"1.1.1":{"name":"param-case","version":"1.1.1","description":"Param case a string","main":"param-case.js","files":["param-case.js","LICENSE"],"scripts":{"test":"istanbul cover _mocha -- -R spec"},"repository":{"type":"git","url":"git://github.com/blakeembrey/param-case.git"},"keywords":["param","case","dash","hyphen"],"author":{"name":"Blake Embrey","email":"hello@blakeembrey.com","url":"http://blakeembrey.me"},"license":"MIT","bugs":{"url":"https://github.com/blakeembrey/param-case/issues"},"homepage":"https://github.com/blakeembrey/param-case","devDependencies":{"istanbul":"^0.3.0","mocha":"^2.1.0","pre-commit":"^1.0.1"},"dependencies":{"sentence-case":"^1.1.2"},"gitHead":"4b4381f64363e6d4c160d9fd5545742102bc7bdf","_id":"param-case@1.1.1","_shasum":"ee5be71ddb7f5c932dd7dc09b91a77730eac560d","_from":".","_npmVersion":"1.4.28","_npmUser":{"name":"blakeembrey","email":"hello@blakeembrey.com"},"maintainers":[{"name":"blakeembrey","email":"hello@blakeembrey.com"}],"dist":{"shasum":"ee5be71ddb7f5c932dd7dc09b91a77730eac560d","tarball":"https://registry.npmjs.org/param-case/-/param-case-1.1.1.tgz"},"directories":{}},"1.1.2":{"name":"param-case","version":"1.1.2","description":"Param case a string","main":"param-case.js","typings":"param-case.d.ts","files":["param-case.js","param-case.d.ts","LICENSE"],"scripts":{"lint":"standard","test-std":"mocha -- -R spec --bail","test-cov":"istanbul cover node_modules/mocha/bin/_mocha -- -R spec --bail","test":"npm run lint && npm run test-cov"},"repository":{"type":"git","url":"git://github.com/blakeembrey/param-case.git"},"keywords":["param","case","dash","hyphen"],"author":{"name":"Blake Embrey","email":"hello@blakeembrey.com","url":"http://blakeembrey.me"},"license":"MIT","bugs":{"url":"https://github.com/blakeembrey/param-case/issues"},"homepage":"https://github.com/blakeembrey/param-case","devDependencies":{"istanbul":"^0.3.0","mocha":"^2.1.0","pre-commit":"^1.0.1","standard":"^3.3.0"},"dependencies":{"sentence-case":"^1.1.2"},"gitHead":"9d968306f7bfe45a2da3a8e47f0a9e39b764c3ae","_id":"param-case@1.1.2","_shasum":"dcb091a43c259b9228f1c341e7b6a44ea0bf9743","_from":".","_npmVersion":"3.3.12","_nodeVersion":"5.2.0","_npmUser":{"name":"blakeembrey","email":"hello@blakeembrey.com"},"dist":{"shasum":"dcb091a43c259b9228f1c341e7b6a44ea0bf9743","tarball":"https://registry.npmjs.org/param-case/-/param-case-1.1.2.tgz"},"maintainers":[{"name":"blakeembrey","email":"hello@blakeembrey.com"}],"directories":{}}},"readme":"# Param Case\n\n[![NPM version][npm-image]][npm-url]\n[![NPM downloads][downloads-image]][downloads-url]\n[![Build status][travis-image]][travis-url]\n[![Test coverage][coveralls-image]][coveralls-url]\n\nParam case a string.\n\nSupports Unicode (non-ASCII characters) and non-string entities, such as objects with a `toString` property, numbers and booleans. Empty values (`null` and `undefined`) will result in an empty string.\n\n## Installation\n\n```\nnpm install param-case --save\n```\n\n## Usage\n\n```javascript\nvar paramCase = require('param-case')\n\nparamCase('string')        //=> \"string\"\nparamCase('camelCase')     //=> \"camel-case\"\nparamCase('sentence case') //=> \"sentence-case\"\n\nparamCase('MY STRING', 'tr') //=> \"my-strıng\"\n```\n\n## Typings\n\nIncludes a [TypeScript definition](param-case.d.ts).\n\n## License\n\nMIT\n\n[npm-image]: https://img.shields.io/npm/v/param-case.svg?style=flat\n[npm-url]: https://npmjs.org/package/param-case\n[downloads-image]: https://img.shields.io/npm/dm/param-case.svg?style=flat\n[downloads-url]: https://npmjs.org/package/param-case\n[travis-image]: https://img.shields.io/travis/blakeembrey/param-case.svg?style=flat\n[travis-url]: https://travis-ci.org/blakeembrey/param-case\n[coveralls-image]: https://img.shields.io/coveralls/blakeembrey/param-case.svg?style=flat\n[coveralls-url]: https://coveralls.io/r/blakeembrey/param-case?branch=master\n","maintainers":[{"name":"blakeembrey","email":"hello@blakeembrey.com"}],"time":{"modified":"2015-12-16T00:20:06.749Z","created":"2014-03-24T23:34:56.403Z","0.0.1":"2014-03-24T23:34:56.403Z","0.0.2":"2014-03-25T02:14:45.769Z","0.1.0":"2014-04-09T09:57:41.994Z","1.0.0":"2014-08-17T19:16:17.943Z","1.0.1":"2014-08-19T13:35:13.470Z","1.1.0":"2015-01-12T08:30:27.933Z","1.1.1":"2015-01-31T10:57:30.837Z","1.1.2":"2015-12-16T00:20:06.749Z"},"homepage":"https://github.com/blakeembrey/param-case","keywords":["param","case","dash","hyphen"],"repository":{"type":"git","url":"git://github.com/blakeembrey/param-case.git"},"author":{"name":"Blake Embrey","email":"hello@blakeembrey.com","url":"http://blakeembrey.me"},"bugs":{"url":"https://github.com/blakeembrey/param-case/issues"},"license":"MIT","readmeFilename":"README.md","users":{"njif":true},"_attachments":{},"_etag":"\"5Q2LHW0MJPXBMA6L9VOP13SU9\""}