{"_id":"minimatch","_rev":"146-bf46cff99b8339810103972102a4d301","name":"minimatch","description":"a glob matcher in javascript","dist-tags":{"latest":"3.0.0"},"versions":{"0.0.1":{"author":{"name":"Isaac Z. Schlueter","email":"i@izs.me","url":"http://blog.izs.me"},"name":"minimatch","description":"a glob matcher in javascript","version":"0.0.1","repository":{"type":"git","url":"git://github.com/isaacs/minimatch.git"},"main":"minimatch.js","scripts":{"test":"tap test"},"engines":{"node":"*"},"dependencies":{"lru-cache":"~1.0.2"},"devDependencies":{"tap":"~0.0.5"},"_npmJsonOpts":{"file":"/Users/isaacs/.npm/minimatch/0.0.1/package/package.json","wscript":false,"contributors":false,"serverjs":false},"_id":"minimatch@0.0.1","_engineSupported":true,"_npmVersion":"1.0.15","_nodeVersion":"v0.5.2-pre","_defaultsLoaded":true,"dist":{"shasum":"33b549784ce98eceb7a86329c11a1cd02cd00ce9","tarball":"https://registry.npmjs.org/minimatch/-/minimatch-0.0.1.tgz"},"directories":{}},"0.0.2":{"author":{"name":"Isaac Z. Schlueter","email":"i@izs.me","url":"http://blog.izs.me"},"name":"minimatch","description":"a glob matcher in javascript","version":"0.0.2","repository":{"type":"git","url":"git://github.com/isaacs/minimatch.git"},"main":"minimatch.js","scripts":{"test":"tap test"},"engines":{"node":"*"},"bundleDependencies":["lru-cache"],"dependencies":{"lru-cache":"~1.0.2"},"devDependencies":{"tap":"~0.0.5"},"_npmJsonOpts":{"file":"/Users/isaacs/.npm/minimatch/0.0.2/package/package.json","wscript":false,"contributors":false,"serverjs":false},"_id":"minimatch@0.0.2","_engineSupported":true,"_npmVersion":"1.0.16","_nodeVersion":"v0.5.2-pre","_defaultsLoaded":true,"dist":{"shasum":"582b28fed87d3bbe9f9afc8c9490f4eb3b08ba91","tarball":"https://registry.npmjs.org/minimatch/-/minimatch-0.0.2.tgz"},"directories":{}},"0.0.4":{"author":{"name":"Isaac Z. Schlueter","email":"i@izs.me","url":"http://blog.izs.me"},"name":"minimatch","description":"a glob matcher in javascript","version":"0.0.4","repository":{"type":"git","url":"git://github.com/isaacs/minimatch.git"},"main":"minimatch.js","scripts":{"test":"tap test"},"engines":{"node":"*"},"bundleDependencies":["lru-cache"],"dependencies":{"lru-cache":"~1.0.2"},"devDependencies":{"tap":"~0.0.5"},"licenses":[{"type":"MIT","url":"http://github.com/isaacs/minimatch/raw/master/LICENSE"}],"_npmJsonOpts":{"file":"/Users/isaacs/.npm/minimatch/0.0.4/package/package.json","wscript":false,"contributors":false,"serverjs":false},"_id":"minimatch@0.0.4","_engineSupported":true,"_npmVersion":"1.0.28-pre-DEV-UNSTABLE","_nodeVersion":"v0.4.11","_defaultsLoaded":true,"dist":{"shasum":"791b9e5e6572b789cfda6f60e095614cbb7504b6","tarball":"https://registry.npmjs.org/minimatch/-/minimatch-0.0.4.tgz"},"maintainers":[{"name":"isaacs","email":"i@izs.me"}],"directories":{}},"0.0.5":{"author":{"name":"Isaac Z. Schlueter","email":"i@izs.me","url":"http://blog.izs.me"},"name":"minimatch","description":"a glob matcher in javascript","version":"0.0.5","repository":{"type":"git","url":"git://github.com/isaacs/minimatch.git"},"main":"minimatch.js","scripts":{"test":"tap test"},"engines":{"node":"*"},"dependencies":{"lru-cache":"~1.0.2"},"devDependencies":{"tap":"~0.0.5"},"licenses":[{"type":"MIT","url":"http://github.com/isaacs/minimatch/raw/master/LICENSE"}],"_npmUser":{"name":"isaacs","email":"i@izs.me"},"_id":"minimatch@0.0.5","_engineSupported":true,"_npmVersion":"1.1.0-beta-0","_nodeVersion":"v0.6.6-pre","_defaultsLoaded":true,"dist":{"shasum":"96bb490bbd3ba6836bbfac111adf75301b1584de","tarball":"https://registry.npmjs.org/minimatch/-/minimatch-0.0.5.tgz"},"maintainers":[{"name":"isaacs","email":"i@izs.me"}],"directories":{}},"0.1.1":{"author":{"name":"Isaac Z. Schlueter","email":"i@izs.me","url":"http://blog.izs.me"},"name":"minimatch","description":"a glob matcher in javascript","version":"0.1.1","repository":{"type":"git","url":"git://github.com/isaacs/minimatch.git"},"main":"minimatch.js","scripts":{"test":"tap test"},"engines":{"node":"*"},"dependencies":{"lru-cache":"~1.0.5"},"devDependencies":{"tap":"~0.1.3"},"licenses":[{"type":"MIT","url":"http://github.com/isaacs/minimatch/raw/master/LICENSE"}],"_npmUser":{"name":"isaacs","email":"i@izs.me"},"_id":"minimatch@0.1.1","_engineSupported":true,"_npmVersion":"1.1.0-beta-7","_nodeVersion":"v0.6.7-pre","_defaultsLoaded":true,"dist":{"shasum":"2bbeb75b5819a6a112ef5cf444efa32e006bb20d","tarball":"https://registry.npmjs.org/minimatch/-/minimatch-0.1.1.tgz"},"maintainers":[{"name":"isaacs","email":"i@izs.me"}],"directories":{}},"0.1.2":{"author":{"name":"Isaac Z. Schlueter","email":"i@izs.me","url":"http://blog.izs.me"},"name":"minimatch","description":"a glob matcher in javascript","version":"0.1.2","repository":{"type":"git","url":"git://github.com/isaacs/minimatch.git"},"main":"minimatch.js","scripts":{"test":"tap test"},"engines":{"node":"*"},"dependencies":{"lru-cache":"~1.0.5"},"devDependencies":{"tap":"~0.1.3"},"licenses":[{"type":"MIT","url":"http://github.com/isaacs/minimatch/raw/master/LICENSE"}],"_npmUser":{"name":"isaacs","email":"i@izs.me"},"_id":"minimatch@0.1.2","_engineSupported":true,"_npmVersion":"1.1.0-beta-7","_nodeVersion":"v0.6.7-pre","_defaultsLoaded":true,"dist":{"shasum":"81ba8cfe095f0acd7d1f8afa93819099ef2177e9","tarball":"https://registry.npmjs.org/minimatch/-/minimatch-0.1.2.tgz"},"maintainers":[{"name":"isaacs","email":"i@izs.me"}],"directories":{}},"0.1.3":{"author":{"name":"Isaac Z. Schlueter","email":"i@izs.me","url":"http://blog.izs.me"},"name":"minimatch","description":"a glob matcher in javascript","version":"0.1.3","repository":{"type":"git","url":"git://github.com/isaacs/minimatch.git"},"main":"minimatch.js","scripts":{"test":"tap test"},"engines":{"node":"*"},"dependencies":{"lru-cache":"~1.0.5"},"devDependencies":{"tap":"~0.1.3"},"licenses":[{"type":"MIT","url":"http://github.com/isaacs/minimatch/raw/master/LICENSE"}],"_npmUser":{"name":"isaacs","email":"i@izs.me"},"_id":"minimatch@0.1.3","_engineSupported":true,"_npmVersion":"1.1.0-beta-7","_nodeVersion":"v0.6.7-pre","_defaultsLoaded":true,"dist":{"shasum":"3811e5808181ee2d923614faf14e0b24543daf06","tarball":"https://registry.npmjs.org/minimatch/-/minimatch-0.1.3.tgz"},"maintainers":[{"name":"isaacs","email":"i@izs.me"}],"directories":{}},"0.1.4":{"author":{"name":"Isaac Z. Schlueter","email":"i@izs.me","url":"http://blog.izs.me"},"name":"minimatch","description":"a glob matcher in javascript","version":"0.1.4","repository":{"type":"git","url":"git://github.com/isaacs/minimatch.git"},"main":"minimatch.js","scripts":{"test":"tap test"},"engines":{"node":"*"},"dependencies":{"lru-cache":"~1.0.5"},"devDependencies":{"tap":"~0.1.3"},"licenses":[{"type":"MIT","url":"http://github.com/isaacs/minimatch/raw/master/LICENSE"}],"_npmUser":{"name":"isaacs","email":"i@izs.me"},"_id":"minimatch@0.1.4","optionalDependencies":{},"_engineSupported":true,"_npmVersion":"1.1.0-2","_nodeVersion":"v0.6.8-pre","_defaultsLoaded":true,"dist":{"shasum":"5c5b370eebd3f729adc1f7740515ac3c70769ae4","tarball":"https://registry.npmjs.org/minimatch/-/minimatch-0.1.4.tgz"},"maintainers":[{"name":"isaacs","email":"i@izs.me"}],"directories":{}},"0.1.5":{"author":{"name":"Isaac Z. Schlueter","email":"i@izs.me","url":"http://blog.izs.me"},"name":"minimatch","description":"a glob matcher in javascript","version":"0.1.5","repository":{"type":"git","url":"git://github.com/isaacs/minimatch.git"},"main":"minimatch.js","scripts":{"test":"tap test"},"engines":{"node":"*"},"dependencies":{"lru-cache":"~1.0.5"},"devDependencies":{"tap":"~0.1.3"},"licenses":[{"type":"MIT","url":"http://github.com/isaacs/minimatch/raw/master/LICENSE"}],"_npmUser":{"name":"isaacs","email":"i@izs.me"},"_id":"minimatch@0.1.5","optionalDependencies":{},"_engineSupported":true,"_npmVersion":"1.1.0-3","_nodeVersion":"v0.6.9-pre","_defaultsLoaded":true,"dist":{"shasum":"b762f312066cbbfe50462a68360bfc9ca0ccb1b9","tarball":"https://registry.npmjs.org/minimatch/-/minimatch-0.1.5.tgz"},"maintainers":[{"name":"isaacs","email":"i@izs.me"}],"directories":{}},"0.2.0":{"author":{"name":"Isaac Z. Schlueter","email":"i@izs.me","url":"http://blog.izs.me"},"name":"minimatch","description":"a glob matcher in javascript","version":"0.2.0","repository":{"type":"git","url":"git://github.com/isaacs/minimatch.git"},"main":"minimatch.js","scripts":{"test":"tap test"},"engines":{"node":"*"},"dependencies":{"lru-cache":"~1.0.5"},"devDependencies":{"tap":"~0.1.3"},"licenses":[{"type":"MIT","url":"http://github.com/isaacs/minimatch/raw/master/LICENSE"}],"_npmUser":{"name":"isaacs","email":"i@izs.me"},"_id":"minimatch@0.2.0","optionalDependencies":{},"_engineSupported":true,"_npmVersion":"1.1.1","_nodeVersion":"v0.7.5-pre","_defaultsLoaded":true,"dist":{"shasum":"7fb18a99421493c520b508f00699cc8f5db86e2a","tarball":"https://registry.npmjs.org/minimatch/-/minimatch-0.2.0.tgz"},"maintainers":[{"name":"isaacs","email":"i@izs.me"}],"directories":{}},"0.2.2":{"author":{"name":"Isaac Z. Schlueter","email":"i@izs.me","url":"http://blog.izs.me"},"name":"minimatch","description":"a glob matcher in javascript","version":"0.2.2","repository":{"type":"git","url":"git://github.com/isaacs/minimatch.git"},"main":"minimatch.js","scripts":{"test":"tap test"},"engines":{"node":"*"},"dependencies":{"lru-cache":"~1.0.5"},"devDependencies":{"tap":""},"licenses":[{"type":"MIT","url":"http://github.com/isaacs/minimatch/raw/master/LICENSE"}],"_npmUser":{"name":"isaacs","email":"i@izs.me"},"_id":"minimatch@0.2.2","optionalDependencies":{},"_engineSupported":true,"_npmVersion":"1.1.10","_nodeVersion":"v0.7.7-pre","_defaultsLoaded":true,"dist":{"shasum":"209c214e81dd8d831122c56793c93d90d8e44b7d","tarball":"https://registry.npmjs.org/minimatch/-/minimatch-0.2.2.tgz"},"maintainers":[{"name":"isaacs","email":"i@izs.me"}],"directories":{}},"0.2.3":{"author":{"name":"Isaac Z. Schlueter","email":"i@izs.me","url":"http://blog.izs.me"},"name":"minimatch","description":"a glob matcher in javascript","version":"0.2.3","repository":{"type":"git","url":"git://github.com/isaacs/minimatch.git"},"main":"minimatch.js","scripts":{"test":"tap test"},"engines":{"node":"*"},"dependencies":{"lru-cache":"~1.0.5"},"devDependencies":{"tap":""},"licenses":[{"type":"MIT","url":"http://github.com/isaacs/minimatch/raw/master/LICENSE"}],"_npmUser":{"name":"isaacs","email":"i@izs.me"},"_id":"minimatch@0.2.3","optionalDependencies":{},"_engineSupported":true,"_npmVersion":"1.1.13","_nodeVersion":"v0.7.7-pre","_defaultsLoaded":true,"dist":{"shasum":"625540b1be01b3e7fb5a04a01c847ae54e8f3a9f","tarball":"https://registry.npmjs.org/minimatch/-/minimatch-0.2.3.tgz"},"maintainers":[{"name":"isaacs","email":"i@izs.me"}],"directories":{}},"0.2.4":{"author":{"name":"Isaac Z. Schlueter","email":"i@izs.me","url":"http://blog.izs.me"},"name":"minimatch","description":"a glob matcher in javascript","version":"0.2.4","repository":{"type":"git","url":"git://github.com/isaacs/minimatch.git"},"main":"minimatch.js","scripts":{"test":"tap test"},"engines":{"node":"*"},"dependencies":{"lru-cache":"~1.0.5"},"devDependencies":{"tap":""},"licenses":[{"type":"MIT","url":"http://github.com/isaacs/minimatch/raw/master/LICENSE"}],"_npmUser":{"name":"isaacs","email":"i@izs.me"},"_id":"minimatch@0.2.4","optionalDependencies":{},"_engineSupported":true,"_npmVersion":"1.1.13","_nodeVersion":"v0.7.7-pre","_defaultsLoaded":true,"dist":{"shasum":"093b5cd06c40d460d37c50a8ce3fa1c0ef636baf","tarball":"https://registry.npmjs.org/minimatch/-/minimatch-0.2.4.tgz"},"maintainers":[{"name":"isaacs","email":"i@izs.me"}],"directories":{}},"0.2.5":{"author":{"name":"Isaac Z. Schlueter","email":"i@izs.me","url":"http://blog.izs.me"},"name":"minimatch","description":"a glob matcher in javascript","version":"0.2.5","repository":{"type":"git","url":"git://github.com/isaacs/minimatch.git"},"main":"minimatch.js","scripts":{"test":"tap test"},"engines":{"node":"*"},"dependencies":{"lru-cache":"~1"},"devDependencies":{"tap":""},"licenses":[{"type":"MIT","url":"http://github.com/isaacs/minimatch/raw/master/LICENSE"}],"_npmUser":{"name":"isaacs","email":"i@izs.me"},"_id":"minimatch@0.2.5","optionalDependencies":{},"_engineSupported":true,"_npmVersion":"1.1.23","_nodeVersion":"v0.7.10-pre","_defaultsLoaded":true,"dist":{"shasum":"a85048c04cc707538cdcb6fb798c421c3cbc7026","tarball":"https://registry.npmjs.org/minimatch/-/minimatch-0.2.5.tgz"},"maintainers":[{"name":"isaacs","email":"i@izs.me"}],"directories":{}},"0.2.6":{"author":{"name":"Isaac Z. Schlueter","email":"i@izs.me","url":"http://blog.izs.me"},"name":"minimatch","description":"a glob matcher in javascript","version":"0.2.6","repository":{"type":"git","url":"git://github.com/isaacs/minimatch.git"},"main":"minimatch.js","scripts":{"test":"tap test"},"engines":{"node":"*"},"dependencies":{"lru-cache":"~2.0.0"},"devDependencies":{"tap":""},"license":{"type":"MIT","url":"http://github.com/isaacs/minimatch/raw/master/LICENSE"},"_id":"minimatch@0.2.6","dist":{"shasum":"afc731fd9874c4c47496bc27938e5014134eaa57","tarball":"https://registry.npmjs.org/minimatch/-/minimatch-0.2.6.tgz"},"_npmVersion":"1.1.48","_npmUser":{"name":"isaacs","email":"i@izs.me"},"maintainers":[{"name":"isaacs","email":"i@izs.me"}],"directories":{}},"0.2.7":{"author":{"name":"Isaac Z. Schlueter","email":"i@izs.me","url":"http://blog.izs.me"},"name":"minimatch","description":"a glob matcher in javascript","version":"0.2.7","repository":{"type":"git","url":"git://github.com/isaacs/minimatch.git"},"main":"minimatch.js","scripts":{"test":"tap test"},"engines":{"node":"*"},"dependencies":{"lru-cache":"~2.0.0"},"devDependencies":{"tap":""},"license":{"type":"MIT","url":"http://github.com/isaacs/minimatch/raw/master/LICENSE"},"_id":"minimatch@0.2.7","dist":{"shasum":"850e2708068bfb12b586c34491f2007cc0b52f67","tarball":"https://registry.npmjs.org/minimatch/-/minimatch-0.2.7.tgz"},"_npmVersion":"1.1.62","_npmUser":{"name":"isaacs","email":"i@izs.me"},"maintainers":[{"name":"isaacs","email":"i@izs.me"}],"directories":{}},"0.2.8":{"author":{"name":"Isaac Z. Schlueter","email":"i@izs.me","url":"http://blog.izs.me"},"name":"minimatch","description":"a glob matcher in javascript","version":"0.2.8","repository":{"type":"git","url":"git://github.com/isaacs/minimatch.git"},"main":"minimatch.js","scripts":{"test":"tap test"},"engines":{"node":"*"},"dependencies":{"lru-cache":"~2.0.0"},"devDependencies":{"tap":""},"license":{"type":"MIT","url":"http://github.com/isaacs/minimatch/raw/master/LICENSE"},"_id":"minimatch@0.2.8","dist":{"shasum":"1a983623de40ccda200c37192a28a58a640501c6","tarball":"https://registry.npmjs.org/minimatch/-/minimatch-0.2.8.tgz"},"_npmVersion":"1.1.65","_npmUser":{"name":"isaacs","email":"i@izs.me"},"maintainers":[{"name":"isaacs","email":"i@izs.me"}],"directories":{}},"0.2.9":{"author":{"name":"Isaac Z. Schlueter","email":"i@izs.me","url":"http://blog.izs.me"},"name":"minimatch","description":"a glob matcher in javascript","version":"0.2.9","repository":{"type":"git","url":"git://github.com/isaacs/minimatch.git"},"main":"minimatch.js","scripts":{"test":"tap test"},"engines":{"node":"*"},"dependencies":{"lru-cache":"~2.0.0","sigmund":"~1.0.0"},"devDependencies":{"tap":""},"license":{"type":"MIT","url":"http://github.com/isaacs/minimatch/raw/master/LICENSE"},"_id":"minimatch@0.2.9","dist":{"shasum":"b80af947e6a83a8c68f26e54c0d6125bac9f887f","tarball":"https://registry.npmjs.org/minimatch/-/minimatch-0.2.9.tgz"},"_npmVersion":"1.1.65","_npmUser":{"name":"isaacs","email":"i@izs.me"},"maintainers":[{"name":"isaacs","email":"i@izs.me"}],"directories":{}},"0.2.10":{"author":{"name":"Isaac Z. Schlueter","email":"i@izs.me","url":"http://blog.izs.me"},"name":"minimatch","description":"a glob matcher in javascript","version":"0.2.10","repository":{"type":"git","url":"git://github.com/isaacs/minimatch.git"},"main":"minimatch.js","scripts":{"test":"tap test"},"engines":{"node":"*"},"dependencies":{"lru-cache":"~2.0.0","sigmund":"~1.0.0"},"devDependencies":{"tap":""},"license":{"type":"MIT","url":"http://github.com/isaacs/minimatch/raw/master/LICENSE"},"_id":"minimatch@0.2.10","dist":{"shasum":"4b1d35d316d09c78e31284d6acf6245b5ec8c455","tarball":"https://registry.npmjs.org/minimatch/-/minimatch-0.2.10.tgz"},"_from":".","_npmVersion":"1.2.12","_npmUser":{"name":"isaacs","email":"i@izs.me"},"maintainers":[{"name":"isaacs","email":"i@izs.me"}],"directories":{}},"0.2.11":{"author":{"name":"Isaac Z. Schlueter","email":"i@izs.me","url":"http://blog.izs.me"},"name":"minimatch","description":"a glob matcher in javascript","version":"0.2.11","repository":{"type":"git","url":"git://github.com/isaacs/minimatch.git"},"main":"minimatch.js","scripts":{"test":"tap test"},"engines":{"node":"*"},"dependencies":{"lru-cache":"2","sigmund":"~1.0.0"},"devDependencies":{"tap":""},"license":{"type":"MIT","url":"http://github.com/isaacs/minimatch/raw/master/LICENSE"},"_id":"minimatch@0.2.11","dist":{"shasum":"a0ef5fa776aa6fbd3ce1ebb74efb8a48c6abf4db","tarball":"https://registry.npmjs.org/minimatch/-/minimatch-0.2.11.tgz"},"_from":".","_npmVersion":"1.2.12","_npmUser":{"name":"isaacs","email":"i@izs.me"},"maintainers":[{"name":"isaacs","email":"i@izs.me"}],"directories":{}},"0.2.12":{"author":{"name":"Isaac Z. Schlueter","email":"i@izs.me","url":"http://blog.izs.me"},"name":"minimatch","description":"a glob matcher in javascript","version":"0.2.12","repository":{"type":"git","url":"git://github.com/isaacs/minimatch.git"},"main":"minimatch.js","scripts":{"test":"tap test"},"engines":{"node":"*"},"dependencies":{"lru-cache":"2","sigmund":"~1.0.0"},"devDependencies":{"tap":""},"license":{"type":"MIT","url":"http://github.com/isaacs/minimatch/raw/master/LICENSE"},"_id":"minimatch@0.2.12","dist":{"shasum":"ea82a012ac662c7ddfaa144f1c147e6946f5dafb","tarball":"https://registry.npmjs.org/minimatch/-/minimatch-0.2.12.tgz"},"_from":".","_npmVersion":"1.2.18","_npmUser":{"name":"isaacs","email":"i@izs.me"},"maintainers":[{"name":"isaacs","email":"i@izs.me"}],"directories":{}},"0.2.13":{"author":{"name":"Isaac Z. Schlueter","email":"i@izs.me","url":"http://blog.izs.me"},"name":"minimatch","description":"a glob matcher in javascript","version":"0.2.13","repository":{"type":"git","url":"git://github.com/isaacs/minimatch.git"},"main":"minimatch.js","scripts":{"test":"tap test/*.js"},"engines":{"node":"*"},"dependencies":{"lru-cache":"2","sigmund":"~1.0.0"},"devDependencies":{"tap":""},"license":{"type":"MIT","url":"http://github.com/isaacs/minimatch/raw/master/LICENSE"},"bugs":{"url":"https://github.com/isaacs/minimatch/issues"},"homepage":"https://github.com/isaacs/minimatch","_id":"minimatch@0.2.13","dist":{"shasum":"dc58caf1eba5681e403163af3ed477bf69c8df69","tarball":"https://registry.npmjs.org/minimatch/-/minimatch-0.2.13.tgz"},"_from":".","_npmVersion":"1.3.17","_npmUser":{"name":"isaacs","email":"i@izs.me"},"maintainers":[{"name":"isaacs","email":"i@izs.me"}],"directories":{}},"0.2.14":{"author":{"name":"Isaac Z. Schlueter","email":"i@izs.me","url":"http://blog.izs.me"},"name":"minimatch","description":"a glob matcher in javascript","version":"0.2.14","repository":{"type":"git","url":"git://github.com/isaacs/minimatch.git"},"main":"minimatch.js","scripts":{"test":"tap test/*.js"},"engines":{"node":"*"},"dependencies":{"lru-cache":"2","sigmund":"~1.0.0"},"devDependencies":{"tap":""},"license":{"type":"MIT","url":"http://github.com/isaacs/minimatch/raw/master/LICENSE"},"bugs":{"url":"https://github.com/isaacs/minimatch/issues"},"homepage":"https://github.com/isaacs/minimatch","_id":"minimatch@0.2.14","dist":{"shasum":"c74e780574f63c6f9a090e90efbe6ef53a6a756a","tarball":"https://registry.npmjs.org/minimatch/-/minimatch-0.2.14.tgz"},"_from":".","_npmVersion":"1.3.17","_npmUser":{"name":"isaacs","email":"i@izs.me"},"maintainers":[{"name":"isaacs","email":"i@izs.me"}],"directories":{}},"0.3.0":{"author":{"name":"Isaac Z. Schlueter","email":"i@izs.me","url":"http://blog.izs.me"},"name":"minimatch","description":"a glob matcher in javascript","version":"0.3.0","repository":{"type":"git","url":"git://github.com/isaacs/minimatch.git"},"main":"minimatch.js","scripts":{"test":"tap test/*.js"},"engines":{"node":"*"},"dependencies":{"lru-cache":"2","sigmund":"~1.0.0"},"devDependencies":{"tap":""},"license":{"type":"MIT","url":"http://github.com/isaacs/minimatch/raw/master/LICENSE"},"bugs":{"url":"https://github.com/isaacs/minimatch/issues"},"homepage":"https://github.com/isaacs/minimatch","_id":"minimatch@0.3.0","_shasum":"275d8edaac4f1bb3326472089e7949c8394699dd","_from":".","_npmVersion":"1.4.10","_npmUser":{"name":"isaacs","email":"i@izs.me"},"maintainers":[{"name":"isaacs","email":"i@izs.me"}],"dist":{"shasum":"275d8edaac4f1bb3326472089e7949c8394699dd","tarball":"https://registry.npmjs.org/minimatch/-/minimatch-0.3.0.tgz"},"directories":{}},"0.4.0":{"author":{"name":"Isaac Z. Schlueter","email":"i@izs.me","url":"http://blog.izs.me"},"name":"minimatch","description":"a glob matcher in javascript","version":"0.4.0","repository":{"type":"git","url":"git://github.com/isaacs/minimatch.git"},"main":"minimatch.js","scripts":{"test":"tap test/*.js"},"engines":{"node":"*"},"dependencies":{"lru-cache":"2","sigmund":"~1.0.0"},"devDependencies":{"tap":""},"license":{"type":"MIT","url":"http://github.com/isaacs/minimatch/raw/master/LICENSE"},"gitHead":"56dc703f56c3678a3fad47ae67c92050d1689656","bugs":{"url":"https://github.com/isaacs/minimatch/issues"},"homepage":"https://github.com/isaacs/minimatch","_id":"minimatch@0.4.0","_shasum":"bd2c7d060d2c8c8fd7cde7f1f2ed2d5b270fdb1b","_from":".","_npmVersion":"1.5.0-alpha-1","_npmUser":{"name":"isaacs","email":"i@izs.me"},"maintainers":[{"name":"isaacs","email":"i@izs.me"}],"dist":{"shasum":"bd2c7d060d2c8c8fd7cde7f1f2ed2d5b270fdb1b","tarball":"https://registry.npmjs.org/minimatch/-/minimatch-0.4.0.tgz"},"directories":{}},"1.0.0":{"author":{"name":"Isaac Z. Schlueter","email":"i@izs.me","url":"http://blog.izs.me"},"name":"minimatch","description":"a glob matcher in javascript","version":"1.0.0","repository":{"type":"git","url":"git://github.com/isaacs/minimatch.git"},"main":"minimatch.js","scripts":{"test":"tap test/*.js"},"engines":{"node":"*"},"dependencies":{"lru-cache":"2","sigmund":"~1.0.0"},"devDependencies":{"tap":""},"license":{"type":"MIT","url":"http://github.com/isaacs/minimatch/raw/master/LICENSE"},"gitHead":"b374a643976eb55cdc19c60b6dd51ebe9bcc607a","bugs":{"url":"https://github.com/isaacs/minimatch/issues"},"homepage":"https://github.com/isaacs/minimatch","_id":"minimatch@1.0.0","_shasum":"e0dd2120b49e1b724ce8d714c520822a9438576d","_from":".","_npmVersion":"1.4.21","_npmUser":{"name":"isaacs","email":"i@izs.me"},"maintainers":[{"name":"isaacs","email":"i@izs.me"}],"dist":{"shasum":"e0dd2120b49e1b724ce8d714c520822a9438576d","tarball":"https://registry.npmjs.org/minimatch/-/minimatch-1.0.0.tgz"},"directories":{}},"2.0.0":{"author":{"name":"Isaac Z. Schlueter","email":"i@izs.me","url":"http://blog.izs.me"},"name":"minimatch","description":"a glob matcher in javascript","version":"2.0.0","repository":{"type":"git","url":"git://github.com/isaacs/minimatch.git"},"main":"minimatch.js","scripts":{"test":"tap test/*.js","prepublish":"browserify -o browser.js -e minimatch.js"},"engines":{"node":"*"},"dependencies":{"brace-expansion":"^1.0.0"},"devDependencies":{"browserify":"^6.3.3","tap":""},"license":{"type":"MIT","url":"http://github.com/isaacs/minimatch/raw/master/LICENSE"},"gitHead":"105482161fc08437a84d4b51a69a5e3be6dd23bd","bugs":{"url":"https://github.com/isaacs/minimatch/issues"},"homepage":"https://github.com/isaacs/minimatch","_id":"minimatch@2.0.0","_shasum":"c0625745200ebcf77451423f3d649821f8f0b6e1","_from":".","_npmVersion":"2.1.11","_nodeVersion":"0.10.16","_npmUser":{"name":"isaacs","email":"i@izs.me"},"maintainers":[{"name":"isaacs","email":"i@izs.me"}],"dist":{"shasum":"c0625745200ebcf77451423f3d649821f8f0b6e1","tarball":"https://registry.npmjs.org/minimatch/-/minimatch-2.0.0.tgz"},"directories":{}},"2.0.1":{"author":{"name":"Isaac Z. Schlueter","email":"i@izs.me","url":"http://blog.izs.me"},"name":"minimatch","description":"a glob matcher in javascript","version":"2.0.1","repository":{"type":"git","url":"git://github.com/isaacs/minimatch.git"},"main":"minimatch.js","scripts":{"test":"tap test/*.js","prepublish":"browserify -o browser.js -e minimatch.js"},"engines":{"node":"*"},"dependencies":{"brace-expansion":"^1.0.0"},"devDependencies":{"browserify":"^6.3.3","tap":""},"license":{"type":"MIT","url":"http://github.com/isaacs/minimatch/raw/master/LICENSE"},"gitHead":"eac219d8f665c8043fda9a1cd34eab9b006fae01","bugs":{"url":"https://github.com/isaacs/minimatch/issues"},"homepage":"https://github.com/isaacs/minimatch","_id":"minimatch@2.0.1","_shasum":"6c3760b45f66ed1cd5803143ee8d372488f02c37","_from":".","_npmVersion":"2.1.11","_nodeVersion":"0.10.16","_npmUser":{"name":"isaacs","email":"i@izs.me"},"maintainers":[{"name":"isaacs","email":"i@izs.me"}],"dist":{"shasum":"6c3760b45f66ed1cd5803143ee8d372488f02c37","tarball":"https://registry.npmjs.org/minimatch/-/minimatch-2.0.1.tgz"},"directories":{}},"2.0.2":{"author":{"name":"Isaac Z. Schlueter","email":"i@izs.me","url":"http://blog.izs.me"},"name":"minimatch","description":"a glob matcher in javascript","version":"2.0.2","repository":{"type":"git","url":"git://github.com/isaacs/minimatch.git"},"main":"minimatch.js","scripts":{"test":"tap test/*.js","prepublish":"browserify -o browser.js -e minimatch.js"},"engines":{"node":"*"},"dependencies":{"brace-expansion":"^1.0.0"},"devDependencies":{"browserify":"^6.3.3","tap":""},"license":{"type":"MIT","url":"http://github.com/isaacs/minimatch/raw/master/LICENSE"},"gitHead":"df6467ae94d679dbf6cf1d4e888588c2b55f1981","bugs":{"url":"https://github.com/isaacs/minimatch/issues"},"homepage":"https://github.com/isaacs/minimatch","_id":"minimatch@2.0.2","_shasum":"9e0d08d40a713a8e1644bec3d88d1c11ee4167f8","_from":".","_npmVersion":"2.7.0","_nodeVersion":"1.4.2","_npmUser":{"name":"isaacs","email":"i@izs.me"},"maintainers":[{"name":"isaacs","email":"i@izs.me"}],"dist":{"shasum":"9e0d08d40a713a8e1644bec3d88d1c11ee4167f8","tarball":"https://registry.npmjs.org/minimatch/-/minimatch-2.0.2.tgz"},"directories":{}},"2.0.3":{"author":{"name":"Isaac Z. Schlueter","email":"i@izs.me","url":"http://blog.izs.me"},"name":"minimatch","description":"a glob matcher in javascript","version":"2.0.3","repository":{"type":"git","url":"git://github.com/isaacs/minimatch.git"},"main":"minimatch.js","scripts":{"test":"tap test/*.js","prepublish":"browserify -o browser.js -e minimatch.js"},"engines":{"node":"*"},"dependencies":{"brace-expansion":"^1.0.0"},"devDependencies":{"browserify":"^6.3.3","tap":""},"license":{"type":"MIT","url":"http://github.com/isaacs/minimatch/raw/master/LICENSE"},"gitHead":"85c028654ca35b0a5ae3bc83b830785d58c3710c","bugs":{"url":"https://github.com/isaacs/minimatch/issues"},"homepage":"https://github.com/isaacs/minimatch","_id":"minimatch@2.0.3","_shasum":"a265d8cd62b109ce85be49dd36932b8017f7df18","_from":".","_npmVersion":"2.7.0","_nodeVersion":"1.4.2","_npmUser":{"name":"isaacs","email":"i@izs.me"},"maintainers":[{"name":"isaacs","email":"i@izs.me"}],"dist":{"shasum":"a265d8cd62b109ce85be49dd36932b8017f7df18","tarball":"https://registry.npmjs.org/minimatch/-/minimatch-2.0.3.tgz"},"directories":{}},"2.0.4":{"author":{"name":"Isaac Z. Schlueter","email":"i@izs.me","url":"http://blog.izs.me"},"name":"minimatch","description":"a glob matcher in javascript","version":"2.0.4","repository":{"type":"git","url":"git://github.com/isaacs/minimatch.git"},"main":"minimatch.js","scripts":{"test":"tap test/*.js","prepublish":"browserify -o browser.js -e minimatch.js --bare"},"engines":{"node":"*"},"dependencies":{"brace-expansion":"^1.0.0"},"devDependencies":{"browserify":"^9.0.3","tap":""},"license":{"type":"MIT","url":"http://github.com/isaacs/minimatch/raw/master/LICENSE"},"files":["minimatch.js","browser.js"],"gitHead":"c75d17c23df3b6050338ee654a58490255b36ebc","bugs":{"url":"https://github.com/isaacs/minimatch/issues"},"homepage":"https://github.com/isaacs/minimatch","_id":"minimatch@2.0.4","_shasum":"83bea115803e7a097a78022427287edb762fafed","_from":".","_npmVersion":"2.7.1","_nodeVersion":"1.4.2","_npmUser":{"name":"isaacs","email":"i@izs.me"},"maintainers":[{"name":"isaacs","email":"i@izs.me"}],"dist":{"shasum":"83bea115803e7a097a78022427287edb762fafed","tarball":"https://registry.npmjs.org/minimatch/-/minimatch-2.0.4.tgz"},"directories":{}},"2.0.5":{"author":{"name":"Isaac Z. Schlueter","email":"i@izs.me","url":"http://blog.izs.me"},"name":"minimatch","description":"a glob matcher in javascript","version":"2.0.5","repository":{"type":"git","url":"git://github.com/isaacs/minimatch.git"},"main":"minimatch.js","scripts":{"test":"tap test/*.js","prepublish":"browserify -o browser.js -e minimatch.js --bare"},"engines":{"node":"*"},"dependencies":{"brace-expansion":"^1.0.0"},"devDependencies":{"browserify":"^9.0.3","tap":""},"license":{"type":"MIT","url":"http://github.com/isaacs/minimatch/raw/master/LICENSE"},"files":["minimatch.js","browser.js"],"gitHead":"11ffd7674dc8a76eb6ddceda6e1bf8863d2be63d","bugs":{"url":"https://github.com/isaacs/minimatch/issues"},"homepage":"https://github.com/isaacs/minimatch","_id":"minimatch@2.0.5","_shasum":"a5c79dfcbb3ad0f84a27132d28f3fcb16ffeef73","_from":".","_npmVersion":"2.7.6","_nodeVersion":"1.7.1","_npmUser":{"name":"isaacs","email":"isaacs@npmjs.com"},"dist":{"shasum":"a5c79dfcbb3ad0f84a27132d28f3fcb16ffeef73","tarball":"https://registry.npmjs.org/minimatch/-/minimatch-2.0.5.tgz"},"maintainers":[{"name":"isaacs","email":"i@izs.me"}],"directories":{}},"2.0.6":{"author":{"name":"Isaac Z. Schlueter","email":"i@izs.me","url":"http://blog.izs.me"},"name":"minimatch","description":"a glob matcher in javascript","version":"2.0.6","repository":{"type":"git","url":"git://github.com/isaacs/minimatch.git"},"main":"minimatch.js","scripts":{"pretest":"standard minimatch.js test/*.js","test":"tap test/*.js","prepublish":"browserify -o browser.js -e minimatch.js --bare"},"engines":{"node":"*"},"dependencies":{"brace-expansion":"^1.0.0"},"devDependencies":{"browserify":"^9.0.3","standard":"^3.7.2","tap":""},"license":{"type":"MIT","url":"http://github.com/isaacs/minimatch/raw/master/LICENSE"},"files":["minimatch.js","browser.js"],"gitHead":"24d9260047c46e95418407b4a4b0078e11f658fc","bugs":{"url":"https://github.com/isaacs/minimatch/issues"},"homepage":"https://github.com/isaacs/minimatch","_id":"minimatch@2.0.6","_shasum":"21df8ea63e67b5848d09d67e57432a5dcb8cecf3","_from":".","_npmVersion":"2.7.6","_nodeVersion":"1.7.1","_npmUser":{"name":"isaacs","email":"isaacs@npmjs.com"},"dist":{"shasum":"21df8ea63e67b5848d09d67e57432a5dcb8cecf3","tarball":"https://registry.npmjs.org/minimatch/-/minimatch-2.0.6.tgz"},"maintainers":[{"name":"isaacs","email":"i@izs.me"}],"directories":{}},"2.0.7":{"author":{"name":"Isaac Z. Schlueter","email":"i@izs.me","url":"http://blog.izs.me"},"name":"minimatch","description":"a glob matcher in javascript","version":"2.0.7","repository":{"type":"git","url":"git://github.com/isaacs/minimatch.git"},"main":"minimatch.js","scripts":{"pretest":"standard minimatch.js test/*.js","test":"tap test/*.js","prepublish":"browserify -o browser.js -e minimatch.js --bare"},"engines":{"node":"*"},"dependencies":{"brace-expansion":"^1.0.0"},"devDependencies":{"browserify":"^9.0.3","standard":"^3.7.2","tap":""},"license":{"type":"MIT","url":"http://github.com/isaacs/minimatch/raw/master/LICENSE"},"files":["minimatch.js","browser.js"],"gitHead":"4bd6dc22c248c7ea07cc49d63181fe6f6aafae9c","bugs":{"url":"https://github.com/isaacs/minimatch/issues"},"homepage":"https://github.com/isaacs/minimatch","_id":"minimatch@2.0.7","_shasum":"d23652ab10e663e7d914602e920e21f9f66492be","_from":".","_npmVersion":"2.7.6","_nodeVersion":"1.7.1","_npmUser":{"name":"isaacs","email":"isaacs@npmjs.com"},"dist":{"shasum":"d23652ab10e663e7d914602e920e21f9f66492be","tarball":"https://registry.npmjs.org/minimatch/-/minimatch-2.0.7.tgz"},"maintainers":[{"name":"isaacs","email":"i@izs.me"}],"directories":{}},"2.0.8":{"author":{"name":"Isaac Z. Schlueter","email":"i@izs.me","url":"http://blog.izs.me"},"name":"minimatch","description":"a glob matcher in javascript","version":"2.0.8","repository":{"type":"git","url":"git://github.com/isaacs/minimatch.git"},"main":"minimatch.js","scripts":{"pretest":"standard minimatch.js test/*.js","test":"tap test/*.js","prepublish":"browserify -o browser.js -e minimatch.js --bare"},"engines":{"node":"*"},"dependencies":{"brace-expansion":"^1.0.0"},"devDependencies":{"browserify":"^9.0.3","standard":"^3.7.2","tap":""},"license":"ISC","files":["minimatch.js","browser.js"],"gitHead":"0bc7d9c4b2bc816502184862b45bd090de3406a3","bugs":{"url":"https://github.com/isaacs/minimatch/issues"},"homepage":"https://github.com/isaacs/minimatch#readme","_id":"minimatch@2.0.8","_shasum":"0bc20f6bf3570a698ef0ddff902063c6cabda6bf","_from":".","_npmVersion":"2.10.0","_nodeVersion":"2.0.1","_npmUser":{"name":"isaacs","email":"isaacs@npmjs.com"},"dist":{"shasum":"0bc20f6bf3570a698ef0ddff902063c6cabda6bf","tarball":"https://registry.npmjs.org/minimatch/-/minimatch-2.0.8.tgz"},"maintainers":[{"name":"isaacs","email":"i@izs.me"}],"directories":{}},"2.0.9":{"author":{"name":"Isaac Z. Schlueter","email":"i@izs.me","url":"http://blog.izs.me"},"name":"minimatch","description":"a glob matcher in javascript","version":"2.0.9","repository":{"type":"git","url":"git://github.com/isaacs/minimatch.git"},"main":"minimatch.js","scripts":{"posttest":"standard minimatch.js test/*.js","test":"tap test/*.js","prepublish":"browserify -o browser.js -e minimatch.js -s minimatch --bare"},"engines":{"node":"*"},"dependencies":{"brace-expansion":"^1.0.0"},"devDependencies":{"browserify":"^9.0.3","standard":"^3.7.2","tap":"^1.2.0"},"license":"ISC","files":["minimatch.js","browser.js"],"gitHead":"5adde897f3865210dfa659beceff8617ee828197","bugs":{"url":"https://github.com/isaacs/minimatch/issues"},"homepage":"https://github.com/isaacs/minimatch#readme","_id":"minimatch@2.0.9","_shasum":"4dbebef26f62a35976db0737ea3389641baf9b46","_from":".","_npmVersion":"3.1.0","_nodeVersion":"2.2.1","_npmUser":{"name":"isaacs","email":"isaacs@npmjs.com"},"dist":{"shasum":"4dbebef26f62a35976db0737ea3389641baf9b46","tarball":"https://registry.npmjs.org/minimatch/-/minimatch-2.0.9.tgz"},"maintainers":[{"name":"isaacs","email":"i@izs.me"}],"directories":{}},"2.0.10":{"author":{"name":"Isaac Z. Schlueter","email":"i@izs.me","url":"http://blog.izs.me"},"name":"minimatch","description":"a glob matcher in javascript","version":"2.0.10","repository":{"type":"git","url":"git://github.com/isaacs/minimatch.git"},"main":"minimatch.js","scripts":{"posttest":"standard minimatch.js test/*.js","test":"tap test/*.js","prepublish":"browserify -o browser.js -e minimatch.js -s minimatch --bare"},"engines":{"node":"*"},"dependencies":{"brace-expansion":"^1.0.0"},"devDependencies":{"browserify":"^9.0.3","standard":"^3.7.2","tap":"^1.2.0"},"license":"ISC","files":["minimatch.js","browser.js"],"gitHead":"6afb85f0c324b321f76a38df81891e562693e257","bugs":{"url":"https://github.com/isaacs/minimatch/issues"},"homepage":"https://github.com/isaacs/minimatch#readme","_id":"minimatch@2.0.10","_shasum":"8d087c39c6b38c001b97fca7ce6d0e1e80afbac7","_from":".","_npmVersion":"3.1.0","_nodeVersion":"2.2.1","_npmUser":{"name":"isaacs","email":"isaacs@npmjs.com"},"dist":{"shasum":"8d087c39c6b38c001b97fca7ce6d0e1e80afbac7","tarball":"https://registry.npmjs.org/minimatch/-/minimatch-2.0.10.tgz"},"maintainers":[{"name":"isaacs","email":"i@izs.me"}],"directories":{}},"3.0.0":{"author":{"name":"Isaac Z. Schlueter","email":"i@izs.me","url":"http://blog.izs.me"},"name":"minimatch","description":"a glob matcher in javascript","version":"3.0.0","repository":{"type":"git","url":"git://github.com/isaacs/minimatch.git"},"main":"minimatch.js","scripts":{"posttest":"standard minimatch.js test/*.js","test":"tap test/*.js"},"engines":{"node":"*"},"dependencies":{"brace-expansion":"^1.0.0"},"devDependencies":{"standard":"^3.7.2","tap":"^1.2.0"},"license":"ISC","files":["minimatch.js"],"gitHead":"270dbea567f0af6918cb18103e98c612aa717a20","bugs":{"url":"https://github.com/isaacs/minimatch/issues"},"homepage":"https://github.com/isaacs/minimatch#readme","_id":"minimatch@3.0.0","_shasum":"5236157a51e4f004c177fb3c527ff7dd78f0ef83","_from":".","_npmVersion":"3.3.2","_nodeVersion":"4.0.0","_npmUser":{"name":"isaacs","email":"isaacs@npmjs.com"},"dist":{"shasum":"5236157a51e4f004c177fb3c527ff7dd78f0ef83","tarball":"https://registry.npmjs.org/minimatch/-/minimatch-3.0.0.tgz"},"maintainers":[{"name":"isaacs","email":"i@izs.me"}],"directories":{}}},"maintainers":[{"name":"isaacs","email":"i@izs.me"}],"time":{"modified":"2015-09-27T18:18:59.997Z","created":"2011-07-16T08:52:46.242Z","0.0.1":"2011-07-16T08:52:46.751Z","0.0.2":"2011-07-16T17:57:12.490Z","0.0.4":"2011-07-29T19:13:01.148Z","0.0.5":"2011-12-14T02:32:05.891Z","0.1.1":"2011-12-31T02:22:30.836Z","0.1.2":"2012-01-04T02:28:33.356Z","0.1.3":"2012-01-04T09:14:19.756Z","0.1.4":"2012-01-19T00:14:01.941Z","0.1.5":"2012-02-04T19:32:24.992Z","0.2.0":"2012-02-22T11:04:45.694Z","0.2.2":"2012-03-22T05:22:24.613Z","0.2.3":"2012-03-29T01:37:56.651Z","0.2.4":"2012-03-29T01:48:13.065Z","0.2.5":"2012-06-04T20:57:13.340Z","0.2.6":"2012-08-13T16:42:08.866Z","0.2.7":"2012-10-04T03:49:50.719Z","0.2.8":"2012-10-25T15:24:02.744Z","0.2.9":"2012-10-25T15:34:02.432Z","0.2.10":"2013-02-25T16:21:43.150Z","0.2.11":"2013-02-25T16:23:45.015Z","0.2.12":"2013-04-12T19:28:43.983Z","0.2.13":"2013-12-16T06:02:07.117Z","0.2.14":"2013-12-16T22:01:16.541Z","0.3.0":"2014-05-13T00:47:58.044Z","0.4.0":"2014-07-11T23:25:00.225Z","1.0.0":"2014-07-28T21:29:33.094Z","2.0.0":"2014-12-01T02:12:02.529Z","2.0.1":"2014-12-01T16:30:35.174Z","2.0.2":"2015-03-10T00:34:30.286Z","2.0.3":"2015-03-10T02:03:12.334Z","2.0.4":"2015-03-12T17:34:43.679Z","2.0.5":"2015-04-29T14:37:27.431Z","2.0.6":"2015-04-29T15:25:34.731Z","2.0.7":"2015-04-29T15:43:59.337Z","2.0.8":"2015-05-19T01:38:00.517Z","2.0.9":"2015-07-18T23:03:23.099Z","2.0.10":"2015-07-23T01:51:41.664Z","3.0.0":"2015-09-27T18:18:59.997Z"},"author":{"name":"Isaac Z. Schlueter","email":"i@izs.me","url":"http://blog.izs.me"},"repository":{"type":"git","url":"git://github.com/isaacs/minimatch.git"},"users":{"326060588":true,"tjholowaychuk":true,"thlorenz":true,"fgribreau":true,"jswartwood":true,"ivanvotti":true,"shama":true,"charmander":true,"jpoehls":true,"pid":true,"brianloveswords":true,"darosh":true,"esundahl":true,"jifeng":true,"slang800":true,"mulchkin":true,"tunnckocore":true,"jimnox":true,"kahboom":true,"overra":true,"nickleefly":true,"ajohnstone":true,"coderaiser":true,"zhangyaochun":true,"n370":true,"subchen":true,"phoenix-xsy":true,"yashprit":true,"mysticatea":true,"mjurincic":true,"skenqbx":true,"slang":true,"boom11235":true,"vwal":true,"nicholaslp":true,"draganhr":true,"klap-webdevelopment":true,"javascript":true,"chrisyipw":true,"h0ward":true,"ziflex":true,"monsterkodi":true,"kappuccino":true,"deepakvishwakarma":true,"kekdude":true,"xgheaven":true,"monjer":true,"xieranmaya":true,"kruemelo":true,"shaner":true},"readme":"# minimatch\n\nA minimal matching utility.\n\n[![Build Status](https://secure.travis-ci.org/isaacs/minimatch.png)](http://travis-ci.org/isaacs/minimatch)\n\n\nThis is the matching library used internally by npm.\n\nIt works by converting glob expressions into JavaScript `RegExp`\nobjects.\n\n## Usage\n\n```javascript\nvar minimatch = require(\"minimatch\")\n\nminimatch(\"bar.foo\", \"*.foo\") // true!\nminimatch(\"bar.foo\", \"*.bar\") // false!\nminimatch(\"bar.foo\", \"*.+(bar|foo)\", { debug: true }) // true, and noisy!\n```\n\n## Features\n\nSupports these glob features:\n\n* Brace Expansion\n* Extended glob matching\n* \"Globstar\" `**` matching\n\nSee:\n\n* `man sh`\n* `man bash`\n* `man 3 fnmatch`\n* `man 5 gitignore`\n\n## Minimatch Class\n\nCreate a minimatch object by instanting the `minimatch.Minimatch` class.\n\n```javascript\nvar Minimatch = require(\"minimatch\").Minimatch\nvar mm = new Minimatch(pattern, options)\n```\n\n### Properties\n\n* `pattern` The original pattern the minimatch object represents.\n* `options` The options supplied to the constructor.\n* `set` A 2-dimensional array of regexp or string expressions.\n  Each row in the\n  array corresponds to a brace-expanded pattern.  Each item in the row\n  corresponds to a single path-part.  For example, the pattern\n  `{a,b/c}/d` would expand to a set of patterns like:\n\n        [ [ a, d ]\n        , [ b, c, d ] ]\n\n    If a portion of the pattern doesn't have any \"magic\" in it\n    (that is, it's something like `\"foo\"` rather than `fo*o?`), then it\n    will be left as a string rather than converted to a regular\n    expression.\n\n* `regexp` Created by the `makeRe` method.  A single regular expression\n  expressing the entire pattern.  This is useful in cases where you wish\n  to use the pattern somewhat like `fnmatch(3)` with `FNM_PATH` enabled.\n* `negate` True if the pattern is negated.\n* `comment` True if the pattern is a comment.\n* `empty` True if the pattern is `\"\"`.\n\n### Methods\n\n* `makeRe` Generate the `regexp` member if necessary, and return it.\n  Will return `false` if the pattern is invalid.\n* `match(fname)` Return true if the filename matches the pattern, or\n  false otherwise.\n* `matchOne(fileArray, patternArray, partial)` Take a `/`-split\n  filename, and match it against a single row in the `regExpSet`.  This\n  method is mainly for internal use, but is exposed so that it can be\n  used by a glob-walker that needs to avoid excessive filesystem calls.\n\nAll other methods are internal, and will be called as necessary.\n\n## Functions\n\nThe top-level exported function has a `cache` property, which is an LRU\ncache set to store 100 items.  So, calling these methods repeatedly\nwith the same pattern and options will use the same Minimatch object,\nsaving the cost of parsing it multiple times.\n\n### minimatch(path, pattern, options)\n\nMain export.  Tests a path against the pattern using the options.\n\n```javascript\nvar isJS = minimatch(file, \"*.js\", { matchBase: true })\n```\n\n### minimatch.filter(pattern, options)\n\nReturns a function that tests its\nsupplied argument, suitable for use with `Array.filter`.  Example:\n\n```javascript\nvar javascripts = fileList.filter(minimatch.filter(\"*.js\", {matchBase: true}))\n```\n\n### minimatch.match(list, pattern, options)\n\nMatch against the list of\nfiles, in the style of fnmatch or glob.  If nothing is matched, and\noptions.nonull is set, then return a list containing the pattern itself.\n\n```javascript\nvar javascripts = minimatch.match(fileList, \"*.js\", {matchBase: true}))\n```\n\n### minimatch.makeRe(pattern, options)\n\nMake a regular expression object from the pattern.\n\n## Options\n\nAll options are `false` by default.\n\n### debug\n\nDump a ton of stuff to stderr.\n\n### nobrace\n\nDo not expand `{a,b}` and `{1..3}` brace sets.\n\n### noglobstar\n\nDisable `**` matching against multiple folder names.\n\n### dot\n\nAllow patterns to match filenames starting with a period, even if\nthe pattern does not explicitly have a period in that spot.\n\nNote that by default, `a/**/b` will **not** match `a/.d/b`, unless `dot`\nis set.\n\n### noext\n\nDisable \"extglob\" style patterns like `+(a|b)`.\n\n### nocase\n\nPerform a case-insensitive match.\n\n### nonull\n\nWhen a match is not found by `minimatch.match`, return a list containing\nthe pattern itself if this option is set.  When not set, an empty list\nis returned if there are no matches.\n\n### matchBase\n\nIf set, then patterns without slashes will be matched\nagainst the basename of the path if it contains slashes.  For example,\n`a?b` would match the path `/xyz/123/acb`, but not `/xyz/acb/123`.\n\n### nocomment\n\nSuppress the behavior of treating `#` at the start of a pattern as a\ncomment.\n\n### nonegate\n\nSuppress the behavior of treating a leading `!` character as negation.\n\n### flipNegate\n\nReturns from negate expressions the same as if they were not negated.\n(Ie, true on a hit, false on a miss.)\n\n\n## Comparisons to other fnmatch/glob implementations\n\nWhile strict compliance with the existing standards is a worthwhile\ngoal, some discrepancies exist between minimatch and other\nimplementations, and are intentional.\n\nIf the pattern starts with a `!` character, then it is negated.  Set the\n`nonegate` flag to suppress this behavior, and treat leading `!`\ncharacters normally.  This is perhaps relevant if you wish to start the\npattern with a negative extglob pattern like `!(a|B)`.  Multiple `!`\ncharacters at the start of a pattern will negate the pattern multiple\ntimes.\n\nIf a pattern starts with `#`, then it is treated as a comment, and\nwill not match anything.  Use `\\#` to match a literal `#` at the\nstart of a line, or set the `nocomment` flag to suppress this behavior.\n\nThe double-star character `**` is supported by default, unless the\n`noglobstar` flag is set.  This is supported in the manner of bsdglob\nand bash 4.1, where `**` only has special significance if it is the only\nthing in a path part.  That is, `a/**/b` will match `a/x/y/b`, but\n`a/**b` will not.\n\nIf an escaped pattern has no matches, and the `nonull` flag is set,\nthen minimatch.match returns the pattern as-provided, rather than\ninterpreting the character escapes.  For example,\n`minimatch.match([], \"\\\\*a\\\\?\")` will return `\"\\\\*a\\\\?\"` rather than\n`\"*a?\"`.  This is akin to setting the `nullglob` option in bash, except\nthat it does not resolve escaped pattern characters.\n\nIf brace expansion is not disabled, then it is performed before any\nother interpretation of the glob pattern.  Thus, a pattern like\n`+(a|{b),c)}`, which would not be valid in bash or zsh, is expanded\n**first** into the set of `+(a|b)` and `+(a|c)`, and those patterns are\nchecked for validity.  Since those two are valid, matching proceeds.\n","homepage":"https://github.com/isaacs/minimatch#readme","bugs":{"url":"https://github.com/isaacs/minimatch/issues"},"license":"ISC","readmeFilename":"README.md","_attachments":{},"_etag":"\"DFZODLEATQAZ2N0BZOZDSZYIR\""}