{"_id":"ansi-to-html","_rev":"20-2a38142924e3b1b6019e535659ee7f03","name":"ansi-to-html","description":"Convert ansi escaped text streams to html.","dist-tags":{"latest":"0.4.1"},"versions":{"0.1.0":{"name":"ansi-to-html","version":"0.1.0","description":"Convert ansi escaped text streams to html.","main":"lib/ansi_to_html.js","scripts":{"test":"grunt mocha"},"repository":{"type":"git","url":"https://github.com/rburns/ansi-to-html.git"},"bugs":{"url":"https://github.com/rburns/ansi-to-html/issues"},"keywords":["ansi","html"],"author":{"name":"Rob Burns","email":"rburns@paiges.net","url":"http://rburns.paiges.net/"},"license":{"type":"MIT","url":"http://github.com/rburns/ansi-to-html/blob/master/LICENSE"},"devDependencies":{"grunt-simple-mocha":"~0.1.2","grunt-coffee":"0.0.6","grunt-growl":"~0.1.2","mocha":"~1.4.2","chai":"~1.2.0"},"_id":"ansi-to-html@0.1.0","dist":{"shasum":"9517e450c48055a0439c474a6a6192091752ad7c","tarball":"https://registry.npmjs.org/ansi-to-html/-/ansi-to-html-0.1.0.tgz"},"maintainers":[{"name":"rburns","email":"rburns@paiges.net"}],"directories":{}},"0.1.1":{"name":"ansi-to-html","version":"0.1.1","description":"Convert ansi escaped text streams to html.","main":"lib/ansi_to_html.js","scripts":{"test":"grunt mocha"},"repository":{"type":"git","url":"https://github.com/rburns/ansi-to-html.git"},"bugs":{"url":"https://github.com/rburns/ansi-to-html/issues"},"keywords":["ansi","html"],"author":{"name":"Rob Burns","email":"rburns@paiges.net","url":"http://rburns.paiges.net/"},"license":{"type":"MIT","url":"http://github.com/rburns/ansi-to-html/blob/master/LICENSE"},"devDependencies":{"grunt-simple-mocha":"~0.1.2","grunt-coffee":"0.0.6","grunt-growl":"~0.1.2","mocha":"~1.4.2","chai":"~1.2.0"},"_id":"ansi-to-html@0.1.1","dist":{"shasum":"ed3fb7f56cc46934bfe5968ac30e50a838aa6e1c","tarball":"https://registry.npmjs.org/ansi-to-html/-/ansi-to-html-0.1.1.tgz"},"maintainers":[{"name":"rburns","email":"rburns@paiges.net"}],"directories":{}},"0.2.0":{"name":"ansi-to-html","version":"0.2.0","description":"Convert ansi escaped text streams to html.","main":"lib/ansi_to_html.js","scripts":{"test":"grunt mocha"},"repository":{"type":"git","url":"https://github.com/rburns/ansi-to-html.git"},"bugs":{"url":"https://github.com/rburns/ansi-to-html/issues"},"keywords":["ansi","html"],"author":{"name":"Rob Burns","email":"rburns@paiges.net","url":"http://rburns.paiges.net/"},"contributors":[{"name":"Michael","email":"michael@riesd.com"}],"license":{"type":"MIT","url":"http://github.com/rburns/ansi-to-html/blob/master/LICENSE"},"devDependencies":{"chai":"~1.2.0","grunt":"~0.4.1","grunt-contrib-coffee":"^0.10.1","grunt-contrib-watch":"~0.3.1","grunt-simple-mocha":"~0.4.0"},"dependencies":{"entities":"^1.1.1"},"homepage":"https://github.com/rburns/ansi-to-html","_id":"ansi-to-html@0.2.0","dist":{"shasum":"19219ace4b02373116030060947a1faf52deb373","tarball":"https://registry.npmjs.org/ansi-to-html/-/ansi-to-html-0.2.0.tgz"},"_from":".","_npmVersion":"1.4.6","_npmUser":{"name":"rburns","email":"rburns@paiges.net"},"maintainers":[{"name":"rburns","email":"rburns@paiges.net"}],"directories":{}},"0.2.1":{"name":"ansi-to-html","version":"0.2.1","description":"Convert ansi escaped text streams to html.","main":"lib/ansi_to_html.js","scripts":{"test":"grunt simplemocha"},"repository":{"type":"git","url":"https://github.com/rburns/ansi-to-html.git"},"bugs":{"url":"https://github.com/rburns/ansi-to-html/issues"},"keywords":["ansi","html"],"author":{"name":"Rob Burns","email":"rburns@paiges.net","url":"http://rburns.paiges.net/"},"contributors":[{"name":"Michael","email":"michael@riesd.com"},{"name":"Yoram Grahame","email":"yoz@yoz.com"}],"license":{"type":"MIT","url":"http://github.com/rburns/ansi-to-html/blob/master/LICENSE"},"devDependencies":{"chai":"~1.2.0","grunt":"~0.4.1","grunt-contrib-coffee":"^0.10.1","grunt-contrib-watch":"~0.3.1","grunt-simple-mocha":"~0.4.0"},"dependencies":{"entities":"^1.1.1"},"homepage":"https://github.com/rburns/ansi-to-html","_id":"ansi-to-html@0.2.1","dist":{"shasum":"d3ab62b393ca89d366f5d7c0e77bde1e04a84d43","tarball":"https://registry.npmjs.org/ansi-to-html/-/ansi-to-html-0.2.1.tgz"},"_from":".","_npmVersion":"1.4.6","_npmUser":{"name":"rburns","email":"rburns@paiges.net"},"maintainers":[{"name":"rburns","email":"rburns@paiges.net"}],"directories":{}},"0.3.0":{"name":"ansi-to-html","version":"0.3.0","description":"Convert ansi escaped text streams to html.","main":"lib/ansi_to_html.js","scripts":{"test":"grunt simplemocha"},"repository":{"type":"git","url":"https://github.com/rburns/ansi-to-html.git"},"bugs":{"url":"https://github.com/rburns/ansi-to-html/issues"},"keywords":["ansi","html"],"author":{"name":"Rob Burns","email":"rburns@paiges.net","url":"http://rburns.paiges.net/"},"contributors":[{"name":"Michael","email":"michael@riesd.com"},{"name":"Yoram Grahame","email":"yoz@yoz.com"}],"license":{"type":"MIT","url":"http://github.com/rburns/ansi-to-html/blob/master/LICENSE"},"devDependencies":{"chai":"~1.2.0","grunt":"~0.4.1","grunt-contrib-coffee":"^0.10.1","grunt-contrib-watch":"~0.3.1","grunt-simple-mocha":"~0.4.0"},"dependencies":{"entities":"^1.1.1"},"homepage":"https://github.com/rburns/ansi-to-html","_id":"ansi-to-html@0.3.0","dist":{"shasum":"233cbe5cb3cf3126f64326fabfbe6c1f4854809f","tarball":"https://registry.npmjs.org/ansi-to-html/-/ansi-to-html-0.3.0.tgz"},"_from":".","_npmVersion":"1.4.6","_npmUser":{"name":"rburns","email":"rburns@paiges.net"},"maintainers":[{"name":"rburns","email":"rburns@paiges.net"}],"directories":{}},"0.4.0":{"name":"ansi-to-html","version":"0.4.0","description":"Convert ansi escaped text streams to html.","main":"lib/ansi_to_html.js","scripts":{"test":"grunt simplemocha"},"repository":{"type":"git","url":"git+https://github.com/rburns/ansi-to-html.git"},"bugs":{"url":"https://github.com/rburns/ansi-to-html/issues"},"keywords":["ansi","html"],"author":{"name":"Rob Burns","email":"rburns@paiges.net","url":"http://rburns.paiges.net/"},"contributors":[{"name":"Michael","email":"michael@riesd.com"},{"name":"Thorsten Kohnhorst","email":"monsterkodi@gmx.net"},{"name":"Yoram Grahame","email":"yoz@yoz.com"}],"license":"MIT","devDependencies":{"chai":"~3.5.0","grunt":"~0.4.5","grunt-contrib-coffee":"^0.13.0","grunt-contrib-watch":"~0.6.1","grunt-simple-mocha":"~0.4.1"},"dependencies":{"entities":"^1.1.1","karg":"^0.2.1"},"bin":{"ansi-to-html":"./bin/ansi-to-html"},"gitHead":"ec5907cb66d3a9044cee14c0793eec8f6e525c77","homepage":"https://github.com/rburns/ansi-to-html#readme","_id":"ansi-to-html@0.4.0","_shasum":"6e398c310617fcd9731500142d5d1a453a113718","_from":".","_npmVersion":"2.11.3","_nodeVersion":"0.12.7","_npmUser":{"name":"rburns","email":"rburns@paiges.net"},"dist":{"shasum":"6e398c310617fcd9731500142d5d1a453a113718","tarball":"https://registry.npmjs.org/ansi-to-html/-/ansi-to-html-0.4.0.tgz"},"maintainers":[{"name":"rburns","email":"rburns@paiges.net"}],"_npmOperationalInternal":{"host":"packages-9-west.internal.npmjs.com","tmp":"tmp/ansi-to-html-0.4.0.tgz_1456455636808_0.5195359003264457"},"directories":{}},"0.4.1":{"name":"ansi-to-html","version":"0.4.1","description":"Convert ansi escaped text streams to html.","main":"lib/ansi_to_html.js","engines":{"node":"*"},"scripts":{"test":"grunt simplemocha"},"repository":{"type":"git","url":"git+https://github.com/rburns/ansi-to-html.git"},"bugs":{"url":"https://github.com/rburns/ansi-to-html/issues"},"keywords":["ansi","html"],"author":{"name":"Rob Burns","email":"rburns@paiges.net","url":"http://rburns.paiges.net/"},"contributors":[{"name":"Michael","email":"michael@riesd.com"},{"name":"Thorsten Kohnhorst","email":"monsterkodi@gmx.net"},{"name":"Yoram Grahame","email":"yoz@yoz.com"}],"license":"MIT","devDependencies":{"chai":"~3.5.0","grunt":"~0.4.5","grunt-contrib-coffee":"^0.13.0","grunt-contrib-watch":"~0.6.1","grunt-simple-mocha":"~0.4.1"},"dependencies":{"entities":"^1.1.1","karg":"^1.0.4"},"bin":{"ansi-to-html":"./bin/ansi-to-html"},"gitHead":"7d34444cb45eb53253b2e119a36c95ccf4410684","homepage":"https://github.com/rburns/ansi-to-html#readme","_id":"ansi-to-html@0.4.1","_shasum":"2df22cb5ddeb2a1da5250514591442dd9de52289","_from":".","_npmVersion":"2.11.3","_nodeVersion":"0.12.7","_npmUser":{"name":"rburns","email":"rburns@paiges.net"},"dist":{"shasum":"2df22cb5ddeb2a1da5250514591442dd9de52289","tarball":"https://registry.npmjs.org/ansi-to-html/-/ansi-to-html-0.4.1.tgz"},"maintainers":[{"name":"rburns","email":"rburns@paiges.net"}],"_npmOperationalInternal":{"host":"packages-6-west.internal.npmjs.com","tmp":"tmp/ansi-to-html-0.4.1.tgz_1456587048716_0.4716067148838192"},"directories":{}}},"readme":"## Ansi to Html\n\n![](https://img.shields.io/npm/v/ansi-to-html.svg) ![](https://img.shields.io/npm/dm/ansi-to-html.svg) ![](https://img.shields.io/travis/rburns/ansi-to-html.svg)\n\nThis is a port of the ansi to html converter from [bcat](https://github.com/rtomayko/bcat/blob/master/lib/bcat/ansi.rb) to Javascript.\n\nIt has a few additions:\n\n* The API has been altered to accept options in the constructor, and input in <code>toHtml()</code>.\n* ANSI codes for setting the foreground or background color to default are handled\n* the 'erase in line' escape code (\\x1b[K) is dropped from the output.\n\n## Installation\n\n\tnpm install ansi-to-html\n\n## Usage\n\n\tvar Convert = require('ansi-to-html');\n\tvar convert = new Convert();\n\n\tconsole.log(convert.toHtml('\\x1b[30mblack\\x1b[37mwhite'));\n\n\t/*\n\t\tprints:\n\t\t<span style=\"color:#000\">black<span style=\"color:#AAA\">white</span></span>\n\t*/\n\n## Command line usage\n\nProcess a file:\n\n```bash\nansi-to-html the_filename\n```\n\nFrom STDIN:\n\n```bash\ngit log | ansi-to-html\n```\n\nWhen using ansi-to-html from the command line the stream option is set to `true`. Other options can\nbe provided. See `ansi-to-html -h` for more detail.\n\n## Options\n\nOptions can be be passed to the constructor to customize behaviour.\n\n**fg** <code>CSS color values</code> The default foreground color used when reset color codes are encountered.\n\n**bg** <code>CSS color values</code> The default background color used when reset color codes are encountered.\n\n**newline** <code>true or false</code> Convert newline characters to <code>&lt;br/&gt;</code>.\n\n**escapeXML** <code>true or false</code> Generate HTML/XML entities.\n\n**stream** <code>true or false</code> save style state across invocations of toHtml().\n\n### Default options\n\n```coffee\nfg: '#FFF'\nbg: '#000'\nnewline: false\nescapeXML: false\nstream: false\n```\n\n## Development\n\n[![](http://issuestats.com/github/rburns/ansi-to-html/badge/issue?style=flat)](http://issuestats.com/github/rburns/ansi-to-html)\n[![](http://issuestats.com/github/rburns/ansi-to-html/badge/pr?style=flat)](http://issuestats.com/github/rburns/ansi-to-html)\n\nOnce you have the git repository cloned, install the dependencies:\n\n\tcd ansi-to-html\n\tnpm install\n\nIf you don't have it already, install the grunt command-line tool:\n\n\tnpm install -g grunt-cli\n\nBuild and test\n\n\tgrunt\n\nAll the time\n\n\tgrunt watch\n\nOr separately\n\n\tgrunt coffee\n\tgrunt simplemocha  # or npm test\n","maintainers":[{"name":"rburns","email":"rburns@paiges.net"}],"time":{"modified":"2016-02-27T15:30:49.783Z","created":"2012-09-16T04:02:07.811Z","0.1.0":"2012-09-16T04:02:12.606Z","0.1.1":"2013-01-06T13:11:49.410Z","0.2.0":"2014-05-24T05:37:49.981Z","0.2.1":"2014-10-26T15:00:01.752Z","0.3.0":"2014-12-07T09:24:09.880Z","0.4.0":"2016-02-26T03:00:37.767Z","0.4.1":"2016-02-27T15:30:49.783Z"},"author":{"name":"Rob Burns","email":"rburns@paiges.net","url":"http://rburns.paiges.net/"},"repository":{"type":"git","url":"git+https://github.com/rburns/ansi-to-html.git"},"users":{"regality":true,"goliatone":true,"sahilsk":true,"diwank":true,"itonyyo":true,"monsterkodi":true,"hypnoglow":true},"homepage":"https://github.com/rburns/ansi-to-html#readme","keywords":["ansi","html"],"contributors":[{"name":"Michael","email":"michael@riesd.com"},{"name":"Thorsten Kohnhorst","email":"monsterkodi@gmx.net"},{"name":"Yoram Grahame","email":"yoz@yoz.com"}],"bugs":{"url":"https://github.com/rburns/ansi-to-html/issues"},"license":"MIT","readmeFilename":"README.md","_attachments":{},"_etag":"\"ENXR033CY5C51JC3R8US67W6T\""}