{"_id":"lower-case","_rev":"17-ff17d77ed10ea11f5aa9abfc712ac5a6","name":"lower-case","description":"Lowercase a string","dist-tags":{"latest":"1.1.3"},"versions":{"0.0.0":{"name":"lower-case","version":"0.0.0","description":"Lower case a string","main":"lower-case.js","scripts":{"test":"istanbul cover _mocha -- -R spec"},"repository":{"type":"git","url":"git://github.com/blakeembrey/lower-case.git"},"keywords":["lowercase","case"],"author":{"name":"Blake Embrey"},"license":"MIT","bugs":{"url":"https://github.com/blakeembrey/lower-case/issues"},"homepage":"https://github.com/blakeembrey/lower-case","devDependencies":{"mocha":"~1.17.1","istanbul":"~0.2.4"},"_id":"lower-case@0.0.0","dist":{"shasum":"97627360ab6de950c98f2fad5184c1ee0b46734b","tarball":"https://registry.npmjs.org/lower-case/-/lower-case-0.0.0.tgz"},"_from":".","_npmVersion":"1.4.2","_npmUser":{"name":"blakeembrey","email":"hello@blakeembrey.com"},"maintainers":[{"name":"blakeembrey","email":"hello@blakeembrey.com"}],"directories":{}},"0.0.1":{"name":"lower-case","version":"0.0.1","description":"Lowercase a string","main":"lower-case.js","scripts":{"test":"istanbul cover _mocha -- -R spec"},"repository":{"type":"git","url":"git://github.com/blakeembrey/lower-case.git"},"keywords":["cases","lower","lowercase","case"],"author":{"name":"Blake Embrey"},"license":"MIT","bugs":{"url":"https://github.com/blakeembrey/lower-case/issues"},"homepage":"https://github.com/blakeembrey/lower-case","devDependencies":{"mocha":"~1.17.1","istanbul":"~0.2.4"},"_id":"lower-case@0.0.1","dist":{"shasum":"bfb13fa900b4d49b9cd7908cc37bf4f68e51374c","tarball":"https://registry.npmjs.org/lower-case/-/lower-case-0.0.1.tgz"},"_from":".","_npmVersion":"1.4.2","_npmUser":{"name":"blakeembrey","email":"hello@blakeembrey.com"},"maintainers":[{"name":"blakeembrey","email":"hello@blakeembrey.com"}],"directories":{}},"1.0.0":{"name":"lower-case","version":"1.0.0","description":"Lowercase a string","main":"lower-case.js","scripts":{"test":"istanbul cover _mocha -- -R spec"},"repository":{"type":"git","url":"git://github.com/blakeembrey/lower-case.git"},"keywords":["cases","lower","lowercase","case"],"author":{"name":"Blake Embrey","email":"hello@blakeembrey.com","url":"http://blakeembrey.me"},"license":"MIT","bugs":{"url":"https://github.com/blakeembrey/lower-case/issues"},"homepage":"https://github.com/blakeembrey/lower-case","devDependencies":{"istanbul":"^0.3.0","mocha":"^1.21.4"},"gitHead":"87f548f57d6ac2fe41bc3c85a191a1f443c7a269","_id":"lower-case@1.0.0","_shasum":"79c98efe2c41583b6d0b6086fbc4d10da89d7ded","_from":".","_npmVersion":"1.4.14","_npmUser":{"name":"blakeembrey","email":"hello@blakeembrey.com"},"maintainers":[{"name":"blakeembrey","email":"hello@blakeembrey.com"}],"dist":{"shasum":"79c98efe2c41583b6d0b6086fbc4d10da89d7ded","tarball":"https://registry.npmjs.org/lower-case/-/lower-case-1.0.0.tgz"},"directories":{}},"1.0.1":{"name":"lower-case","version":"1.0.1","description":"Lowercase a string","main":"lower-case.js","scripts":{"test":"istanbul cover _mocha -- -R spec"},"repository":{"type":"git","url":"git://github.com/blakeembrey/lower-case.git"},"keywords":["cases","lower","lowercase","case"],"author":{"name":"Blake Embrey","email":"hello@blakeembrey.com","url":"http://blakeembrey.me"},"license":"MIT","bugs":{"url":"https://github.com/blakeembrey/lower-case/issues"},"homepage":"https://github.com/blakeembrey/lower-case","devDependencies":{"istanbul":"^0.3.0","mocha":"^1.21.4"},"gitHead":"8df90f2a4d9102d33330b57c3a22b717d679bce9","_id":"lower-case@1.0.1","_shasum":"fb2fe40dd0aa9ac4c893a4dc2be748388f9c148b","_from":".","_npmVersion":"1.4.14","_npmUser":{"name":"blakeembrey","email":"hello@blakeembrey.com"},"maintainers":[{"name":"blakeembrey","email":"hello@blakeembrey.com"}],"dist":{"shasum":"fb2fe40dd0aa9ac4c893a4dc2be748388f9c148b","tarball":"https://registry.npmjs.org/lower-case/-/lower-case-1.0.1.tgz"},"directories":{}},"1.0.2":{"name":"lower-case","version":"1.0.2","description":"Lowercase a string","main":"lower-case.js","scripts":{"test":"istanbul cover _mocha -- -R spec"},"repository":{"type":"git","url":"git://github.com/blakeembrey/lower-case.git"},"keywords":["cases","lower","lowercase","case"],"author":{"name":"Blake Embrey","email":"hello@blakeembrey.com","url":"http://blakeembrey.me"},"license":"MIT","bugs":{"url":"https://github.com/blakeembrey/lower-case/issues"},"homepage":"https://github.com/blakeembrey/lower-case","devDependencies":{"istanbul":"^0.3.0","mocha":"^1.21.4"},"gitHead":"cc03d8f307aaa881b641c2311016050aaae7ac7d","_id":"lower-case@1.0.2","_shasum":"9698c23435cc915ca64abf770492d7a8379d80f1","_from":".","_npmVersion":"1.4.14","_npmUser":{"name":"blakeembrey","email":"hello@blakeembrey.com"},"maintainers":[{"name":"blakeembrey","email":"hello@blakeembrey.com"}],"dist":{"shasum":"9698c23435cc915ca64abf770492d7a8379d80f1","tarball":"https://registry.npmjs.org/lower-case/-/lower-case-1.0.2.tgz"},"directories":{}},"1.1.0":{"name":"lower-case","version":"1.1.0","description":"Lowercase a string","main":"lower-case.js","scripts":{"test":"istanbul cover _mocha -- -R spec"},"repository":{"type":"git","url":"git://github.com/blakeembrey/lower-case.git"},"keywords":["cases","lower","lowercase","case"],"author":{"name":"Blake Embrey","email":"hello@blakeembrey.com","url":"http://blakeembrey.me"},"license":"MIT","bugs":{"url":"https://github.com/blakeembrey/lower-case/issues"},"homepage":"https://github.com/blakeembrey/lower-case","devDependencies":{"istanbul":"^0.3.0","mocha":"^1.21.4","pre-commit":"0.0.9"},"gitHead":"d260a7eac754498930d06348577a0975641219f3","_id":"lower-case@1.1.0","_shasum":"34c837677554634f605a3f18ae668031e184f84f","_from":".","_npmVersion":"2.1.17","_nodeVersion":"0.11.14","_npmUser":{"name":"blakeembrey","email":"hello@blakeembrey.com"},"maintainers":[{"name":"blakeembrey","email":"hello@blakeembrey.com"}],"dist":{"shasum":"34c837677554634f605a3f18ae668031e184f84f","tarball":"https://registry.npmjs.org/lower-case/-/lower-case-1.1.0.tgz"},"directories":{}},"1.1.1":{"name":"lower-case","version":"1.1.1","description":"Lowercase a string","main":"lower-case.js","files":["lower-case.js","LICENSE"],"scripts":{"test":"istanbul cover _mocha -- -R spec"},"repository":{"type":"git","url":"git://github.com/blakeembrey/lower-case.git"},"keywords":["cases","lower","lowercase","case"],"author":{"name":"Blake Embrey","email":"hello@blakeembrey.com","url":"http://blakeembrey.me"},"license":"MIT","bugs":{"url":"https://github.com/blakeembrey/lower-case/issues"},"homepage":"https://github.com/blakeembrey/lower-case","devDependencies":{"istanbul":"^0.3.0","mocha":"^1.21.4","pre-commit":"0.0.9"},"gitHead":"fa7da75e603fe82cca38d8fc5f62f981afc5dd76","_id":"lower-case@1.1.1","_shasum":"f15609ef3e80911f0f01626264418f117f83b784","_from":".","_npmVersion":"2.1.17","_nodeVersion":"0.11.14","_npmUser":{"name":"blakeembrey","email":"hello@blakeembrey.com"},"maintainers":[{"name":"blakeembrey","email":"hello@blakeembrey.com"}],"dist":{"shasum":"f15609ef3e80911f0f01626264418f117f83b784","tarball":"https://registry.npmjs.org/lower-case/-/lower-case-1.1.1.tgz"},"directories":{}},"1.1.2":{"name":"lower-case","version":"1.1.2","description":"Lowercase a string","main":"lower-case.js","files":["lower-case.js","LICENSE"],"scripts":{"lint":"standard","test-std":"mocha -- -R spec --bail","test-cov":"istanbul cover node_modules/mocha/bin/_mocha -- -R spec --bail","test":"npm run lint && npm run test-cov"},"standard":{"ignore":["coverage/**","node_modules/**","bower_components/**"]},"repository":{"type":"git","url":"git://github.com/blakeembrey/lower-case.git"},"keywords":["cases","lower","lowercase","case"],"author":{"name":"Blake Embrey","email":"hello@blakeembrey.com","url":"http://blakeembrey.me"},"license":"MIT","bugs":{"url":"https://github.com/blakeembrey/lower-case/issues"},"homepage":"https://github.com/blakeembrey/lower-case","devDependencies":{"istanbul":"^0.3.5","mocha":"^2.1.0","pre-commit":"^1.0.2","standard":"^2.4.5"},"dependencies":{},"gitHead":"db2b92165091ba519cc2b13ba96dae3b1ef03216","_id":"lower-case@1.1.2","_shasum":"02568a47559492fbe0a59e385ed494833ce8ca8a","_from":".","_npmVersion":"2.5.1","_nodeVersion":"0.12.0","_npmUser":{"name":"blakeembrey","email":"hello@blakeembrey.com"},"maintainers":[{"name":"blakeembrey","email":"hello@blakeembrey.com"}],"dist":{"shasum":"02568a47559492fbe0a59e385ed494833ce8ca8a","tarball":"https://registry.npmjs.org/lower-case/-/lower-case-1.1.2.tgz"},"directories":{}},"1.1.3":{"name":"lower-case","version":"1.1.3","description":"Lowercase a string","main":"lower-case.js","typings":"lower-case.d.ts","files":["lower-case.js","lower-case.d.ts","LICENSE"],"scripts":{"lint":"standard","test-std":"mocha -- -R spec --bail","test-cov":"istanbul cover node_modules/mocha/bin/_mocha -- -R spec --bail","test":"npm run lint && npm run test-cov"},"standard":{"ignore":["coverage/**","node_modules/**","bower_components/**"]},"repository":{"type":"git","url":"git://github.com/blakeembrey/lower-case.git"},"keywords":["cases","lower","lowercase","case"],"author":{"name":"Blake Embrey","email":"hello@blakeembrey.com","url":"http://blakeembrey.me"},"license":"MIT","bugs":{"url":"https://github.com/blakeembrey/lower-case/issues"},"homepage":"https://github.com/blakeembrey/lower-case","devDependencies":{"istanbul":"^0.3.5","mocha":"^2.1.0","pre-commit":"^1.0.2","standard":"^2.4.5"},"dependencies":{},"gitHead":"eea14afbff76859fc936cc5524796cbcf4964055","_id":"lower-case@1.1.3","_shasum":"c92393d976793eee5ba4edb583cf8eae35bd9bfb","_from":".","_npmVersion":"3.3.12","_nodeVersion":"5.2.0","_npmUser":{"name":"blakeembrey","email":"hello@blakeembrey.com"},"dist":{"shasum":"c92393d976793eee5ba4edb583cf8eae35bd9bfb","tarball":"https://registry.npmjs.org/lower-case/-/lower-case-1.1.3.tgz"},"maintainers":[{"name":"blakeembrey","email":"hello@blakeembrey.com"}],"directories":{}}},"readme":"# Lower Case\n\n[![NPM version][npm-image]][npm-url]\n[![NPM downloads][downloads-image]][downloads-url]\n[![Build status][travis-image]][travis-url]\n[![Test coverage][coveralls-image]][coveralls-url]\n\nLower case a string.\n\nSupports Unicode (non-ASCII characters) and non-string entities, such as objects with a `toString` property, numbers and booleans. Empty values (`null` and `undefined`) will result in an empty string.\n\n## Installation\n\n```\nnpm install lower-case --save\n```\n\n## Usage\n\n```js\nvar lowerCase = require('lower-case')\n\nlowerCase(null)           //=> \"\"\nlowerCase('STRING')       //=> \"string\"\nlowerCase('STRING', 'tr') //=> \"strıng\"\n\nupperCase({ toString: function () { return 'TEST' } }) //=> \"test\"\n```\n\n## Typings\n\nIncludes a [TypeScript definition](lower-case.d.ts).\n\n## License\n\nMIT\n\n[npm-image]: https://img.shields.io/npm/v/lower-case.svg?style=flat\n[npm-url]: https://npmjs.org/package/lower-case\n[downloads-image]: https://img.shields.io/npm/dm/lower-case.svg?style=flat\n[downloads-url]: https://npmjs.org/package/lower-case\n[travis-image]: https://img.shields.io/travis/blakeembrey/lower-case.svg?style=flat\n[travis-url]: https://travis-ci.org/blakeembrey/lower-case\n[coveralls-image]: https://img.shields.io/coveralls/blakeembrey/lower-case.svg?style=flat\n[coveralls-url]: https://coveralls.io/r/blakeembrey/lower-case?branch=master\n","maintainers":[{"name":"blakeembrey","email":"hello@blakeembrey.com"}],"time":{"modified":"2015-12-15T23:58:29.690Z","created":"2014-02-25T23:10:07.614Z","0.0.0":"2014-02-25T23:10:07.614Z","0.0.1":"2014-02-26T02:02:54.274Z","1.0.0":"2014-08-17T18:56:10.925Z","1.0.1":"2014-08-17T20:32:59.011Z","1.0.2":"2014-08-17T21:01:11.233Z","1.1.0":"2015-01-12T03:55:15.069Z","1.1.1":"2015-01-12T07:49:40.147Z","1.1.2":"2015-02-08T07:53:27.512Z","1.1.3":"2015-12-15T23:58:29.690Z"},"homepage":"https://github.com/blakeembrey/lower-case","keywords":["cases","lower","lowercase","case"],"repository":{"type":"git","url":"git://github.com/blakeembrey/lower-case.git"},"author":{"name":"Blake Embrey","email":"hello@blakeembrey.com","url":"http://blakeembrey.me"},"bugs":{"url":"https://github.com/blakeembrey/lower-case/issues"},"license":"MIT","readmeFilename":"README.md","_attachments":{},"_etag":"\"D18D6C4ZI9Y363A3R76W8TEWP\""}