{"_id":"netmask","_rev":"18-47c008d26905a2c1f527e7544690191e","name":"netmask","description":"Parse and lookup IP network blocks","dist-tags":{"latest":"1.0.5"},"versions":{"0.0.0":{"author":{"name":"Olivier Poitrey","email":"rs@dailymotion.com"},"name":"netmask","description":"Parse and lookup IP network blocks","version":"0.0.0","homepage":"https://github.com/rs/node-netmask","bugs":{"name":"https://github.com/rs/node-netmask/issues"},"license":"MIT","repository":{"type":"git","url":"git://github.com/rs/node-netmask.git"},"keywords":["net","mask","ip","network","cidr","netmask","subnet","ipcalc"],"main":"./lib/netmask","scripts":{"test":"vows --spec test/*"},"engines":{"node":"~0.6.13"},"dependencies":{"coffee-script":"1.2.0"},"devDependencies":{"vows":"*"},"_npmUser":{"name":"rs","email":"rs@dailymotion.com"},"_id":"netmask@0.0.0","_engineSupported":true,"_npmVersion":"1.1.0-beta-9","_nodeVersion":"v0.6.13","_defaultsLoaded":true,"dist":{"shasum":"ab5cd685cd276ea3adca3966d622437d12475014","tarball":"https://registry.npmjs.org/netmask/-/netmask-0.0.0.tgz"},"maintainers":[{"name":"rs","email":"rs@dailymotion.com"}],"directories":{}},"0.0.1":{"author":{"name":"Olivier Poitrey","email":"rs@dailymotion.com"},"name":"netmask","description":"Parse and lookup IP network blocks","version":"0.0.1","homepage":"https://github.com/rs/node-netmask","bugs":{"name":"https://github.com/rs/node-netmask/issues"},"license":"MIT","repository":{"type":"git","url":"git://github.com/rs/node-netmask.git"},"keywords":["net","mask","ip","network","cidr","netmask","subnet","ipcalc"],"main":"./lib/netmask","scripts":{"prepublish":"coffee -c lib/*.coffee","test":"vows --spec test/*"},"engines":{"node":"~0.6.13"},"dependencies":{"coffee-script":"1.2.0"},"devDependencies":{"vows":"*"},"_npmUser":{"name":"rs","email":"rs@dailymotion.com"},"_id":"netmask@0.0.1","_engineSupported":true,"_npmVersion":"1.1.0-beta-9","_nodeVersion":"v0.6.13","_defaultsLoaded":true,"dist":{"shasum":"669a4ed5fc26804e9a89d1fb6b4fb4a2fe28de27","tarball":"https://registry.npmjs.org/netmask/-/netmask-0.0.1.tgz"},"maintainers":[{"name":"rs","email":"rs@dailymotion.com"}],"directories":{}},"0.0.2":{"author":{"name":"Olivier Poitrey","email":"rs@dailymotion.com"},"name":"netmask","description":"Parse and lookup IP network blocks","version":"0.0.2","homepage":"https://github.com/rs/node-netmask","bugs":{"name":"https://github.com/rs/node-netmask/issues"},"license":"MIT","repository":{"type":"git","url":"git://github.com/rs/node-netmask.git"},"keywords":["net","mask","ip","network","cidr","netmask","subnet","ipcalc"],"main":"./lib/netmask","scripts":{"prepublish":"coffee -c lib/*.coffee","test":"vows --spec test/*"},"engines":{"node":">= 0.4.0"},"dependencies":{"coffee-script":"1.2.0"},"devDependencies":{"vows":"*"},"_npmUser":{"name":"rs","email":"rs@dailymotion.com"},"_id":"netmask@0.0.2","_engineSupported":true,"_npmVersion":"1.1.0-beta-9","_nodeVersion":"v0.6.17","_defaultsLoaded":true,"dist":{"shasum":"91e09b8e883f16d147485db48ecdfffcc718c8e2","tarball":"https://registry.npmjs.org/netmask/-/netmask-0.0.2.tgz"},"maintainers":[{"name":"rs","email":"rs@dailymotion.com"}],"directories":{}},"1.0.3":{"author":{"name":"Olivier Poitrey","email":"rs@dailymotion.com"},"name":"netmask","description":"Parse and lookup IP network blocks","version":"1.0.3","homepage":"https://github.com/rs/node-netmask","bugs":{"url":"https://github.com/rs/node-netmask/issues"},"license":"MIT","repository":{"type":"git","url":"git://github.com/rs/node-netmask.git"},"keywords":["net","mask","ip","network","cidr","netmask","subnet","ipcalc"],"main":"./lib/netmask","scripts":{"prepublish":"coffee -c lib/*.coffee","test":"vows --spec test/*"},"engines":{"node":">= 0.4.0"},"dependencies":{"coffee-script":"1.2.0"},"devDependencies":{"vows":"*"},"_id":"netmask@1.0.3","dist":{"shasum":"96316d06069a5540f25cfb59bfed80c521f360f4","tarball":"https://registry.npmjs.org/netmask/-/netmask-1.0.3.tgz"},"_from":".","_npmVersion":"1.3.5","_npmUser":{"name":"rs","email":"rs@dailymotion.com"},"maintainers":[{"name":"rs","email":"rs@dailymotion.com"}],"directories":{}},"1.0.4":{"author":{"name":"Olivier Poitrey","email":"rs@dailymotion.com"},"name":"netmask","description":"Parse and lookup IP network blocks","version":"1.0.4","homepage":"https://github.com/rs/node-netmask","bugs":{"url":"https://github.com/rs/node-netmask/issues"},"license":"MIT","repository":{"type":"git","url":"git://github.com/rs/node-netmask.git"},"keywords":["net","mask","ip","network","cidr","netmask","subnet","ipcalc"],"main":"./lib/netmask","scripts":{"prepublish":"coffee -c lib/*.coffee","test":"vows --spec test/*"},"engines":{"node":">= 0.4.0"},"devDependencies":{"coffee-script":"1.2.0","vows":"*"},"_id":"netmask@1.0.4","dist":{"shasum":"c44a1ad93259d5b43ac5a940ed7cbb670c6e2907","tarball":"https://registry.npmjs.org/netmask/-/netmask-1.0.4.tgz"},"_from":".","_npmVersion":"1.3.5","_npmUser":{"name":"rs","email":"rs@dailymotion.com"},"maintainers":[{"name":"rs","email":"rs@dailymotion.com"}],"directories":{}},"1.0.5":{"author":{"name":"Olivier Poitrey","email":"rs@dailymotion.com"},"name":"netmask","description":"Parse and lookup IP network blocks","version":"1.0.5","homepage":"https://github.com/rs/node-netmask","bugs":{"url":"https://github.com/rs/node-netmask/issues"},"license":"MIT","repository":{"type":"git","url":"git://github.com/rs/node-netmask.git"},"keywords":["net","mask","ip","network","cidr","netmask","subnet","ipcalc"],"main":"./lib/netmask","scripts":{"prepublish":"coffee -c lib/*.coffee","test":"vows --spec test/*"},"engines":{"node":">= 0.4.0"},"devDependencies":{"coffee-script":">=1.2.0","vows":"*"},"_id":"netmask@1.0.5","dist":{"shasum":"84851218294b88e0ac5a008ec46401e2a5c767d2","tarball":"https://registry.npmjs.org/netmask/-/netmask-1.0.5.tgz"},"_from":".","_npmVersion":"1.4.3","_npmUser":{"name":"rs","email":"rs@dailymotion.com"},"maintainers":[{"name":"rs","email":"rs@dailymotion.com"}],"directories":{}}},"readme":"Netmask\n=======\n\nThe Netmask class parses and understands IPv4 CIDR blocks so they can be explored and compared. This module is highly inspired by Perl [Net::Netmask](http://search.cpan.org/dist/Net-Netmask/) module.\n\nSynopsis\n--------\n\n    var Netmask = require('netmask').Netmask\n\n    var block = new Netmask('10.0.0.0/12');\n    block.base;                     // 10.0.0.0\n    block.mask;                     // 255.240.0.0\n    block.bitmask;                  // 12\n    block.hostmask;                 // 0.15.255.255\n    block.broadcast;                // 10.15.255.255\n    block.size;                     // 1048576\n    block.first;                    // 10.0.0.1\n    block.last;                     // 10.0.255.254\n\n    block.contains('10.0.8.10');    // true\n    block.contains('10.8.0.10');    // false\n    block.contains('192.168.1.20'); // false\n\n    block.forEach(function(ip, long, index));\n\n    block.next()                    // Netmask('10.16.0.0/12')\n\nConstructing\n------------\n\nNetmask objects are created with an IP address and optionally a mask. There are many forms that are recognized:\n\n    '216.240.32.0/24'               // The preferred form.\n    '216.240.32.0/255.255.255.0'\n    '216.240.32.0', '255.255.255.0'\n    '216.240.32.0', 0xffffff00\n    '216.240.32.4'                  // A /32 block.\n    '216.240.32'                    // A /24 block.\n    '216.240'                       // A /16 block.\n    '140'                           // A /8 block.\n    '216.240.32/24'\n    '216.240/16'\n\nAPI\n---\n\n- `.base`: The base address of the network block as a string (eg: 216.240.32.0). Base does not give an indication of the size of the network block.\n- `.mask`: The netmask as a string (eg: 255.255.255.0).\n- `.hostmask`: The host mask which is the opposite of the netmask (eg: 0.0.0.255).\n- `.bitmask`: The netmask as a number of bits in the network portion of the address for this block (eg: 24).\n- `.size`: The number of IP addresses in a block (eg: 256).\n- `.broadcast`: The blocks broadcast address (eg: 192.168.1.0/24 => 192.168.1.255)\n- `.first`, `.last`: First and last useable address\n- `.contains(ip or block)`: Returns a true if the IP number `ip` is part of the network. That is, a true value is returned if `ip` is between `base` and `broadcast`. If a Netmask object or a block is given, it returns true only of the given block fits inside the network.\n- `.forEach(fn)`: Similar to the Array prototype method. It loops through all the useable addresses, ie between `first` and `last`.\n- `.next(count)`: Without a `count`, return the next block of the same size after the current one. With a count, return the Nth block after the current one. A count of -1 returns the previous block. Undef will be returned if out of legal address space.\n- `.toString()`: The netmask in base/bitmask format (e.g., '216.240.32.0/24')\n\nInstallation\n------------\n\n    $ npm install netmask\n\nLicense\n-------\n\n(The MIT License)\n\nCopyright (c) 2011 Olivier Poitrey <rs@dailymotion.com>\n\nPermission is hereby granted, free of charge, to any person obtaining a copy of this software and associated documentation files (the 'Software'), to deal in the Software without restriction, including without limitation the rights to use, copy, modify, merge, publish, distribute, sublicense, and/or sell copies of the Software, and to permit persons to whom the Software is furnished to do so, subject to the following conditions:\n\nThe above copyright notice and this permission notice shall be included in all copies or substantial portions of the Software.\n\nTHE SOFTWARE IS PROVIDED 'AS IS', WITHOUT WARRANTY OF ANY KIND, EXPRESS OR IMPLIED, INCLUDING BUT NOT LIMITED TO THE WARRANTIES OF MERCHANTABILITY, FITNESS FOR A PARTICULAR PURPOSE AND NONINFRINGEMENT. IN NO EVENT SHALL THE AUTHORS OR COPYRIGHT HOLDERS BE LIABLE FOR ANY CLAIM, DAMAGES OR OTHER LIABILITY, WHETHER IN AN ACTION OF CONTRACT, TORT OR OTHERWISE, ARISING FROM, OUT OF OR IN CONNECTION WITH THE SOFTWARE OR THE USE OR OTHER DEALINGS IN THE SOFTWARE.\n\n\n\n","maintainers":[{"name":"rs","email":"rs@dailymotion.com"}],"time":{"modified":"2014-12-19T00:10:57.630Z","created":"2012-04-05T06:51:48.293Z","0.0.0":"2012-04-05T06:51:53.764Z","0.0.1":"2012-04-20T17:42:39.779Z","0.0.2":"2012-06-21T23:29:27.096Z","1.0.3":"2013-12-16T09:33:19.372Z","1.0.4":"2013-12-16T09:36:21.515Z","1.0.5":"2014-12-19T00:10:57.630Z"},"author":{"name":"Olivier Poitrey","email":"rs@dailymotion.com"},"repository":{"type":"git","url":"git://github.com/rs/node-netmask.git"},"users":{"f124275809":true,"brandonpapworth":true},"homepage":"https://github.com/rs/node-netmask","keywords":["net","mask","ip","network","cidr","netmask","subnet","ipcalc"],"bugs":{"url":"https://github.com/rs/node-netmask/issues"},"license":"MIT","readmeFilename":"README.md","_attachments":{},"_etag":"\"DDDZQ7459J2QVFIODCSI9AWKS\""}