{"_id":"tinycolor2","_rev":"25-f6270baafb34e297ab8babb8bb8e67a6","name":"tinycolor2","description":"Fast Color Parsing and Manipulation","dist-tags":{"latest":"1.3.0"},"versions":{"0.9.9":{"version":"0.9.9","name":"tinycolor2","description":"Fast Color Parsing and Manipulation","url":"http://bgrins.github.com/TinyColor","repository":{"type":"git","url":"https://bgrins.github.com/TinyColor"},"keywords":["color","parser","tinycolor"],"author":{"name":"Brian Grinstead","email":"briangrinstead@gmail.com","url":"http://briangrinstead.com"},"contributors":[],"main":"./tinycolor.js","directories":{},"engines":{"node":"*"},"_id":"tinycolor2@0.9.9","dist":{"shasum":"303e3d068a17422adb123b7ad8a8501b826457d6","tarball":"https://registry.npmjs.org/tinycolor2/-/tinycolor2-0.9.9.tgz"},"maintainers":[{"name":"bgrins","email":"briangrinstead@gmail.com"}]},"0.9.16":{"version":"0.9.16","name":"tinycolor2","description":"Fast Color Parsing and Manipulation","url":"http://bgrins.github.com/TinyColor","repository":{"type":"git","url":"https://bgrins.github.com/TinyColor"},"keywords":["color","parser","tinycolor"],"author":{"name":"Brian Grinstead","email":"briangrinstead@gmail.com","url":"http://briangrinstead.com"},"contributors":[],"main":"./tinycolor.js","directories":{},"engines":{"node":"*"},"devDependencies":{"grunt":"~0.4.1","grunt-contrib-jshint":"~0.1.1","grunt-contrib-qunit":"~0.2.2","grunt-contrib-concat":"~0.1.3","grunt-contrib-uglify":"~0.2.0","grunt-docco":"~0.2.0"},"_id":"tinycolor2@0.9.16","dist":{"shasum":"d9cf85c2ddecd684a64701a208d017d516197288","tarball":"https://registry.npmjs.org/tinycolor2/-/tinycolor2-0.9.16.tgz"},"_from":".","_npmVersion":"1.3.6","_npmUser":{"name":"bgrins","email":"briangrinstead@gmail.com"},"maintainers":[{"name":"bgrins","email":"briangrinstead@gmail.com"}]},"0.9.17":{"version":"0.9.17","name":"tinycolor2","description":"Fast Color Parsing and Manipulation","url":"http://bgrins.github.com/TinyColor","repository":{"type":"git","url":"https://bgrins.github.com/TinyColor"},"keywords":["color","parser","tinycolor"],"author":{"name":"Brian Grinstead","email":"briangrinstead@gmail.com","url":"http://briangrinstead.com"},"contributors":[],"main":"./tinycolor.js","directories":{},"engines":{"node":"*"},"devDependencies":{"grunt":"~0.4.1","grunt-contrib-jshint":"~0.1.1","grunt-contrib-qunit":"~0.2.2","grunt-contrib-concat":"~0.1.3","grunt-contrib-uglify":"~0.2.0","grunt-docco":"~0.2.0"},"_id":"tinycolor2@0.9.17","dist":{"shasum":"0250a68c9066f69a941ef7bcded099413cdd6837","tarball":"https://registry.npmjs.org/tinycolor2/-/tinycolor2-0.9.17.tgz"},"_from":".","_npmVersion":"1.3.6","_npmUser":{"name":"bgrins","email":"briangrinstead@gmail.com"},"maintainers":[{"name":"bgrins","email":"briangrinstead@gmail.com"}]},"0.9.18":{"version":"0.9.18","name":"tinycolor2","description":"Fast Color Parsing and Manipulation","url":"http://bgrins.github.com/TinyColor","repository":{"type":"git","url":"https://bgrins.github.com/TinyColor"},"keywords":["color","parser","tinycolor"],"author":{"name":"Brian Grinstead","email":"briangrinstead@gmail.com","url":"http://briangrinstead.com"},"contributors":[],"main":"./tinycolor.js","directories":{},"engines":{"node":"*"},"devDependencies":{"grunt":"~0.4.1","grunt-contrib-jshint":"~0.1.1","grunt-contrib-qunit":"~0.2.2","grunt-contrib-concat":"~0.1.3","grunt-contrib-uglify":"~0.2.0","grunt-docco":"~0.2.0"},"_id":"tinycolor2@0.9.18","dist":{"shasum":"fdeb51b119188c54d98dbd93751e541685140996","tarball":"https://registry.npmjs.org/tinycolor2/-/tinycolor2-0.9.18.tgz"},"_from":".","_npmVersion":"1.4.6","_npmUser":{"name":"bgrins","email":"briangrinstead@gmail.com"},"maintainers":[{"name":"bgrins","email":"briangrinstead@gmail.com"}]},"0.10.0":{"version":"0.10.0","name":"tinycolor2","description":"Fast Color Parsing and Manipulation","url":"http://bgrins.github.com/TinyColor","repository":{"type":"git","url":"https://bgrins.github.com/TinyColor"},"keywords":["color","parser","tinycolor"],"author":{"name":"Brian Grinstead","email":"briangrinstead@gmail.com","url":"http://briangrinstead.com"},"contributors":[],"main":"./tinycolor.js","directories":{},"engines":{"node":"*"},"devDependencies":{"grunt":"~0.4.1","grunt-contrib-jshint":"~0.1.1","grunt-contrib-qunit":"~0.2.2","grunt-contrib-concat":"~0.1.3","grunt-contrib-uglify":"~0.2.0","grunt-docco":"~0.2.0"},"_id":"tinycolor2@0.10.0","dist":{"shasum":"e554600ab4dcc1f7fb0ca26494791e3ec62857ae","tarball":"https://registry.npmjs.org/tinycolor2/-/tinycolor2-0.10.0.tgz"},"_from":".","_npmVersion":"1.4.6","_npmUser":{"name":"bgrins","email":"briangrinstead@gmail.com"},"maintainers":[{"name":"bgrins","email":"briangrinstead@gmail.com"}]},"1.0.0":{"version":"1.0.0","name":"tinycolor2","description":"Fast Color Parsing and Manipulation","url":"http://bgrins.github.com/TinyColor","repository":{"type":"git","url":"https://bgrins.github.com/TinyColor"},"keywords":["color","parser","tinycolor"],"author":{"name":"Brian Grinstead","email":"briangrinstead@gmail.com","url":"http://briangrinstead.com"},"contributors":[],"main":"./tinycolor.js","directories":{},"engines":{"node":"*"},"devDependencies":{"grunt":"~0.4.1","grunt-contrib-jshint":"~0.1.1","grunt-contrib-qunit":"~0.2.2","grunt-contrib-concat":"~0.1.3","grunt-contrib-uglify":"~0.2.0","grunt-docco":"~0.2.0"},"_id":"tinycolor2@1.0.0","dist":{"shasum":"d32c2f2c8abc5bb3d21bf7fba16825357d4bbac3","tarball":"https://registry.npmjs.org/tinycolor2/-/tinycolor2-1.0.0.tgz"},"_from":".","_npmVersion":"1.4.6","_npmUser":{"name":"bgrins","email":"briangrinstead@gmail.com"},"maintainers":[{"name":"bgrins","email":"briangrinstead@gmail.com"}]},"1.1.0":{"version":"1.1.0","name":"tinycolor2","description":"Fast Color Parsing and Manipulation","url":"http://bgrins.github.com/TinyColor","repository":{"type":"git","url":"https://bgrins.github.com/TinyColor"},"keywords":["color","parser","tinycolor"],"author":{"name":"Brian Grinstead","email":"briangrinstead@gmail.com","url":"http://briangrinstead.com"},"contributors":[],"main":"./tinycolor.js","directories":{},"engines":{"node":"*"},"devDependencies":{"grunt":"~0.4.1","grunt-contrib-jshint":"~0.1.1","grunt-contrib-qunit":"~0.2.2","grunt-contrib-concat":"~0.1.3","grunt-contrib-uglify":"~0.2.0","grunt-docco":"~0.2.0"},"gitHead":"44ac02cb4a2c94f80d07dbceb83ee1b5cebeabcb","_id":"tinycolor2@1.1.0","scripts":{},"_shasum":"8ac68e6282b14bf7dadee677d7acf28c7720ac6a","_from":".","_npmVersion":"1.4.23","_npmUser":{"name":"bgrins","email":"briangrinstead@gmail.com"},"maintainers":[{"name":"bgrins","email":"briangrinstead@gmail.com"}],"dist":{"shasum":"8ac68e6282b14bf7dadee677d7acf28c7720ac6a","tarball":"https://registry.npmjs.org/tinycolor2/-/tinycolor2-1.1.0.tgz"}},"1.1.1":{"version":"1.1.1","name":"tinycolor2","description":"Fast Color Parsing and Manipulation","url":"http://bgrins.github.com/TinyColor","repository":{"type":"git","url":"https://bgrins.github.com/TinyColor"},"keywords":["color","parser","tinycolor"],"author":{"name":"Brian Grinstead","email":"briangrinstead@gmail.com","url":"http://briangrinstead.com"},"contributors":[],"main":"./tinycolor.js","directories":{},"engines":{"node":"*"},"devDependencies":{"grunt":"~0.4.1","grunt-contrib-jshint":"~0.1.1","grunt-contrib-qunit":"~0.2.2","grunt-contrib-concat":"~0.1.3","grunt-contrib-uglify":"~0.2.0","grunt-docco":"~0.2.0"},"gitHead":"8048867985064975ad10f140dc270f2c836548b0","_id":"tinycolor2@1.1.1","scripts":{},"_shasum":"1b5dd2cf50c7bdc3d67f0b8a748c4766e93ca392","_from":".","_npmVersion":"1.4.23","_npmUser":{"name":"bgrins","email":"briangrinstead@gmail.com"},"maintainers":[{"name":"bgrins","email":"briangrinstead@gmail.com"}],"dist":{"shasum":"1b5dd2cf50c7bdc3d67f0b8a748c4766e93ca392","tarball":"https://registry.npmjs.org/tinycolor2/-/tinycolor2-1.1.1.tgz"}},"1.1.2":{"version":"1.1.2","name":"tinycolor2","description":"Fast Color Parsing and Manipulation","url":"http://bgrins.github.com/TinyColor","repository":{"type":"git","url":"https://bgrins.github.com/TinyColor"},"keywords":["color","parser","tinycolor"],"author":{"name":"Brian Grinstead","email":"briangrinstead@gmail.com","url":"http://briangrinstead.com"},"contributors":[],"main":"./tinycolor.js","directories":{},"engines":{"node":"*"},"devDependencies":{"grunt":"~0.4.1","grunt-contrib-jshint":"~0.1.1","grunt-contrib-qunit":"~0.2.2","grunt-contrib-concat":"~0.1.3","grunt-contrib-uglify":"~0.2.0","grunt-docco":"~0.2.0"},"gitHead":"8cc9ee6251a05752013af0958ece80e68c1d9c6e","_id":"tinycolor2@1.1.2","scripts":{},"_shasum":"690b13c0ef0556bc7253856a93c3cc42b09f35e9","_from":".","_npmVersion":"2.7.1","_nodeVersion":"0.12.0","_npmUser":{"name":"bgrins","email":"briangrinstead@gmail.com"},"maintainers":[{"name":"bgrins","email":"briangrinstead@gmail.com"}],"dist":{"shasum":"690b13c0ef0556bc7253856a93c3cc42b09f35e9","tarball":"https://registry.npmjs.org/tinycolor2/-/tinycolor2-1.1.2.tgz"}},"1.2.1":{"version":"1.2.1","name":"tinycolor2","description":"Fast Color Parsing and Manipulation","url":"http://bgrins.github.com/TinyColor","license":"MIT","repository":{"type":"git","url":"https://bgrins.github.com/TinyColor"},"keywords":["color","parser","tinycolor"],"author":{"name":"Brian Grinstead","email":"briangrinstead@gmail.com","url":"http://briangrinstead.com"},"contributors":[],"main":"./tinycolor.js","directories":{},"engines":{"node":"*"},"devDependencies":{"grunt":"~0.4.1","grunt-contrib-concat":"~0.1.3","grunt-contrib-jshint":"~0.1.1","grunt-contrib-qunit":"^0.7.0","grunt-contrib-uglify":"~0.2.0","grunt-docco":"~0.2.0"},"gitHead":"0c95881a00bf7b81803ad45b735df8efa24c7061","_id":"tinycolor2@1.2.1","scripts":{},"_shasum":"6f007cb9b64c0c26f4796f2e7e595c6c3ee662ac","_from":".","_npmVersion":"2.14.4","_nodeVersion":"4.1.2","_npmUser":{"name":"bgrins","email":"briangrinstead@gmail.com"},"maintainers":[{"name":"bgrins","email":"briangrinstead@gmail.com"}],"dist":{"shasum":"6f007cb9b64c0c26f4796f2e7e595c6c3ee662ac","tarball":"https://registry.npmjs.org/tinycolor2/-/tinycolor2-1.2.1.tgz"}},"1.3.0":{"version":"1.3.0","name":"tinycolor2","description":"Fast Color Parsing and Manipulation","url":"http://bgrins.github.com/TinyColor","license":"MIT","repository":{"type":"git","url":"https://bgrins.github.com/TinyColor"},"keywords":["color","parser","tinycolor"],"author":{"name":"Brian Grinstead","email":"briangrinstead@gmail.com","url":"http://briangrinstead.com"},"contributors":[],"main":"./tinycolor.js","directories":{},"engines":{"node":"*"},"devDependencies":{"grunt":"~0.4.1","grunt-contrib-concat":"~0.1.3","grunt-contrib-jshint":"~0.1.1","grunt-contrib-qunit":"^0.7.0","grunt-contrib-uglify":"~0.2.0","grunt-docco":"~0.2.0"},"gitHead":"71379c1cb50cedab2386a3b40f07eb866697d679","_id":"tinycolor2@1.3.0","scripts":{},"_shasum":"3f38e6424de4566122d550eb1acc80cad37a7184","_from":".","_npmVersion":"2.14.4","_nodeVersion":"4.1.2","_npmUser":{"name":"bgrins","email":"briangrinstead@gmail.com"},"maintainers":[{"name":"bgrins","email":"briangrinstead@gmail.com"}],"dist":{"shasum":"3f38e6424de4566122d550eb1acc80cad37a7184","tarball":"https://registry.npmjs.org/tinycolor2/-/tinycolor2-1.3.0.tgz"}}},"readme":"# TinyColor\n\n## JavaScript color tooling\n\nTinyColor is a small, fast library for color manipulation and conversion in JavaScript.  It allows many forms of input, while providing color conversions and other color utility functions.  It has no dependencies.\n\n[![Build Status](https://travis-ci.org/bgrins/TinyColor.png?branch=master)](https://travis-ci.org/bgrins/TinyColor)\n\n## Including in a browser\n\nDownload [tinycolor.js](https://raw.githubusercontent.com/bgrins/TinyColor/master/tinycolor.js) or install it with bower:\n\n    bower install tinycolor\n\nThen just include it in the page in a `script` tag:\n\n    <script type='text/javascript' src='tinycolor.js'></script>\n    <script type='text/javascript'>\n    var color = tinycolor(\"red\");\n    </script>\n\n## Including in node\n\n`tinycolor` may also be included as a [node](http://nodejs.org/) module like so:\n\n    npm install tinycolor2\n\nThen it can be used in your script like so:\n\n    var tinycolor = require(\"tinycolor2\");\n    var color = tinycolor(\"red\");\n\n## Usage\n\nCall `tinycolor(input)` or `new tinycolor(input)`, and you will have an object with the following properties.  See Accepted String Input and Accepted Object Input below for more information about what is accepted.\n\n## Accepted String Input\n\nThe string parsing is very permissive.  It is meant to make typing a color as input as easy as possible.  All commas, percentages, parenthesis are optional, and most input allow either 0-1, 0%-100%, or 0-n (where n is either 100, 255, or 360 depending on the value).\n\nHSL and HSV both require either 0%-100% or 0-1 for the `S`/`L`/`V` properties.  The `H` (hue) can have values between 0%-100% or 0-360.\n\nRGB input requires either 0-255 or 0%-100%.\n\nIf you call `tinycolor.fromRatio`, RGB and Hue input can also accept 0-1.\n\nHere are some examples of string input:\n\n### Hex, 8-digit (ARGB) Hex\n\n    tinycolor(\"#000\");\n    tinycolor(\"000\");\n    tinycolor(\"#f0f0f6\");\n    tinycolor(\"f0f0f6\");\n    tinycolor(\"#88f0f0f6\");\n    tinycolor(\"88f0f0f6\");\n\n### RGB, RGBA\n\n    tinycolor(\"rgb (255, 0, 0)\");\n    tinycolor(\"rgb 255 0 0\");\n    tinycolor(\"rgba (255, 0, 0, .5)\");\n    tinycolor({ r: 255, g: 0, b: 0 });\n    tinycolor.fromRatio({ r: 1, g: 0, b: 0 });\n    tinycolor.fromRatio({ r: .5, g: .5, b: .5 });\n\n### HSL, HSLA\n\n    tinycolor(\"hsl(0, 100%, 50%)\");\n    tinycolor(\"hsla(0, 100%, 50%, .5)\");\n    tinycolor(\"hsl(0, 100%, 50%)\");\n    tinycolor(\"hsl 0 1.0 0.5\");\n    tinycolor({ h: 0, s: 1, l: .5 });\n    tinycolor.fromRatio({ h: 1, s: 0, l: 0 });\n    tinycolor.fromRatio({ h: .5, s: .5, l: .5 });\n\n### HSV, HSVA\n\n    tinycolor(\"hsv(0, 100%, 100%)\");\n    tinycolor(\"hsva(0, 100%, 100%, .5)\");\n    tinycolor(\"hsv (0 100% 100%)\");\n    tinycolor(\"hsv 0 1 1\");\n    tinycolor({ h: 0, s: 100, v: 100 });\n    tinycolor.fromRatio({ h: 1, s: 0, v: 0 });\n    tinycolor.fromRatio({ h: .5, s: .5, v: .5 });\n\n### Named\n\n    tinycolor(\"RED\");\n    tinycolor(\"blanchedalmond\");\n    tinycolor(\"darkblue\");\n\n### Accepted Object Input\n\nIf you are calling this from code, you may want to use object input.  Here are some examples of the different types of accepted object inputs:\n\n    { r: 255, g: 0, b: 0 }\n    { r: 255, g: 0, b: 0, a: .5 }\n    { h: 0, s: 100, l: 50 }\n    { h: 0, s: 100, v: 100 }\n\n## Methods\n\n### getFormat\n\nReturns the format used to create the tinycolor instance\n```js\n    var color = tinycolor(\"red\");\n    color.getFormat(); // \"name\"\n    color = tinycolor({r:255, g:255, b:255});\n    color.getFormat(); // \"rgb\"\n```\n\n### getOriginalInput\n\nReturns the input passed into the constructer used to create the tinycolor instance\n```js\n    var color = tinycolor(\"red\");\n    color.getOriginalInput(); // \"red\"\n    color = tinycolor({r:255, g:255, b:255});\n    color.getOriginalInput(); // \"{r: 255, g: 255, b: 255}\"\n```\n\n### isValid\n\nReturn a boolean indicating whether the color was successfully parsed.  Note: if the color is not valid then it will act like `black` when being used with other methods.\n\n    var color1 = tinycolor(\"red\");\n    color1.isValid(); // true\n    color1.toHexString(); // \"#ff0000\"\n\n    var color2 = tinycolor(\"not a color\");\n    color2.isValid(); // false\n    color2.toString(); // \"#000000\"\n\n### getBrightness\n\nReturns the perceived brightness of a color, from `0-255`, as defined by [Web Content Accessibility Guidelines (Version 1.0)](http://www.w3.org/TR/AERT#color-contrast).\n\n    var color1 = tinycolor(\"#fff\");\n    color1.getBrightness(); // 255\n\n    var color2 = tinycolor(\"#000\");\n    color2.getBrightness(); // 0\n\n### isLight\n\nReturn a boolean indicating whether the color's perceived brightness is light.\n\n    var color1 = tinycolor(\"#fff\");\n    color1.isLight(); // true\n\n    var color2 = tinycolor(\"#000\");\n    color2.isLight(); // false\n\n### isDark\n\nReturn a boolean indicating whether the color's perceived brightness is dark.\n\n    var color1 = tinycolor(\"#fff\");\n    color1.isDark(); // false\n\n    var color2 = tinycolor(\"#000\");\n    color2.isDark(); // true\n\n### getLuminance\n\nReturns the perceived luminance of a color, from `0-1` as defined by [Web Content Accessibility Guidelines (Version 2.0).](http://www.w3.org/TR/2008/REC-WCAG20-20081211/#contrast-ratiodef)\n\n    var color1 = tinycolor(\"#fff\");\n    color1.getLuminance(); // 1\n\n    var color2 = tinycolor(\"#000\");\n    color2.getLuminance(); // 0\n\n### getAlpha\n\nReturns the alpha value of a color, from `0-1`.\n\n    var color1 = tinycolor(\"rgba(255, 0, 0, .5)\");\n    color1.getAlpha(); // 0.5\n\n    var color2 = tinycolor(\"rgb(255, 0, 0)\");\n    color2.getAlpha(); // 1\n\n    var color3 = tinycolor(\"transparent\");\n    color3.getAlpha(); // 0\n\n### setAlpha\n\nSets the alpha value on a current color.  Accepted range is in between `0-1`.\n\n    var color = tinycolor(\"red\");\n    color.getAlpha(); // 1\n    color.setAlpha(.5);\n    color.getAlpha(); // .5\n    color.toRgbString(); // \"rgba(255, 0, 0, .5)\"\n\n### String Representations\n\nThe following methods will return a property for the `alpha` value, which can be ignored: `toHsv`, `toHsl`, `toRgb`\n\n### toHsv\n\n    var color = tinycolor(\"red\");\n    color.toHsv(); // { h: 0, s: 1, v: 1, a: 1 }\n\n### toHsvString\n\n    var color = tinycolor(\"red\");\n    color.toHsvString(); // \"hsv(0, 100%, 100%)\"\n    color.setAlpha(0.5);\n    color.toHsvString(); // \"hsva(0, 100%, 100%, 0.5)\"\n\n### toHsl\n\n    var color = tinycolor(\"red\");\n    color.toHsl(); // { h: 0, s: 1, l: 0.5, a: 1 }\n\n### toHslString\n\n    var color = tinycolor(\"red\");\n    color.toHslString(); // \"hsl(0, 100%, 50%)\"\n    color.setAlpha(0.5);\n    color.toHslString(); // \"hsla(0, 100%, 50%, 0.5)\"\n\n### toHex\n\n    var color = tinycolor(\"red\");\n    color.toHex(); // \"ff0000\"\n\n### toHexString\n\n    var color = tinycolor(\"red\");\n    color.toHexString(); // \"#ff0000\"\n\n### toHex8\n\n    var color = tinycolor(\"red\");\n    color.toHex8(); // \"ffff0000\"\n\n### toHex8String\n\n    var color = tinycolor(\"red\");\n    color.toHex8String(); // \"#ffff0000\"\n\n### toRgb\n\n    var color = tinycolor(\"red\");\n    color.toRgb(); // { r: 255, g: 0, b: 0, a: 1 }\n\n### toRgbString\n\n    var color = tinycolor(\"red\");\n    color.toRgbString(); // \"rgb(255, 0, 0)\"\n    color.setAlpha(0.5);\n    color.toRgbString(); // \"rgba(255, 0, 0, 0.5)\"\n\n### toPercentageRgb\n\n    var color = tinycolor(\"red\");\n    color.toPercentageRgb() // { r: \"100%\", g: \"0%\", b: \"0%\", a: 1 }\n\n### toPercentageRgbString\n\n    var color = tinycolor(\"red\");\n    color.toPercentageRgbString(); // \"rgb(100%, 0%, 0%)\"\n    color.setAlpha(0.5);\n    color.toPercentageRgbString(); // \"rgba(100%, 0%, 0%, 0.5)\"\n\n### toName\n\n    var color = tinycolor(\"red\");\n    color.toName(); // \"red\"\n\n### toFilter\n\n    var color = tinycolor(\"red\");\n    color.toFilter(); // \"progid:DXImageTransform.Microsoft.gradient(startColorstr=#ffff0000,endColorstr=#ffff0000)\"\n\n### toString\n\nPrint to a string, depending on the input format.  You can also override this by passing one of `\"rgb\", \"prgb\", \"hex6\", \"hex3\", \"hex8\", \"name\", \"hsl\", \"hsv\"` into the function.\n\n    var color1 = tinycolor(\"red\");\n    color1.toString(); // \"red\"\n    color1.toString(\"hsv\"); // \"hsv(0, 100%, 100%)\"\n\n    var color2 = tinycolor(\"rgb(255, 0, 0)\");\n    color2.toString(); // \"rgb(255, 0, 0)\"\n    color2.setAlpha(.5);\n    color2.toString(); // \"rgba(255, 0, 0, 0.5)\"\n\n### Color Modification\n\nThese methods manipulate the current color, and return it for chaining.  For instance:\n\n    tinycolor(\"red\").lighten().desaturate().toHexString() // \"#f53d3d\"\n\n### lighten\n\n`lighten: function(amount = 10) -> TinyColor`.  Lighten the color a given amount, from 0 to 100.  Providing 100 will always return white.\n\n    tinycolor(\"#f00\").lighten().toString(); // \"#ff3333\"\n    tinycolor(\"#f00\").lighten(100).toString(); // \"#ffffff\"\n\n### brighten\n\n`brighten: function(amount = 10) -> TinyColor`.  Brighten the color a given amount, from 0 to 100.\n\n    tinycolor(\"#f00\").brighten().toString(); // \"#ff1919\"\n\n### darken\n\n`darken: function(amount = 10) -> TinyColor`.  Darken the color a given amount, from 0 to 100.  Providing 100 will always return black.\n\n    tinycolor(\"#f00\").darken().toString(); // \"#cc0000\"\n    tinycolor(\"#f00\").darken(100).toString(); // \"#000000\"\n\n### desaturate\n\n`desaturate: function(amount = 10) -> TinyColor`.  Desaturate the color a given amount, from 0 to 100.  Providing 100 will is the same as calling `greyscale`.\n\n    tinycolor(\"#f00\").desaturate().toString(); // \"#f20d0d\"\n    tinycolor(\"#f00\").desaturate(100).toString(); // \"#808080\"\n\n### saturate\n\n`saturate: function(amount = 10) -> TinyColor`.  Saturate the color a given amount, from 0 to 100.\n\n    tinycolor(\"hsl(0, 10%, 50%)\").saturate().toString(); // \"hsl(0, 20%, 50%)\"\n\n### greyscale\n\n`greyscale: function() -> TinyColor`.  Completely desaturates a color into greyscale.  Same as calling `desaturate(100)`.\n\n    tinycolor(\"#f00\").greyscale().toString(); // \"#808080\"\n\n### spin\n\n`spin: function(amount = 0) -> TinyColor`.  Spin the hue a given amount, from -360 to 360.  Calling with 0, 360, or -360 will do nothing (since it sets the hue back to what it was before).\n\n    tinycolor(\"#f00\").spin(180).toString(); // \"#00ffff\"\n    tinycolor(\"#f00\").spin(-90).toString(); // \"#7f00ff\"\n    tinycolor(\"#f00\").spin(90).toString(); // \"#80ff00\"\n\n    // spin(0) and spin(360) do nothing\n    tinycolor(\"#f00\").spin(0).toString(); // \"#ff0000\"\n    tinycolor(\"#f00\").spin(360).toString(); // \"#ff0000\"\n\n### Color Combinations\n\nCombination functions return an array of TinyColor objects unless otherwise noted.\n\n### analogous\n\n`analogous: function(, results = 6, slices = 30) -> array<TinyColor>`.\n\n    var colors = tinycolor(\"#f00\").analogous();\n\n    colors.map(function(t) { return t.toHexString(); }); // [ \"#ff0000\", \"#ff0066\", \"#ff0033\", \"#ff0000\", \"#ff3300\", \"#ff6600\" ]\n\n### monochromatic\n\n`monochromatic: function(, results = 6) -> array<TinyColor>`.\n\n    var colors = tinycolor(\"#f00\").monochromatic();\n\n    colors.map(function(t) { return t.toHexString(); }); // [ \"#ff0000\", \"#2a0000\", \"#550000\", \"#800000\", \"#aa0000\", \"#d40000\" ]\n\n### splitcomplement\n\n`splitcomplement: function() -> array<TinyColor>`.\n\n    var colors = tinycolor(\"#f00\").splitcomplement();\n\n    colors.map(function(t) { return t.toHexString(); }); // [ \"#ff0000\", \"#ccff00\", \"#0066ff\" ]\n\n### triad\n\n`triad: function() -> array<TinyColor>`.\n\n    var colors = tinycolor(\"#f00\").triad();\n\n    colors.map(function(t) { return t.toHexString(); }); // [ \"#ff0000\", \"#00ff00\", \"#0000ff\" ]\n\n### tetrad\n\n`tetrad: function() -> array<TinyColor>`.\n\n    var colors = tinycolor(\"#f00\").tetrad();\n\n    colors.map(function(t) { return t.toHexString(); }); // [ \"#ff0000\", \"#80ff00\", \"#00ffff\", \"#7f00ff\" ]\n\n\n### complement\n\n`complement: function() -> TinyColor`.\n\n    tinycolor(\"#f00\").complement().toHexString(); // \"#00ffff\"\n\n## Color Utilities\n\n    tinycolor.equals(color1, color2)\n    tinycolor.mix(color1, color2, amount = 50)\n\n### random\n\nReturns a random color.\n```js\nvar color = tinycolor.random();\ncolor.toRgb(); // \"{r: 145, g: 40, b: 198, a: 1}\"\n```\n\n### Readability\n\nTinyColor assesses readability based on the [Web Content Accessibility Guidelines (Version 2.0)](http://www.w3.org/TR/2008/REC-WCAG20-20081211/#contrast-ratiodef).\n\n#### readability\n\n`readability: function(TinyColor, TinyColor) -> Object`.\nReturns the contrast ratio between two colors.\n\n    tinycolor.readability(\"#000\", \"#000\"); // 1\n    tinycolor.readability(\"#000\", \"#111\"); // 1.1121078324840545\n    tinycolor.readability(\"#000\", \"#fff\"); // 21\n\nUse the values in your own calculations, or use one of the convenience functions below.\n\n#### isReadable\n\n`isReadable: function(TinyColor, TinyColor, Object) -> Boolean`.  Ensure that foreground and background color combinations meet WCAG guidelines. `Object` is optional, defaulting to `{level: \"AA\",size: \"small\"}`.  `level` can be `\"AA\"` or \"AAA\" and `size` can be `\"small\"` or `\"large\"`.\n\nHere are links to read more about the [AA](http://www.w3.org/TR/UNDERSTANDING-WCAG20/visual-audio-contrast-contrast.html) and [AAA](http://www.w3.org/TR/UNDERSTANDING-WCAG20/visual-audio-contrast7.html) requirements.\n\n    tinycolor.isReadable(\"#000\", \"#111\", {}); // false\n    tinycolor.isReadable(\"#ff0088\", \"#5c1a72\",{level:\"AA\",size:\"small\"}); //false\n    tinycolor.isReadable(\"#ff0088\", \"#5c1a72\",{level:\"AA\",size:\"large\"}), //true\n\n#### mostReadable\n\n`mostReadable: function(TinyColor, [TinyColor, Tinycolor ...], Object) -> Boolean`.\nGiven a base color and a list of possible foreground or background colors for that base, returns the most readable color.\nIf none of the colors in the list is readable, `mostReadable` will return the better of black or white if `includeFallbackColors:true`.\n\n    tinycolor.mostReadable(\"#000\", [\"#f00\", \"#0f0\", \"#00f\"]).toHexString(); // \"#00ff00\"\n    tinycolor.mostReadable(tinycolor.mostReadable(\"#123\", [\"#124\", \"#125\"],{includeFallbackColors:false}).toHexString(); // \"#112255\"\n    tinycolor.mostReadable(tinycolor.mostReadable(\"#123\", [\"#124\", \"#125\"],{includeFallbackColors:true}).toHexString();  // \"#ffffff\"\n    tinycolor.mostReadable(\"#ff0088\", [\"#2e0c3a\"],{includeFallbackColors:true,level:\"AAA\",size:\"large\"}).toHexString()   // \"#2e0c3a\",\n    tinycolor.mostReadable(\"#ff0088\", [\"#2e0c3a\"],{includeFallbackColors:true,level:\"AAA\",size:\"small\"}).toHexString()   // \"#000000\",\n\nSee [index.html](https://github.com/bgrins/TinyColor/blob/master/index.html) in the project for a demo.\n\n## Common operations\n\n### clone\n\n`clone: function() -> TinyColor`.\nInstantiate a new TinyColor object with the same color.  Any changes to the new one won't affect the old one.\n\n    var color1 = tinycolor(\"#F00\");\n    var color2 = color1.clone();\n    color2.setAlpha(.5);\n\n    color1.toString(); // \"#ff0000\"\n    color2.toString(); // \"rgba(255, 0, 0, 0.5)\"\n","maintainers":[{"name":"bgrins","email":"briangrinstead@gmail.com"}],"time":{"modified":"2015-11-28T02:51:24.324Z","created":"2012-09-12T18:40:46.654Z","0.9.9":"2012-09-12T18:40:47.750Z","0.9.16":"2014-01-08T22:45:35.239Z","0.9.17":"2014-02-13T21:18:14.416Z","0.9.18":"2014-04-26T19:57:49.953Z","0.10.0":"2014-04-30T13:13:42.027Z","1.0.0":"2014-07-06T20:30:19.444Z","1.1.0":"2014-11-30T18:29:03.429Z","1.1.1":"2014-12-08T19:26:12.415Z","1.1.2":"2015-03-16T20:34:59.746Z","1.2.1":"2015-11-28T01:40:03.593Z","1.3.0":"2015-11-28T02:51:24.324Z"},"author":{"name":"Brian Grinstead","email":"briangrinstead@gmail.com","url":"http://briangrinstead.com"},"repository":{"type":"git","url":"https://bgrins.github.com/TinyColor"},"readmeFilename":"README.md","keywords":["color","parser","tinycolor"],"contributors":[],"users":{"greggman":true,"oncletom":true,"jerboa88":true},"license":"MIT","_attachments":{},"_etag":"\"F0E1I99HEXUKR78DS2ETNJLAS\""}