{"_id":"estraverse","_rev":"78-f3de334a892a998d9f79f1ec553a2158","name":"estraverse","description":"ECMAScript JS AST traversal functions","dist-tags":{"latest":"4.2.0"},"versions":{"0.0.1":{"name":"estraverse","description":"ECMAScript JS AST traversal functions","homepage":"http://github.com/Constellation/estraverse.html","main":"estraverse.js","version":"0.0.1","engines":{"node":">=0.4.0"},"maintainers":[{"name":"constellation","email":"utatane.tea@gmail.com"}],"repository":{"type":"git","url":"http://github.com/Constellation/estraverse.git"},"devDependencies":{"mocha":"*","chai":"*"},"licenses":[{"type":"BSD","url":"http://github.com/Constellation/estraverse/raw/master/LICENSE.BSD"}],"scripts":{"test":"./node_modules/.bin/mocha"},"_id":"estraverse@0.0.1","dist":{"shasum":"b2e3568b9e31f7e8457653f271b2be4426440722","tarball":"https://registry.npmjs.org/estraverse/-/estraverse-0.0.1.tgz"},"_npmVersion":"1.1.59","_npmUser":{"name":"constellation","email":"utatane.tea@gmail.com"},"directories":{}},"0.0.2":{"name":"estraverse","description":"ECMAScript JS AST traversal functions","homepage":"http://github.com/Constellation/estraverse.html","main":"estraverse.js","version":"0.0.2","engines":{"node":">=0.4.0"},"maintainers":[{"name":"constellation","email":"utatane.tea@gmail.com"}],"repository":{"type":"git","url":"http://github.com/Constellation/estraverse.git"},"devDependencies":{"mocha":"*","chai":"*"},"licenses":[{"type":"BSD","url":"http://github.com/Constellation/estraverse/raw/master/LICENSE.BSD"}],"scripts":{"test":"./node_modules/.bin/mocha"},"_id":"estraverse@0.0.2","dist":{"shasum":"ed7be209b21de195e6ac7c3986ce5f22e569777f","tarball":"https://registry.npmjs.org/estraverse/-/estraverse-0.0.2.tgz"},"_npmVersion":"1.1.59","_npmUser":{"name":"constellation","email":"utatane.tea@gmail.com"},"directories":{}},"0.0.3":{"name":"estraverse","description":"ECMAScript JS AST traversal functions","homepage":"http://github.com/Constellation/estraverse.html","main":"estraverse.js","version":"0.0.3","engines":{"node":">=0.4.0"},"maintainers":[{"name":"constellation","email":"utatane.tea@gmail.com"}],"repository":{"type":"git","url":"http://github.com/Constellation/estraverse.git"},"devDependencies":{"mocha":"*","chai":"*"},"licenses":[{"type":"BSD","url":"http://github.com/Constellation/estraverse/raw/master/LICENSE.BSD"}],"scripts":{"test":"./node_modules/.bin/mocha"},"_id":"estraverse@0.0.3","dist":{"shasum":"fc1b62686aed7614b28a73e0c56749eb3fe7a2a9","tarball":"https://registry.npmjs.org/estraverse/-/estraverse-0.0.3.tgz"},"_npmVersion":"1.1.59","_npmUser":{"name":"constellation","email":"utatane.tea@gmail.com"},"directories":{}},"0.0.4":{"name":"estraverse","description":"ECMAScript JS AST traversal functions","homepage":"http://github.com/Constellation/estraverse.html","main":"estraverse.js","version":"0.0.4","engines":{"node":">=0.4.0"},"maintainers":[{"name":"constellation","email":"utatane.tea@gmail.com"}],"repository":{"type":"git","url":"http://github.com/Constellation/estraverse.git"},"devDependencies":{"mocha":"*","chai":"*"},"licenses":[{"type":"BSD","url":"http://github.com/Constellation/estraverse/raw/master/LICENSE.BSD"}],"scripts":{"test":"./node_modules/.bin/mocha"},"_id":"estraverse@0.0.4","dist":{"shasum":"01a0932dfee574684a598af5a67c3bf9b6428db2","tarball":"https://registry.npmjs.org/estraverse/-/estraverse-0.0.4.tgz"},"_npmVersion":"1.1.68","_npmUser":{"name":"constellation","email":"utatane.tea@gmail.com"},"directories":{}},"1.0.0":{"name":"estraverse","description":"ECMAScript JS AST traversal functions","homepage":"http://github.com/Constellation/estraverse.html","main":"estraverse.js","version":"1.0.0","engines":{"node":">=0.4.0"},"maintainers":[{"name":"constellation","email":"utatane.tea@gmail.com"}],"repository":{"type":"git","url":"http://github.com/Constellation/estraverse.git"},"devDependencies":{"jshint":"~1.1.0","mocha":"*","chai":"*"},"licenses":[{"type":"BSD","url":"http://github.com/Constellation/estraverse/raw/master/LICENSE.BSD"}],"scripts":{"test":"npm run-script lint","lint":"node_modules/.bin/jshint estraverse.js"},"_id":"estraverse@1.0.0","dist":{"shasum":"15c71548c340d4822b6b085b6c16fe79f6c599d9","tarball":"https://registry.npmjs.org/estraverse/-/estraverse-1.0.0.tgz"},"_from":".","_npmVersion":"1.2.2","_npmUser":{"name":"constellation","email":"utatane.tea@gmail.com"},"directories":{}},"1.1.0":{"name":"estraverse","description":"ECMAScript JS AST traversal functions","homepage":"http://github.com/Constellation/estraverse.html","main":"estraverse.js","version":"1.1.0","engines":{"node":">=0.4.0"},"maintainers":[{"name":"constellation","email":"utatane.tea@gmail.com"}],"repository":{"type":"git","url":"http://github.com/Constellation/estraverse.git"},"devDependencies":{"jshint":"~1.1.0","mocha":"*","chai":"*"},"licenses":[{"type":"BSD","url":"http://github.com/Constellation/estraverse/raw/master/LICENSE.BSD"}],"scripts":{"test":"npm run-script lint","lint":"node_modules/.bin/jshint estraverse.js"},"_id":"estraverse@1.1.0","dist":{"shasum":"3a4e450fd48d70c1310492207c3c0004a99743b9","tarball":"https://registry.npmjs.org/estraverse/-/estraverse-1.1.0.tgz"},"_from":".","_npmVersion":"1.2.17","_npmUser":{"name":"constellation","email":"utatane.tea@gmail.com"},"directories":{}},"1.1.1":{"name":"estraverse","description":"ECMAScript JS AST traversal functions","homepage":"http://github.com/Constellation/estraverse.html","main":"estraverse.js","version":"1.1.1","engines":{"node":">=0.4.0"},"maintainers":[{"name":"constellation","email":"utatane.tea@gmail.com"}],"repository":{"type":"git","url":"http://github.com/Constellation/estraverse.git"},"devDependencies":{"jshint":"~1.1.0","mocha":"*","chai":"*"},"licenses":[{"type":"BSD","url":"http://github.com/Constellation/estraverse/raw/master/LICENSE.BSD"}],"scripts":{"test":"npm run-script lint","lint":"node_modules/.bin/jshint estraverse.js"},"_id":"estraverse@1.1.1","dist":{"shasum":"657fff768decd7e329e2454534897b70dc701ebf","tarball":"https://registry.npmjs.org/estraverse/-/estraverse-1.1.1.tgz"},"_from":".","_npmVersion":"1.2.17","_npmUser":{"name":"constellation","email":"utatane.tea@gmail.com"},"directories":{}},"1.1.2-1":{"name":"estraverse","description":"ECMAScript JS AST traversal functions","homepage":"http://github.com/Constellation/estraverse.html","main":"estraverse.js","version":"1.1.2-1","engines":{"node":">=0.4.0"},"maintainers":[{"name":"constellation","email":"utatane.tea@gmail.com"}],"repository":{"type":"git","url":"http://github.com/Constellation/estraverse.git"},"devDependencies":{"jshint":"~1.1.0","mocha":"*","chai":"*"},"licenses":[{"type":"BSD","url":"http://github.com/Constellation/estraverse/raw/master/LICENSE.BSD"}],"scripts":{"test":"npm run-script lint","lint":"node_modules/.bin/jshint estraverse.js"},"_id":"estraverse@1.1.2-1","dist":{"shasum":"28ff59bb3cf1272a2027e1c1541f94b23226b311","tarball":"https://registry.npmjs.org/estraverse/-/estraverse-1.1.2-1.tgz"},"_from":".","_npmVersion":"1.2.2","_npmUser":{"name":"constellation","email":"utatane.tea@gmail.com"},"directories":{}},"1.2.0":{"name":"estraverse","description":"ECMAScript JS AST traversal functions","homepage":"http://github.com/Constellation/estraverse.html","main":"estraverse.js","version":"1.2.0","engines":{"node":">=0.4.0"},"maintainers":[{"name":"constellation","email":"utatane.tea@gmail.com"}],"repository":{"type":"git","url":"http://github.com/Constellation/estraverse.git"},"devDependencies":{"mocha":"~1.12.0","chai":"~1.7.2","jshint":"~2.1.4","coffee-script":"~1.6.3"},"licenses":[{"type":"BSD","url":"http://github.com/Constellation/estraverse/raw/master/LICENSE.BSD"}],"scripts":{"test":"npm run-script lint && npm run-script unit-test","lint":"jshint estraverse.js","unit-test":"mocha --compilers coffee:coffee-script"},"bugs":{"url":"https://github.com/Constellation/estraverse/issues"},"_id":"estraverse@1.2.0","dist":{"shasum":"6a3dc8a46a5d6766e5668639fc782976ce5660fd","tarball":"https://registry.npmjs.org/estraverse/-/estraverse-1.2.0.tgz"},"_from":".","_npmVersion":"1.2.32","_npmUser":{"name":"constellation","email":"utatane.tea@gmail.com"},"directories":{}},"1.3.0":{"name":"estraverse","description":"ECMAScript JS AST traversal functions","homepage":"http://github.com/Constellation/estraverse.html","main":"estraverse.js","version":"1.3.0","engines":{"node":">=0.4.0"},"maintainers":[{"name":"constellation","email":"utatane.tea@gmail.com"}],"repository":{"type":"git","url":"http://github.com/Constellation/estraverse.git"},"devDependencies":{"mocha":"~1.12.0","chai":"~1.7.2","jshint":"~2.1.4","coffee-script":"~1.6.3"},"licenses":[{"type":"BSD","url":"http://github.com/Constellation/estraverse/raw/master/LICENSE.BSD"}],"scripts":{"test":"npm run-script lint && npm run-script unit-test","lint":"jshint estraverse.js","unit-test":"mocha --compilers coffee:coffee-script"},"bugs":{"url":"https://github.com/Constellation/estraverse/issues"},"_id":"estraverse@1.3.0","dist":{"shasum":"97fe9ceff88eaebf16ed0f276e246ace63787ed0","tarball":"https://registry.npmjs.org/estraverse/-/estraverse-1.3.0.tgz"},"_from":".","_npmVersion":"1.2.32","_npmUser":{"name":"constellation","email":"utatane.tea@gmail.com"},"directories":{}},"1.3.1":{"name":"estraverse","description":"ECMAScript JS AST traversal functions","homepage":"http://github.com/Constellation/estraverse.html","main":"estraverse.js","version":"1.3.1","engines":{"node":">=0.4.0"},"maintainers":[{"name":"constellation","email":"utatane.tea@gmail.com"}],"repository":{"type":"git","url":"http://github.com/Constellation/estraverse.git"},"devDependencies":{"mocha":"~1.12.0","chai":"~1.7.2","jshint":"2.1.5","coffee-script":"~1.6.3"},"licenses":[{"type":"BSD","url":"http://github.com/Constellation/estraverse/raw/master/LICENSE.BSD"}],"scripts":{"test":"npm run-script lint && npm run-script unit-test","lint":"jshint estraverse.js","unit-test":"mocha --compilers coffee:coffee-script"},"bugs":{"url":"https://github.com/Constellation/estraverse/issues"},"_id":"estraverse@1.3.1","dist":{"shasum":"628603c22af563a1dbc5a6d59fbb5b072f52f87d","tarball":"https://registry.npmjs.org/estraverse/-/estraverse-1.3.1.tgz"},"_from":".","_npmVersion":"1.2.32","_npmUser":{"name":"constellation","email":"utatane.tea@gmail.com"},"directories":{}},"1.3.2":{"name":"estraverse","description":"ECMAScript JS AST traversal functions","homepage":"https://github.com/Constellation/estraverse","main":"estraverse.js","version":"1.3.2","engines":{"node":">=0.4.0"},"maintainers":[{"name":"constellation","email":"utatane.tea@gmail.com"}],"repository":{"type":"git","url":"http://github.com/Constellation/estraverse.git"},"devDependencies":{"mocha":"~1.12.0","chai":"~1.7.2","jshint":"2.1.5","coffee-script":"~1.6.3"},"licenses":[{"type":"BSD","url":"http://github.com/Constellation/estraverse/raw/master/LICENSE.BSD"}],"scripts":{"test":"npm run-script lint && npm run-script unit-test","lint":"jshint estraverse.js","unit-test":"mocha --compilers coffee:coffee-script"},"bugs":{"url":"https://github.com/Constellation/estraverse/issues"},"_id":"estraverse@1.3.2","dist":{"shasum":"37c2b893ef13d723f276d878d60d8535152a6c42","tarball":"https://registry.npmjs.org/estraverse/-/estraverse-1.3.2.tgz"},"_from":".","_npmVersion":"1.2.32","_npmUser":{"name":"constellation","email":"utatane.tea@gmail.com"},"directories":{}},"1.4.0":{"name":"estraverse","description":"ECMAScript JS AST traversal functions","homepage":"https://github.com/Constellation/estraverse","main":"estraverse.js","version":"1.4.0","engines":{"node":">=0.4.0"},"maintainers":[{"name":"constellation","email":"utatane.tea@gmail.com"}],"repository":{"type":"git","url":"http://github.com/Constellation/estraverse.git"},"devDependencies":{"mocha":"~1.12.0","chai":"~1.7.2","jshint":"2.1.5","coffee-script":"~1.6.3"},"licenses":[{"type":"BSD","url":"http://github.com/Constellation/estraverse/raw/master/LICENSE.BSD"}],"scripts":{"test":"npm run-script lint && npm run-script unit-test","lint":"jshint estraverse.js","unit-test":"mocha --compilers coffee:coffee-script"},"bugs":{"url":"https://github.com/Constellation/estraverse/issues"},"_id":"estraverse@1.4.0","dist":{"shasum":"c6e1ad13b3f1b389da32214f2debe4788382bfc6","tarball":"https://registry.npmjs.org/estraverse/-/estraverse-1.4.0.tgz"},"_from":".","_npmVersion":"1.3.11","_npmUser":{"name":"constellation","email":"utatane.tea@gmail.com"},"directories":{}},"1.5.0":{"name":"estraverse","description":"ECMAScript JS AST traversal functions","homepage":"https://github.com/Constellation/estraverse","main":"estraverse.js","version":"1.5.0","engines":{"node":">=0.4.0"},"maintainers":[{"name":"constellation","email":"utatane.tea@gmail.com"}],"repository":{"type":"git","url":"http://github.com/Constellation/estraverse.git"},"devDependencies":{"mocha":"~1.12.0","chai":"~1.7.2","jshint":"2.1.5","coffee-script":"~1.6.3"},"licenses":[{"type":"BSD","url":"http://github.com/Constellation/estraverse/raw/master/LICENSE.BSD"}],"scripts":{"test":"npm run-script lint && npm run-script unit-test","lint":"jshint estraverse.js","unit-test":"mocha --compilers coffee:coffee-script"},"bugs":{"url":"https://github.com/Constellation/estraverse/issues"},"_id":"estraverse@1.5.0","dist":{"shasum":"248ec3f0d4bf39a940109c92a05ceb56d59e53ee","tarball":"https://registry.npmjs.org/estraverse/-/estraverse-1.5.0.tgz"},"_from":".","_npmVersion":"1.3.11","_npmUser":{"name":"constellation","email":"utatane.tea@gmail.com"},"directories":{}},"1.5.1":{"name":"estraverse","description":"ECMAScript JS AST traversal functions","homepage":"https://github.com/Constellation/estraverse","main":"estraverse.js","version":"1.5.1","engines":{"node":">=0.4.0"},"maintainers":[{"name":"constellation","email":"utatane.tea@gmail.com"}],"repository":{"type":"git","url":"http://github.com/Constellation/estraverse.git"},"devDependencies":{"mocha":"~1.12.0","chai":"~1.7.2","jshint":"2.1.5","coffee-script":"~1.6.3","xyz":"^0.4.0"},"licenses":[{"type":"BSD","url":"http://github.com/Constellation/estraverse/raw/master/LICENSE.BSD"}],"scripts":{"test":"npm run-script lint && npm run-script unit-test","lint":"jshint estraverse.js","unit-test":"mocha --compilers coffee:coffee-script","release-major":"xyz --increment major","release-minor":"xyz --increment minor","release-patch":"xyz --increment patch"},"bugs":{"url":"https://github.com/Constellation/estraverse/issues"},"_id":"estraverse@1.5.1","dist":{"shasum":"867a3e8e58a9f84618afb6c2ddbcd916b7cbaf71","tarball":"https://registry.npmjs.org/estraverse/-/estraverse-1.5.1.tgz"},"_from":".","_npmVersion":"1.4.3","_npmUser":{"name":"constellation","email":"utatane.tea@gmail.com"},"directories":{}},"1.6.0":{"name":"estraverse","description":"ECMAScript JS AST traversal functions","homepage":"https://github.com/Constellation/estraverse","main":"estraverse.js","version":"1.6.0","engines":{"node":">=0.10.0"},"maintainers":[{"name":"constellation","email":"utatane.tea@gmail.com"}],"repository":{"type":"git","url":"http://github.com/Constellation/estraverse.git"},"devDependencies":{"mocha":"~1.12.0","chai":"~1.7.2","jshint":"2.1.5","coffee-script":"~1.6.3","xyz":"^0.4.0"},"licenses":[{"type":"BSD","url":"http://github.com/Constellation/estraverse/raw/master/LICENSE.BSD"}],"scripts":{"test":"npm run-script lint && npm run-script unit-test","lint":"jshint estraverse.js","unit-test":"mocha --compilers coffee:coffee-script","release-major":"xyz --increment major --tag X.Y.Z","release-minor":"xyz --increment minor --tag X.Y.Z","release-patch":"xyz --increment patch --tag X.Y.Z"},"bugs":{"url":"https://github.com/Constellation/estraverse/issues"},"_id":"estraverse@1.6.0","dist":{"shasum":"d6820b138fbdcfdbb98b32c979d0eda388d612f9","tarball":"https://registry.npmjs.org/estraverse/-/estraverse-1.6.0.tgz"},"_from":".","_npmVersion":"1.3.11","_npmUser":{"name":"constellation","email":"utatane.tea@gmail.com"},"directories":{}},"1.7.0":{"name":"estraverse","description":"ECMAScript JS AST traversal functions","homepage":"https://github.com/Constellation/estraverse","main":"estraverse.js","version":"1.7.0","engines":{"node":">=0.10.0"},"maintainers":[{"name":"constellation","email":"utatane.tea@gmail.com"}],"repository":{"type":"git","url":"http://github.com/Constellation/estraverse.git"},"devDependencies":{"mocha":"^1.21.5","chai":"^1.9.2","jshint":"^2.5.6","coffee-script":"^1.8.0","xyz":"^0.4.0"},"licenses":[{"type":"BSD","url":"http://github.com/Constellation/estraverse/raw/master/LICENSE.BSD"}],"scripts":{"test":"npm run-script lint && npm run-script unit-test","lint":"jshint estraverse.js","unit-test":"mocha --compilers coffee:coffee-script/register","release-major":"xyz --increment major --tag X.Y.Z","release-minor":"xyz --increment minor --tag X.Y.Z","release-patch":"xyz --increment patch --tag X.Y.Z"},"bugs":{"url":"https://github.com/Constellation/estraverse/issues"},"_id":"estraverse@1.7.0","dist":{"shasum":"05dbae27f44ee7cd795e16d118ceff05f1b6a413","tarball":"https://registry.npmjs.org/estraverse/-/estraverse-1.7.0.tgz"},"_from":".","_npmVersion":"1.3.11","_npmUser":{"name":"constellation","email":"utatane.tea@gmail.com"},"directories":{}},"1.7.1":{"name":"estraverse","description":"ECMAScript JS AST traversal functions","homepage":"https://github.com/Constellation/estraverse","main":"estraverse.js","version":"1.7.1","engines":{"node":">=0.10.0"},"maintainers":[{"name":"constellation","email":"utatane.tea@gmail.com"}],"repository":{"type":"git","url":"http://github.com/Constellation/estraverse.git"},"devDependencies":{"mocha":"^1.21.5","chai":"^1.9.2","jshint":"^2.5.6","coffee-script":"^1.8.0","xyz":"^0.4.0"},"licenses":[{"type":"BSD","url":"http://github.com/Constellation/estraverse/raw/master/LICENSE.BSD"}],"scripts":{"test":"npm run-script lint && npm run-script unit-test","lint":"jshint estraverse.js","unit-test":"mocha --compilers coffee:coffee-script/register","release-major":"xyz --increment major --tag X.Y.Z","release-minor":"xyz --increment minor --tag X.Y.Z","release-patch":"xyz --increment patch --tag X.Y.Z"},"gitHead":"dcea858762b9b64ea11b90a136dfb2b734390028","bugs":{"url":"https://github.com/Constellation/estraverse/issues"},"_id":"estraverse@1.7.1","_shasum":"9282b5c38911eb70ec63ad65254491338ef29d78","_from":".","_npmVersion":"2.0.0-alpha-5","_npmUser":{"name":"constellation","email":"utatane.tea@gmail.com"},"dist":{"shasum":"9282b5c38911eb70ec63ad65254491338ef29d78","tarball":"https://registry.npmjs.org/estraverse/-/estraverse-1.7.1.tgz"},"directories":{}},"1.8.0":{"name":"estraverse","description":"ECMAScript JS AST traversal functions","homepage":"https://github.com/Constellation/estraverse","main":"estraverse.js","version":"1.8.0","engines":{"node":">=0.10.0"},"maintainers":[{"name":"constellation","email":"utatane.tea@gmail.com"}],"repository":{"type":"git","url":"http://github.com/Constellation/estraverse.git"},"devDependencies":{"mocha":"^1.21.5","chai":"^1.9.2","jshint":"^2.5.6","coffee-script":"^1.8.0","xyz":"^0.4.0"},"licenses":[{"type":"BSD","url":"http://github.com/Constellation/estraverse/raw/master/LICENSE.BSD"}],"scripts":{"test":"npm run-script lint && npm run-script unit-test","lint":"jshint estraverse.js","unit-test":"mocha --compilers coffee:coffee-script/register","release-major":"xyz --increment major --tag X.Y.Z","release-minor":"xyz --increment minor --tag X.Y.Z","release-patch":"xyz --increment patch --tag X.Y.Z"},"gitHead":"c280df4aa75d7846328aa436ee5acd04afafc543","bugs":{"url":"https://github.com/Constellation/estraverse/issues"},"_id":"estraverse@1.8.0","_shasum":"3f1264fb62c8500dbae5e4f73705cd576d6af428","_from":".","_npmVersion":"2.0.0-alpha-5","_npmUser":{"name":"constellation","email":"utatane.tea@gmail.com"},"dist":{"shasum":"3f1264fb62c8500dbae5e4f73705cd576d6af428","tarball":"https://registry.npmjs.org/estraverse/-/estraverse-1.8.0.tgz"},"directories":{}},"1.9.0":{"name":"estraverse","description":"ECMAScript JS AST traversal functions","homepage":"https://github.com/estools/estraverse","main":"estraverse.js","version":"1.9.0","engines":{"node":">=0.10.0"},"maintainers":[{"name":"constellation","email":"utatane.tea@gmail.com"}],"repository":{"type":"git","url":"http://github.com/estools/estraverse.git"},"devDependencies":{"mocha":"^1.21.5","chai":"^1.9.2","jshint":"^2.5.6","coffee-script":"^1.8.0","xyz":"^0.4.0"},"licenses":[{"type":"BSD","url":"http://github.com/estools/estraverse/raw/master/LICENSE.BSD"}],"scripts":{"test":"npm run-script lint && npm run-script unit-test","lint":"jshint estraverse.js","unit-test":"mocha --compilers coffee:coffee-script/register","release-major":"xyz --increment major --tag X.Y.Z","release-minor":"xyz --increment minor --tag X.Y.Z","release-patch":"xyz --increment patch --tag X.Y.Z"},"gitHead":"1099e0f42bd6ffb07014ebf39423acdd5f63125e","bugs":{"url":"https://github.com/estools/estraverse/issues"},"_id":"estraverse@1.9.0","_shasum":"738824ba445fab7ff2e42c7a7a98e7cf7ac2becf","_from":".","_npmVersion":"2.0.0-alpha-5","_npmUser":{"name":"constellation","email":"utatane.tea@gmail.com"},"dist":{"shasum":"738824ba445fab7ff2e42c7a7a98e7cf7ac2becf","tarball":"https://registry.npmjs.org/estraverse/-/estraverse-1.9.0.tgz"},"directories":{}},"1.9.1":{"name":"estraverse","description":"ECMAScript JS AST traversal functions","homepage":"https://github.com/estools/estraverse","main":"estraverse.js","version":"1.9.1","engines":{"node":">=0.10.0"},"maintainers":[{"name":"constellation","email":"utatane.tea@gmail.com"}],"repository":{"type":"git","url":"http://github.com/estools/estraverse.git"},"devDependencies":{"mocha":"^1.21.5","chai":"^1.9.2","jshint":"^2.5.6","coffee-script":"^1.8.0","xyz":"^0.4.0"},"licenses":[{"type":"BSD","url":"http://github.com/estools/estraverse/raw/master/LICENSE.BSD"}],"scripts":{"test":"npm run-script lint && npm run-script unit-test","lint":"jshint estraverse.js","unit-test":"mocha --compilers coffee:coffee-script/register","release-major":"xyz --increment major --tag X.Y.Z","release-minor":"xyz --increment minor --tag X.Y.Z","release-patch":"xyz --increment patch --tag X.Y.Z"},"gitHead":"87bb46d03516514026e86291d1f1f29c19d3a3de","bugs":{"url":"https://github.com/estools/estraverse/issues"},"_id":"estraverse@1.9.1","_shasum":"553a74829ef763ea6153807f86b90ccde5e32231","_from":".","_npmVersion":"2.0.0-alpha-5","_npmUser":{"name":"constellation","email":"utatane.tea@gmail.com"},"dist":{"shasum":"553a74829ef763ea6153807f86b90ccde5e32231","tarball":"https://registry.npmjs.org/estraverse/-/estraverse-1.9.1.tgz"},"directories":{}},"1.9.3":{"name":"estraverse","description":"ECMAScript JS AST traversal functions","homepage":"https://github.com/estools/estraverse","main":"estraverse.js","version":"1.9.3","engines":{"node":">=0.10.0"},"maintainers":[{"name":"constellation","email":"utatane.tea@gmail.com"}],"repository":{"type":"git","url":"http://github.com/estools/estraverse.git"},"devDependencies":{"chai":"^2.1.1","coffee-script":"^1.8.0","gulp":"^3.8.10","gulp-bump":"^0.2.2","gulp-filter":"^2.0.0","gulp-git":"^1.0.1","gulp-tag-version":"^1.2.1","jshint":"^2.5.6","mocha":"^2.1.0"},"licenses":[{"type":"BSD","url":"http://github.com/estools/estraverse/raw/master/LICENSE.BSD"}],"scripts":{"test":"npm run-script lint && npm run-script unit-test","lint":"jshint estraverse.js","unit-test":"mocha --compilers coffee:coffee-script/register"},"gitHead":"9c249de6b2ea08655d3c68bfc30b5d7d81dc8703","bugs":{"url":"https://github.com/estools/estraverse/issues"},"_id":"estraverse@1.9.3","_shasum":"af67f2dc922582415950926091a4005d29c9bb44","_from":".","_npmVersion":"1.4.28","_npmUser":{"name":"constellation","email":"utatane.tea@gmail.com"},"dist":{"shasum":"af67f2dc922582415950926091a4005d29c9bb44","tarball":"https://registry.npmjs.org/estraverse/-/estraverse-1.9.3.tgz"},"directories":{}},"2.0.0":{"name":"estraverse","description":"ECMAScript JS AST traversal functions","homepage":"https://github.com/estools/estraverse","main":"estraverse.js","version":"2.0.0","engines":{"node":">=0.10.0"},"maintainers":[{"name":"constellation","email":"utatane.tea@gmail.com"}],"repository":{"type":"git","url":"http://github.com/estools/estraverse.git"},"devDependencies":{"chai":"^2.1.1","coffee-script":"^1.8.0","espree":"^1.11.0","gulp":"^3.8.10","gulp-bump":"^0.2.2","gulp-filter":"^2.0.0","gulp-git":"^1.0.1","gulp-tag-version":"^1.2.1","jshint":"^2.5.6","mocha":"^2.1.0"},"licenses":[{"type":"BSD","url":"http://github.com/estools/estraverse/raw/master/LICENSE.BSD"}],"scripts":{"test":"npm run-script lint && npm run-script unit-test","lint":"jshint estraverse.js","unit-test":"mocha --compilers coffee:coffee-script/register"},"gitHead":"d8bc726f126817cc03c7a4e751528edb19db0ffb","bugs":{"url":"https://github.com/estools/estraverse/issues"},"_id":"estraverse@2.0.0","_shasum":"5ae46963243600206674ccb24a09e16674fcdca1","_from":".","_npmVersion":"2.0.0-alpha-5","_npmUser":{"name":"constellation","email":"utatane.tea@gmail.com"},"dist":{"shasum":"5ae46963243600206674ccb24a09e16674fcdca1","tarball":"https://registry.npmjs.org/estraverse/-/estraverse-2.0.0.tgz"},"directories":{}},"3.0.0":{"name":"estraverse","description":"ECMAScript JS AST traversal functions","homepage":"https://github.com/estools/estraverse","main":"estraverse.js","version":"3.0.0","engines":{"node":">=0.10.0"},"maintainers":[{"name":"constellation","email":"utatane.tea@gmail.com"},{"name":"michaelficarra","email":"npm@michael.ficarra.me"}],"repository":{"type":"git","url":"http://github.com/estools/estraverse.git"},"devDependencies":{"chai":"^2.1.1","coffee-script":"^1.8.0","espree":"^1.11.0","gulp":"^3.8.10","gulp-bump":"^0.2.2","gulp-filter":"^2.0.0","gulp-git":"^1.0.1","gulp-tag-version":"^1.2.1","jshint":"^2.5.6","mocha":"^2.1.0"},"licenses":[{"type":"BSD","url":"http://github.com/estools/estraverse/raw/master/LICENSE.BSD"}],"scripts":{"test":"npm run-script lint && npm run-script unit-test","lint":"jshint estraverse.js","unit-test":"mocha --compilers coffee:coffee-script/register"},"gitHead":"092772f209c966cbc7c5bd82dac5007c629270a5","bugs":{"url":"https://github.com/estools/estraverse/issues"},"_id":"estraverse@3.0.0","_shasum":"bacaeb29215736a393cab94630097c15cca028bb","_from":".","_npmVersion":"2.0.0-alpha-5","_npmUser":{"name":"constellation","email":"utatane.tea@gmail.com"},"dist":{"shasum":"bacaeb29215736a393cab94630097c15cca028bb","tarball":"https://registry.npmjs.org/estraverse/-/estraverse-3.0.0.tgz"},"directories":{}},"3.1.0":{"name":"estraverse","description":"ECMAScript JS AST traversal functions","homepage":"https://github.com/estools/estraverse","main":"estraverse.js","version":"3.1.0","engines":{"node":">=0.10.0"},"maintainers":[{"name":"constellation","email":"utatane.tea@gmail.com"},{"name":"michaelficarra","email":"npm@michael.ficarra.me"}],"repository":{"type":"git","url":"http://github.com/estools/estraverse.git"},"devDependencies":{"chai":"^2.1.1","coffee-script":"^1.8.0","espree":"^1.11.0","gulp":"^3.8.10","gulp-bump":"^0.2.2","gulp-filter":"^2.0.0","gulp-git":"^1.0.1","gulp-tag-version":"^1.2.1","jshint":"^2.5.6","mocha":"^2.1.0"},"licenses":[{"type":"BSD","url":"http://github.com/estools/estraverse/raw/master/LICENSE.BSD"}],"scripts":{"test":"npm run-script lint && npm run-script unit-test","lint":"jshint estraverse.js","unit-test":"mocha --compilers coffee:coffee-script/register"},"gitHead":"166ebbe0a8d45ceb2391b6f5ef5d1bab6bfb267a","bugs":{"url":"https://github.com/estools/estraverse/issues"},"_id":"estraverse@3.1.0","_shasum":"15e28a446b8b82bc700ccc8b96c78af4da0d6cba","_from":".","_npmVersion":"2.0.0-alpha-5","_npmUser":{"name":"constellation","email":"utatane.tea@gmail.com"},"dist":{"shasum":"15e28a446b8b82bc700ccc8b96c78af4da0d6cba","tarball":"https://registry.npmjs.org/estraverse/-/estraverse-3.1.0.tgz"},"directories":{}},"4.0.0":{"name":"estraverse","description":"ECMAScript JS AST traversal functions","homepage":"https://github.com/estools/estraverse","main":"estraverse.js","version":"4.0.0","engines":{"node":">=0.10.0"},"maintainers":[{"name":"constellation","email":"utatane.tea@gmail.com"},{"name":"michaelficarra","email":"npm@michael.ficarra.me"}],"repository":{"type":"git","url":"http://github.com/estools/estraverse.git"},"devDependencies":{"chai":"^2.1.1","coffee-script":"^1.8.0","espree":"^1.11.0","gulp":"^3.8.10","gulp-bump":"^0.2.2","gulp-filter":"^2.0.0","gulp-git":"^1.0.1","gulp-tag-version":"^1.2.1","jshint":"^2.5.6","mocha":"^2.1.0"},"licenses":[{"type":"BSD","url":"http://github.com/estools/estraverse/raw/master/LICENSE.BSD"}],"scripts":{"test":"npm run-script lint && npm run-script unit-test","lint":"jshint estraverse.js","unit-test":"mocha --compilers coffee:coffee-script/register"},"gitHead":"a5535660496d54a708ed4810e4c3b6c1f2761d81","bugs":{"url":"https://github.com/estools/estraverse/issues"},"_id":"estraverse@4.0.0","_shasum":"ab96dd6bef5dc7958cec1d7d45085dd5c8f1eda1","_from":".","_npmVersion":"2.7.4","_nodeVersion":"0.12.2","_npmUser":{"name":"constellation","email":"utatane.tea@gmail.com"},"dist":{"shasum":"ab96dd6bef5dc7958cec1d7d45085dd5c8f1eda1","tarball":"https://registry.npmjs.org/estraverse/-/estraverse-4.0.0.tgz"},"directories":{}},"4.1.0":{"name":"estraverse","description":"ECMAScript JS AST traversal functions","homepage":"https://github.com/estools/estraverse","main":"estraverse.js","version":"4.1.0","engines":{"node":">=0.10.0"},"maintainers":[{"name":"constellation","email":"utatane.tea@gmail.com"},{"name":"michaelficarra","email":"npm@michael.ficarra.me"}],"repository":{"type":"git","url":"git+ssh://git@github.com/estools/estraverse.git"},"devDependencies":{"chai":"^2.1.1","coffee-script":"^1.8.0","espree":"^1.11.0","gulp":"^3.8.10","gulp-bump":"^0.2.2","gulp-filter":"^2.0.0","gulp-git":"^1.0.1","gulp-tag-version":"^1.2.1","jshint":"^2.5.6","mocha":"^2.1.0"},"licenses":[{"type":"BSD","url":"http://github.com/estools/estraverse/raw/master/LICENSE.BSD"}],"scripts":{"test":"npm run-script lint && npm run-script unit-test","lint":"jshint estraverse.js","unit-test":"mocha --compilers coffee:coffee-script/register"},"gitHead":"347d52996336719b5910c7ffb5ff3ea8ecb87cf3","bugs":{"url":"https://github.com/estools/estraverse/issues"},"_id":"estraverse@4.1.0","_shasum":"40f23a76092041be6467d7f235c933b670766e05","_from":".","_npmVersion":"2.8.3","_nodeVersion":"1.8.1","_npmUser":{"name":"constellation","email":"utatane.tea@gmail.com"},"dist":{"shasum":"40f23a76092041be6467d7f235c933b670766e05","tarball":"https://registry.npmjs.org/estraverse/-/estraverse-4.1.0.tgz"},"directories":{}},"4.1.1":{"name":"estraverse","description":"ECMAScript JS AST traversal functions","homepage":"https://github.com/estools/estraverse","main":"estraverse.js","version":"4.1.1","engines":{"node":">=0.10.0"},"maintainers":[{"name":"constellation","email":"utatane.tea@gmail.com"},{"name":"michaelficarra","email":"npm@michael.ficarra.me"},{"name":"nzakas","email":"nicholas@nczconsulting.com"}],"repository":{"type":"git","url":"git+ssh://git@github.com/estools/estraverse.git"},"devDependencies":{"chai":"^2.1.1","coffee-script":"^1.8.0","espree":"^1.11.0","gulp":"^3.8.10","gulp-bump":"^0.2.2","gulp-filter":"^2.0.0","gulp-git":"^1.0.1","gulp-tag-version":"^1.2.1","jshint":"^2.5.6","mocha":"^2.1.0"},"license":"BSD-2-Clause","scripts":{"test":"npm run-script lint && npm run-script unit-test","lint":"jshint estraverse.js","unit-test":"mocha --compilers coffee:coffee-script/register"},"gitHead":"bbcccbfe98296585e4311c8755e1d00dcd581e3c","bugs":{"url":"https://github.com/estools/estraverse/issues"},"_id":"estraverse@4.1.1","_shasum":"f6caca728933a850ef90661d0e17982ba47111a2","_from":".","_npmVersion":"2.14.4","_nodeVersion":"4.1.1","_npmUser":{"name":"constellation","email":"utatane.tea@gmail.com"},"dist":{"shasum":"f6caca728933a850ef90661d0e17982ba47111a2","tarball":"https://registry.npmjs.org/estraverse/-/estraverse-4.1.1.tgz"},"directories":{}},"4.2.0":{"name":"estraverse","description":"ECMAScript JS AST traversal functions","homepage":"https://github.com/estools/estraverse","main":"estraverse.js","version":"4.2.0","engines":{"node":">=0.10.0"},"maintainers":[{"name":"constellation","email":"utatane.tea@gmail.com"},{"name":"michaelficarra","email":"npm@michael.ficarra.me"},{"name":"nzakas","email":"nicholas@nczconsulting.com"}],"repository":{"type":"git","url":"git+ssh://git@github.com/estools/estraverse.git"},"devDependencies":{"babel-preset-es2015":"^6.3.13","babel-register":"^6.3.13","chai":"^2.1.1","espree":"^1.11.0","gulp":"^3.8.10","gulp-bump":"^0.2.2","gulp-filter":"^2.0.0","gulp-git":"^1.0.1","gulp-tag-version":"^1.2.1","jshint":"^2.5.6","mocha":"^2.1.0"},"license":"BSD-2-Clause","scripts":{"test":"npm run-script lint && npm run-script unit-test","lint":"jshint estraverse.js","unit-test":"mocha --compilers js:babel-register"},"gitHead":"6f6a4e99653908e859c7c10d04d9518bf4844ede","bugs":{"url":"https://github.com/estools/estraverse/issues"},"_id":"estraverse@4.2.0","_shasum":"0dee3fed31fcd469618ce7342099fc1afa0bdb13","_from":".","_npmVersion":"2.14.9","_nodeVersion":"0.12.9","_npmUser":{"name":"nzakas","email":"nicholas@nczconsulting.com"},"dist":{"shasum":"0dee3fed31fcd469618ce7342099fc1afa0bdb13","tarball":"https://registry.npmjs.org/estraverse/-/estraverse-4.2.0.tgz"},"_npmOperationalInternal":{"host":"packages-12-west.internal.npmjs.com","tmp":"tmp/estraverse-4.2.0.tgz_1457646738925_0.7118953282479197"},"directories":{}}},"readme":"### Estraverse [![Build Status](https://secure.travis-ci.org/estools/estraverse.png)](http://travis-ci.org/estools/estraverse)\n\nEstraverse ([estraverse](http://github.com/estools/estraverse)) is\n[ECMAScript](http://www.ecma-international.org/publications/standards/Ecma-262.htm)\ntraversal functions from [esmangle project](http://github.com/estools/esmangle).\n\n### Documentation\n\nYou can find usage docs at [wiki page](https://github.com/estools/estraverse/wiki/Usage).\n\n### Example Usage\n\nThe following code will output all variables declared at the root of a file.\n\n```javascript\nestraverse.traverse(ast, {\n    enter: function (node, parent) {\n        if (node.type == 'FunctionExpression' || node.type == 'FunctionDeclaration')\n            return estraverse.VisitorOption.Skip;\n    },\n    leave: function (node, parent) {\n        if (node.type == 'VariableDeclarator')\n          console.log(node.id.name);\n    }\n});\n```\n\nWe can use `this.skip`, `this.remove` and `this.break` functions instead of using Skip, Remove and Break.\n\n```javascript\nestraverse.traverse(ast, {\n    enter: function (node) {\n        this.break();\n    }\n});\n```\n\nAnd estraverse provides `estraverse.replace` function. When returning node from `enter`/`leave`, current node is replaced with it.\n\n```javascript\nresult = estraverse.replace(tree, {\n    enter: function (node) {\n        // Replace it with replaced.\n        if (node.type === 'Literal')\n            return replaced;\n    }\n});\n```\n\nBy passing `visitor.keys` mapping, we can extend estraverse traversing functionality.\n\n```javascript\n// This tree contains a user-defined `TestExpression` node.\nvar tree = {\n    type: 'TestExpression',\n\n    // This 'argument' is the property containing the other **node**.\n    argument: {\n        type: 'Literal',\n        value: 20\n    },\n\n    // This 'extended' is the property not containing the other **node**.\n    extended: true\n};\nestraverse.traverse(tree, {\n    enter: function (node) { },\n\n    // Extending the existing traversing rules.\n    keys: {\n        // TargetNodeName: [ 'keys', 'containing', 'the', 'other', '**node**' ]\n        TestExpression: ['argument']\n    }\n});\n```\n\nBy passing `visitor.fallback` option, we can control the behavior when encountering unknown nodes.\n\n```javascript\n// This tree contains a user-defined `TestExpression` node.\nvar tree = {\n    type: 'TestExpression',\n\n    // This 'argument' is the property containing the other **node**.\n    argument: {\n        type: 'Literal',\n        value: 20\n    },\n\n    // This 'extended' is the property not containing the other **node**.\n    extended: true\n};\nestraverse.traverse(tree, {\n    enter: function (node) { },\n\n    // Iterating the child **nodes** of unknown nodes.\n    fallback: 'iteration'\n});\n```\n\nWhen `visitor.fallback` is a function, we can determine which keys to visit on each node.\n\n```javascript\n// This tree contains a user-defined `TestExpression` node.\nvar tree = {\n    type: 'TestExpression',\n\n    // This 'argument' is the property containing the other **node**.\n    argument: {\n        type: 'Literal',\n        value: 20\n    },\n\n    // This 'extended' is the property not containing the other **node**.\n    extended: true\n};\nestraverse.traverse(tree, {\n    enter: function (node) { },\n\n    // Skip the `argument` property of each node\n    fallback: function(node) {\n        return Object.keys(node).filter(function(key) {\n            return key !== 'argument';\n        });\n    }\n});\n```\n\n### License\n\nCopyright (C) 2012-2016 [Yusuke Suzuki](http://github.com/Constellation)\n (twitter: [@Constellation](http://twitter.com/Constellation)) and other contributors.\n\nRedistribution and use in source and binary forms, with or without\nmodification, are permitted provided that the following conditions are met:\n\n  * Redistributions of source code must retain the above copyright\n    notice, this list of conditions and the following disclaimer.\n\n  * Redistributions in binary form must reproduce the above copyright\n    notice, this list of conditions and the following disclaimer in the\n    documentation and/or other materials provided with the distribution.\n\nTHIS SOFTWARE IS PROVIDED BY THE COPYRIGHT HOLDERS AND CONTRIBUTORS \"AS IS\"\nAND ANY EXPRESS OR IMPLIED WARRANTIES, INCLUDING, BUT NOT LIMITED TO, THE\nIMPLIED WARRANTIES OF MERCHANTABILITY AND FITNESS FOR A PARTICULAR PURPOSE\nARE DISCLAIMED. IN NO EVENT SHALL <COPYRIGHT HOLDER> BE LIABLE FOR ANY\nDIRECT, INDIRECT, INCIDENTAL, SPECIAL, EXEMPLARY, OR CONSEQUENTIAL DAMAGES\n(INCLUDING, BUT NOT LIMITED TO, PROCUREMENT OF SUBSTITUTE GOODS OR SERVICES;\nLOSS OF USE, DATA, OR PROFITS; OR BUSINESS INTERRUPTION) HOWEVER CAUSED AND\nON ANY THEORY OF LIABILITY, WHETHER IN CONTRACT, STRICT LIABILITY, OR TORT\n(INCLUDING NEGLIGENCE OR OTHERWISE) ARISING IN ANY WAY OUT OF THE USE OF\nTHIS SOFTWARE, EVEN IF ADVISED OF THE POSSIBILITY OF SUCH DAMAGE.\n","maintainers":[{"name":"constellation","email":"utatane.tea@gmail.com"},{"name":"michaelficarra","email":"npm@michael.ficarra.me"},{"name":"nzakas","email":"nicholas@nczconsulting.com"}],"time":{"modified":"2016-03-10T21:52:19.346Z","created":"2012-10-09T18:22:10.554Z","0.0.1":"2012-10-09T18:22:13.245Z","0.0.2":"2012-10-10T15:55:50.457Z","0.0.3":"2012-10-14T20:22:02.442Z","0.0.4":"2013-01-12T04:46:43.949Z","1.0.0":"2013-04-04T23:47:16.516Z","1.1.0":"2013-04-07T18:21:32.501Z","1.1.1":"2013-04-08T18:48:24.263Z","1.1.2":"2013-06-14T16:03:02.586Z","1.1.2-1":"2013-06-16T06:01:22.374Z","1.2.0":"2013-07-17T06:23:17.271Z","1.3.0":"2013-07-28T00:57:00.729Z","1.3.1":"2013-09-10T16:41:11.640Z","1.3.2":"2013-10-25T07:57:45.918Z","1.4.0":"2013-11-08T06:30:11.391Z","1.5.0":"2013-11-25T18:19:17.866Z","1.5.1":"2014-07-06T15:40:01.736Z","1.6.0":"2014-10-18T17:06:46.758Z","1.7.0":"2014-10-20T19:54:06.922Z","1.7.1":"2014-11-07T16:44:56.683Z","1.8.0":"2014-11-19T18:04:47.944Z","1.9.0":"2014-12-08T02:31:51.731Z","1.9.1":"2014-12-30T08:32:11.459Z","1.9.3":"2015-03-05T15:54:02.657Z","2.0.0":"2015-03-08T18:09:09.203Z","3.0.0":"2015-03-14T18:01:30.211Z","3.1.0":"2015-03-14T19:49:25.711Z","4.0.0":"2015-04-22T14:02:10.578Z","4.1.0":"2015-05-02T17:01:21.409Z","4.1.1":"2015-10-18T13:33:21.529Z","4.2.0":"2016-03-10T21:52:19.346Z"},"repository":{"type":"git","url":"git+ssh://git@github.com/estools/estraverse.git"},"homepage":"https://github.com/estools/estraverse","bugs":{"url":"https://github.com/estools/estraverse/issues"},"readmeFilename":"README.md","users":{"noyobo":true,"wangnan0610":true,"arleytriana":true,"djblue":true,"kaizendad":true},"license":"BSD-2-Clause","_attachments":{},"_etag":"\"97TF63ZUNHF1MXWG6EO55X73V\""}