{"_id":"jsonify","_rev":"4-7ff99fb1a898dc08aca6d7065fba1a60","name":"jsonify","description":"JSON without touching any globals","dist-tags":{"latest":"0.0.0"},"versions":{"0.0.0":{"name":"jsonify","version":"0.0.0","description":"JSON without touching any globals","main":"index.js","directories":{"lib":".","test":"test"},"devDependencies":{"tap":"0.0.x","garbage":"0.0.x"},"scripts":{"test":"tap test"},"repository":{"type":"git","url":"git://github.com/substack/jsonify.git"},"keywords":["json","browser"],"author":{"name":"Douglas Crockford","url":"http://crockford.com/"},"license":"Public Domain","_id":"jsonify@0.0.0","dependencies":{},"engines":{"node":"*"},"_engineSupported":true,"_npmVersion":"1.0.10","_nodeVersion":"v0.5.0-pre","_defaultsLoaded":true,"dist":{"shasum":"2c74b6ee41d93ca51b7b5aaee8f503631d252a73","tarball":"https://registry.npmjs.org/jsonify/-/jsonify-0.0.0.tgz"},"maintainers":[{"name":"substack","email":"mail@substack.net"}]}},"maintainers":[{"name":"substack","email":"mail@substack.net"}],"time":{"modified":"2013-01-26T23:27:38.644Z","created":"2011-08-21T12:22:23.032Z","0.0.0":"2011-08-21T12:22:24.348Z"},"author":{"name":"Douglas Crockford","url":"http://crockford.com/"},"repository":{"type":"git","url":"git://github.com/substack/jsonify.git"},"users":{"luk":true},"_attachments":{},"_etag":"\"2FCTXRPP4H152KNABZ4FUHTXI\""}