{"_id":"json-stable-stringify","_rev":"26-23a7b6acaa1eba4d01514eab9bec33da","name":"json-stable-stringify","description":"deterministic JSON.stringify() with custom sorting to get deterministic hashes from stringified results","dist-tags":{"latest":"1.0.1"},"versions":{"0.0.0":{"name":"json-stable-stringify","version":"0.0.0","description":"deterministic JSON.stringify() with custom sorting to get deterministic hashes from stringified results","main":"index.js","dependencies":{"jsonify":"~0.0.0"},"devDependencies":{"tape":"~1.0.4"},"scripts":{"test":"tape test/*.js"},"testling":{"files":"test/*.js","browsers":["ie/8..latest","ff/5","ff/latest","chrome/15","chrome/latest","safari/latest","opera/latest"]},"repository":{"type":"git","url":"git://github.com/substack/json-stable-stringify.git"},"homepage":"https://github.com/substack/json-stable-stringify","keywords":["json","stringify","deterministic","hash","sort","stable"],"author":{"name":"James Halliday","email":"mail@substack.net","url":"http://substack.net"},"license":"MIT","bugs":{"url":"https://github.com/substack/json-stable-stringify/issues"},"_id":"json-stable-stringify@0.0.0","dist":{"shasum":"a5880cbb2068c6edb68aeb8a1c17606eab6885a4","tarball":"https://registry.npmjs.org/json-stable-stringify/-/json-stable-stringify-0.0.0.tgz"},"_from":".","_npmVersion":"1.3.0","_npmUser":{"name":"substack","email":"mail@substack.net"},"maintainers":[{"name":"substack","email":"mail@substack.net"}],"directories":{}},"0.0.1":{"name":"json-stable-stringify","version":"0.0.1","description":"deterministic JSON.stringify() with custom sorting to get deterministic hashes from stringified results","main":"index.js","dependencies":{"jsonify":"~0.0.0"},"devDependencies":{"tape":"~1.0.4"},"scripts":{"test":"tape test/*.js"},"testling":{"files":"test/*.js","browsers":["ie/8..latest","ff/5","ff/latest","chrome/15","chrome/latest","safari/latest","opera/latest"]},"repository":{"type":"git","url":"git://github.com/substack/json-stable-stringify.git"},"homepage":"https://github.com/substack/json-stable-stringify","keywords":["json","stringify","deterministic","hash","sort","stable"],"author":{"name":"James Halliday","email":"mail@substack.net","url":"http://substack.net"},"license":"MIT","bugs":{"url":"https://github.com/substack/json-stable-stringify/issues"},"_id":"json-stable-stringify@0.0.1","dist":{"shasum":"611c23e814db375527df851193db59dd2af27f45","tarball":"https://registry.npmjs.org/json-stable-stringify/-/json-stable-stringify-0.0.1.tgz"},"_from":".","_npmVersion":"1.3.0","_npmUser":{"name":"substack","email":"mail@substack.net"},"maintainers":[{"name":"substack","email":"mail@substack.net"}],"directories":{}},"0.1.0":{"name":"json-stable-stringify","version":"0.1.0","description":"deterministic JSON.stringify() with custom sorting to get deterministic hashes from stringified results","main":"index.js","dependencies":{"jsonify":"~0.0.0"},"devDependencies":{"tape":"~1.0.4"},"scripts":{"test":"tape test/*.js"},"testling":{"files":"test/*.js","browsers":["ie/8..latest","ff/5","ff/latest","chrome/15","chrome/latest","safari/latest","opera/latest"]},"repository":{"type":"git","url":"git://github.com/substack/json-stable-stringify.git"},"homepage":"https://github.com/substack/json-stable-stringify","keywords":["json","stringify","deterministic","hash","sort","stable"],"author":{"name":"James Halliday","email":"mail@substack.net","url":"http://substack.net"},"license":"MIT","bugs":{"url":"https://github.com/substack/json-stable-stringify/issues"},"_id":"json-stable-stringify@0.1.0","dist":{"shasum":"c54ac064fc16d73c4b8915d4587bcd0d6635648a","tarball":"https://registry.npmjs.org/json-stable-stringify/-/json-stable-stringify-0.1.0.tgz"},"_from":".","_npmVersion":"1.3.21","_npmUser":{"name":"substack","email":"mail@substack.net"},"maintainers":[{"name":"substack","email":"mail@substack.net"}],"directories":{}},"0.1.1":{"name":"json-stable-stringify","version":"0.1.1","description":"deterministic JSON.stringify() with custom sorting to get deterministic hashes from stringified results","main":"index.js","dependencies":{"jsonify":"~0.0.0"},"devDependencies":{"tape":"~1.0.4"},"scripts":{"test":"tape test/*.js"},"testling":{"files":"test/*.js","browsers":["ie/8..latest","ff/5","ff/latest","chrome/15","chrome/latest","safari/latest","opera/latest"]},"repository":{"type":"git","url":"git://github.com/substack/json-stable-stringify.git"},"homepage":"https://github.com/substack/json-stable-stringify","keywords":["json","stringify","deterministic","hash","sort","stable"],"author":{"name":"James Halliday","email":"mail@substack.net","url":"http://substack.net"},"license":"MIT","bugs":{"url":"https://github.com/substack/json-stable-stringify/issues"},"_id":"json-stable-stringify@0.1.1","dist":{"shasum":"d190f8784548e4cbae311db2c12804b797fb0c06","tarball":"https://registry.npmjs.org/json-stable-stringify/-/json-stable-stringify-0.1.1.tgz"},"_from":".","_npmVersion":"1.3.21","_npmUser":{"name":"substack","email":"mail@substack.net"},"maintainers":[{"name":"substack","email":"mail@substack.net"}],"directories":{}},"0.1.2":{"name":"json-stable-stringify","version":"0.1.2","description":"deterministic JSON.stringify() with custom sorting to get deterministic hashes from stringified results","main":"index.js","dependencies":{"jsonify":"~0.0.0"},"devDependencies":{"tape":"~1.0.4"},"scripts":{"test":"tape test/*.js"},"testling":{"files":"test/*.js","browsers":["ie/8..latest","ff/5","ff/latest","chrome/15","chrome/latest","safari/latest","opera/latest"]},"repository":{"type":"git","url":"git://github.com/substack/json-stable-stringify.git"},"homepage":"https://github.com/substack/json-stable-stringify","keywords":["json","stringify","deterministic","hash","sort","stable"],"author":{"name":"James Halliday","email":"mail@substack.net","url":"http://substack.net"},"license":"MIT","bugs":{"url":"https://github.com/substack/json-stable-stringify/issues"},"_id":"json-stable-stringify@0.1.2","dist":{"shasum":"cf427efa3e55a9a22ccc1e08fa866728623e4d92","tarball":"https://registry.npmjs.org/json-stable-stringify/-/json-stable-stringify-0.1.2.tgz"},"_from":".","_npmVersion":"1.4.6","_npmUser":{"name":"substack","email":"mail@substack.net"},"maintainers":[{"name":"substack","email":"mail@substack.net"}],"directories":{}},"0.1.3":{"name":"json-stable-stringify","version":"0.1.3","description":"deterministic JSON.stringify() with custom sorting to get deterministic hashes from stringified results","main":"index.js","dependencies":{"jsonify":"~0.0.0"},"devDependencies":{"tape":"~1.0.4"},"scripts":{"test":"tape test/*.js"},"testling":{"files":"test/*.js","browsers":["ie/8..latest","ff/5","ff/latest","chrome/15","chrome/latest","safari/latest","opera/latest"]},"repository":{"type":"git","url":"git://github.com/substack/json-stable-stringify.git"},"homepage":"https://github.com/substack/json-stable-stringify","keywords":["json","stringify","deterministic","hash","sort","stable"],"author":{"name":"James Halliday","email":"mail@substack.net","url":"http://substack.net"},"license":"MIT","bugs":{"url":"https://github.com/substack/json-stable-stringify/issues"},"_id":"json-stable-stringify@0.1.3","dist":{"shasum":"5860d0400e7a5911479248646c796b008eeb3eb9","tarball":"https://registry.npmjs.org/json-stable-stringify/-/json-stable-stringify-0.1.3.tgz"},"_from":".","_npmVersion":"1.4.3","_npmUser":{"name":"substack","email":"mail@substack.net"},"maintainers":[{"name":"substack","email":"mail@substack.net"}],"directories":{}},"1.0.0":{"name":"json-stable-stringify","version":"1.0.0","description":"deterministic JSON.stringify() with custom sorting to get deterministic hashes from stringified results","main":"index.js","dependencies":{"jsonify":"~0.0.0"},"devDependencies":{"tape":"~1.0.4"},"scripts":{"test":"tape test/*.js"},"testling":{"files":"test/*.js","browsers":["ie/8..latest","ff/5","ff/latest","chrome/15","chrome/latest","safari/latest","opera/latest"]},"repository":{"type":"git","url":"git://github.com/substack/json-stable-stringify.git"},"homepage":"https://github.com/substack/json-stable-stringify","keywords":["json","stringify","deterministic","hash","sort","stable"],"author":{"name":"James Halliday","email":"mail@substack.net","url":"http://substack.net"},"license":"MIT","bugs":{"url":"https://github.com/substack/json-stable-stringify/issues"},"_id":"json-stable-stringify@1.0.0","dist":{"shasum":"5e26859cf49968cfa499533413443578ee04d251","tarball":"https://registry.npmjs.org/json-stable-stringify/-/json-stable-stringify-1.0.0.tgz"},"_from":".","_npmVersion":"1.4.3","_npmUser":{"name":"substack","email":"mail@substack.net"},"maintainers":[{"name":"substack","email":"mail@substack.net"}],"directories":{}},"1.0.1":{"name":"json-stable-stringify","version":"1.0.1","description":"deterministic JSON.stringify() with custom sorting to get deterministic hashes from stringified results","main":"index.js","dependencies":{"jsonify":"~0.0.0"},"devDependencies":{"tape":"~1.0.4"},"scripts":{"test":"tape test/*.js"},"testling":{"files":"test/*.js","browsers":["ie/8..latest","ff/5","ff/latest","chrome/15","chrome/latest","safari/latest","opera/latest"]},"repository":{"type":"git","url":"git://github.com/substack/json-stable-stringify.git"},"homepage":"https://github.com/substack/json-stable-stringify","keywords":["json","stringify","deterministic","hash","sort","stable"],"author":{"name":"James Halliday","email":"mail@substack.net","url":"http://substack.net"},"license":"MIT","gitHead":"4a3ac9cc006a91e64901f8ebe78d23bf9fc9fbd0","bugs":{"url":"https://github.com/substack/json-stable-stringify/issues"},"_id":"json-stable-stringify@1.0.1","_shasum":"9a759d39c5f2ff503fd5300646ed445f88c4f9af","_from":".","_npmVersion":"3.4.1","_nodeVersion":"4.2.1","_npmUser":{"name":"substack","email":"substack@gmail.com"},"dist":{"shasum":"9a759d39c5f2ff503fd5300646ed445f88c4f9af","tarball":"https://registry.npmjs.org/json-stable-stringify/-/json-stable-stringify-1.0.1.tgz"},"maintainers":[{"name":"substack","email":"mail@substack.net"}],"_npmOperationalInternal":{"host":"packages-5-east.internal.npmjs.com","tmp":"tmp/json-stable-stringify-1.0.1.tgz_1454436356521_0.9410459187347442"},"directories":{}}},"readme":"# json-stable-stringify\n\ndeterministic version of `JSON.stringify()` so you can get a consistent hash\nfrom stringified results\n\nYou can also pass in a custom comparison function.\n\n[![browser support](https://ci.testling.com/substack/json-stable-stringify.png)](https://ci.testling.com/substack/json-stable-stringify)\n\n[![build status](https://secure.travis-ci.org/substack/json-stable-stringify.png)](http://travis-ci.org/substack/json-stable-stringify)\n\n# example\n\n``` js\nvar stringify = require('json-stable-stringify');\nvar obj = { c: 8, b: [{z:6,y:5,x:4},7], a: 3 };\nconsole.log(stringify(obj));\n```\n\noutput:\n\n```\n{\"a\":3,\"b\":[{\"x\":4,\"y\":5,\"z\":6},7],\"c\":8}\n```\n\n# methods\n\n``` js\nvar stringify = require('json-stable-stringify')\n```\n\n## var str = stringify(obj, opts)\n\nReturn a deterministic stringified string `str` from the object `obj`.\n\n## options\n\n### cmp\n\nIf `opts` is given, you can supply an `opts.cmp` to have a custom comparison\nfunction for object keys. Your function `opts.cmp` is called with these\nparameters:\n\n``` js\nopts.cmp({ key: akey, value: avalue }, { key: bkey, value: bvalue })\n```\n\nFor example, to sort on the object key names in reverse order you could write:\n\n``` js\nvar stringify = require('json-stable-stringify');\n\nvar obj = { c: 8, b: [{z:6,y:5,x:4},7], a: 3 };\nvar s = stringify(obj, function (a, b) {\n    return a.key < b.key ? 1 : -1;\n});\nconsole.log(s);\n```\n\nwhich results in the output string:\n\n```\n{\"c\":8,\"b\":[{\"z\":6,\"y\":5,\"x\":4},7],\"a\":3}\n```\n\nOr if you wanted to sort on the object values in reverse order, you could write:\n\n```\nvar stringify = require('json-stable-stringify');\n\nvar obj = { d: 6, c: 5, b: [{z:3,y:2,x:1},9], a: 10 };\nvar s = stringify(obj, function (a, b) {\n    return a.value < b.value ? 1 : -1;\n});\nconsole.log(s);\n```\n\nwhich outputs:\n\n```\n{\"d\":6,\"c\":5,\"b\":[{\"z\":3,\"y\":2,\"x\":1},9],\"a\":10}\n```\n\n### space\n\nIf you specify `opts.space`, it will indent the output for pretty-printing.\nValid values are strings (e.g. `{space: \\t}`) or a number of spaces\n(`{space: 3}`).\n\nFor example:\n\n```js\nvar obj = { b: 1, a: { foo: 'bar', and: [1, 2, 3] } };\nvar s = stringify(obj, { space: '  ' });\nconsole.log(s);\n```\n\nwhich outputs:\n\n```\n{\n  \"a\": {\n    \"and\": [\n      1,\n      2,\n      3\n    ],\n    \"foo\": \"bar\"\n  },\n  \"b\": 1\n}\n```\n\n### replacer\n\nThe replacer parameter is a function `opts.replacer(key, value)` that behaves\nthe same as the replacer\n[from the core JSON object](https://developer.mozilla.org/en-US/docs/Web/JavaScript/Guide/Using_native_JSON#The_replacer_parameter).\n\n# install\n\nWith [npm](https://npmjs.org) do:\n\n```\nnpm install json-stable-stringify\n```\n\n# license\n\nMIT\n","maintainers":[{"name":"substack","email":"mail@substack.net"}],"time":{"modified":"2016-02-02T18:05:58.629Z","created":"2013-07-17T22:41:41.615Z","0.0.0":"2013-07-17T22:41:43.693Z","0.0.1":"2013-07-18T00:47:49.279Z","0.1.0":"2013-12-22T04:03:58.660Z","0.1.1":"2013-12-22T04:09:35.488Z","0.1.2":"2014-04-03T04:41:04.116Z","0.1.3":"2014-05-27T10:48:43.732Z","1.0.0":"2014-05-27T12:49:07.848Z","1.0.1":"2016-02-02T18:05:58.629Z"},"author":{"name":"James Halliday","email":"mail@substack.net","url":"http://substack.net"},"repository":{"type":"git","url":"git://github.com/substack/json-stable-stringify.git"},"homepage":"https://github.com/substack/json-stable-stringify","keywords":["json","stringify","deterministic","hash","sort","stable"],"bugs":{"url":"https://github.com/substack/json-stable-stringify/issues"},"license":"MIT","readmeFilename":"readme.markdown","users":{"brianjmiller":true,"mycrobe":true,"dongguangming":true,"nttrung91":true,"h0ward":true,"famousgarkin":true,"majgis":true,"jits":true,"steel1990":true,"timdp":true,"antixrist":true,"sebastian1118":true},"_attachments":{},"_etag":"\"9RF48OUCD9LSQA452752U4BN9\""}