{"_id":"commoner","_rev":"99-4186d43fdbd90642b2a24d2a9d2f5de1","name":"commoner","description":"Flexible tool for translating any dialect of JavaScript into Node-readable CommonJS modules","dist-tags":{"latest":"0.10.4"},"versions":{"0.5.1":{"author":{"name":"Ben Newman","email":"bn@cs.stanford.edu"},"name":"commoner","description":"Brutally simple tool for translating any dialect of JavaScript into Node-readable CommonJS modules","keywords":["modules","require","commonjs","exports","commoner","browserify","stitch"],"version":"0.5.1","homepage":"http://github.com/benjamn/commoner","repository":{"type":"git","url":"git://github.com/benjamn/commoner.git"},"main":"main.js","bin":{"commonize":"./bin/commonize"},"scripts":{"test":"whiskey test/run.js"},"dependencies":{"q":">= 0.9.1","commander":">= 1.1.1","mkdirp":">= 0.3.5","install":">= 0.1.7","whiskey":"0.6.x"},"optionalDependencies":{"whiskey":"0.6.x"},"engines":{"node":">= 0.6"},"_id":"commoner@0.5.1","dist":{"shasum":"13e21193a2e59579b9736896480397cf4bba8043","tarball":"https://registry.npmjs.org/commoner/-/commoner-0.5.1.tgz"},"_from":".","_npmVersion":"1.2.10","_npmUser":{"name":"benjamn","email":"bn@cs.stanford.edu"},"maintainers":[{"name":"benjamn","email":"bn@cs.stanford.edu"}],"directories":{}},"0.5.2":{"author":{"name":"Ben Newman","email":"bn@cs.stanford.edu"},"name":"commoner","description":"Brutally simple tool for translating any dialect of JavaScript into Node-readable CommonJS modules","keywords":["modules","require","commonjs","exports","commoner","browserify","stitch"],"version":"0.5.2","homepage":"http://github.com/benjamn/commoner","repository":{"type":"git","url":"git://github.com/benjamn/commoner.git"},"main":"main.js","bin":{"commonize":"./bin/commonize"},"scripts":{"test":"whiskey test/run.js"},"dependencies":{"q":">= 0.9.1","commander":">= 1.1.1","mkdirp":">= 0.3.5","install":">= 0.1.7","whiskey":"0.6.x"},"optionalDependencies":{"whiskey":"0.6.x"},"engines":{"node":">= 0.6"},"_id":"commoner@0.5.2","dist":{"shasum":"26e0b0e8b148e9c24c43ed98b7d334d9bd5c9740","tarball":"https://registry.npmjs.org/commoner/-/commoner-0.5.2.tgz"},"_from":".","_npmVersion":"1.2.10","_npmUser":{"name":"benjamn","email":"bn@cs.stanford.edu"},"maintainers":[{"name":"benjamn","email":"bn@cs.stanford.edu"}],"directories":{}},"0.5.3":{"author":{"name":"Ben Newman","email":"bn@cs.stanford.edu"},"name":"commoner","description":"Brutally simple tool for translating any dialect of JavaScript into Node-readable CommonJS modules","keywords":["modules","require","commonjs","exports","commoner","browserify","stitch"],"version":"0.5.3","homepage":"http://github.com/benjamn/commoner","repository":{"type":"git","url":"git://github.com/benjamn/commoner.git"},"main":"main.js","bin":{"commonize":"./bin/commonize"},"scripts":{"test":"whiskey test/run.js"},"dependencies":{"q":">= 0.9.1","commander":">= 1.1.1","mkdirp":">= 0.3.5","install":">= 0.1.7","whiskey":"0.6.x"},"optionalDependencies":{"whiskey":"0.6.x"},"engines":{"node":">= 0.6"},"_id":"commoner@0.5.3","dist":{"shasum":"929bd7cc344103fd6963632de50a898354b1cfc6","tarball":"https://registry.npmjs.org/commoner/-/commoner-0.5.3.tgz"},"_from":".","_npmVersion":"1.2.10","_npmUser":{"name":"benjamn","email":"bn@cs.stanford.edu"},"maintainers":[{"name":"benjamn","email":"bn@cs.stanford.edu"}],"directories":{}},"0.5.4":{"author":{"name":"Ben Newman","email":"bn@cs.stanford.edu"},"name":"commoner","description":"Brutally simple tool for translating any dialect of JavaScript into Node-readable CommonJS modules","keywords":["modules","require","commonjs","exports","commoner","browserify","stitch"],"version":"0.5.4","homepage":"http://github.com/benjamn/commoner","repository":{"type":"git","url":"git://github.com/benjamn/commoner.git"},"main":"main.js","bin":{"commonize":"./bin/commonize"},"scripts":{"test":"whiskey test/run.js"},"dependencies":{"q":">= 0.9.1","recast":">= 0.3.3","commander":">= 1.1.1","mkdirp":">= 0.3.5","install":">= 0.1.7","whiskey":"0.6.x"},"optionalDependencies":{"whiskey":"0.6.x"},"engines":{"node":">= 0.6"},"_id":"commoner@0.5.4","dist":{"shasum":"839055bf9d6882ade0012559162d865cc24d0ee3","tarball":"https://registry.npmjs.org/commoner/-/commoner-0.5.4.tgz"},"_from":".","_npmVersion":"1.2.10","_npmUser":{"name":"benjamn","email":"bn@cs.stanford.edu"},"maintainers":[{"name":"benjamn","email":"bn@cs.stanford.edu"}],"directories":{}},"0.5.5":{"author":{"name":"Ben Newman","email":"bn@cs.stanford.edu"},"name":"commoner","description":"Brutally simple tool for translating any dialect of JavaScript into Node-readable CommonJS modules","keywords":["modules","require","commonjs","exports","commoner","browserify","stitch"],"version":"0.5.5","homepage":"http://github.com/benjamn/commoner","repository":{"type":"git","url":"git://github.com/benjamn/commoner.git"},"main":"main.js","bin":{"commonize":"./bin/commonize"},"scripts":{"test":"whiskey test/run.js"},"dependencies":{"q":">= 0.9.1","ast-types":">= 0.2.8","recast":">= 0.3.3","commander":">= 1.1.1","mkdirp":">= 0.3.5","install":">= 0.1.7","whiskey":"0.6.x"},"optionalDependencies":{"whiskey":"0.6.x"},"engines":{"node":">= 0.6"},"_id":"commoner@0.5.5","dist":{"shasum":"a94e99c019118d081185798495a1437b96d620b0","tarball":"https://registry.npmjs.org/commoner/-/commoner-0.5.5.tgz"},"_from":".","_npmVersion":"1.2.10","_npmUser":{"name":"benjamn","email":"bn@cs.stanford.edu"},"maintainers":[{"name":"benjamn","email":"bn@cs.stanford.edu"}],"directories":{}},"0.5.6":{"author":{"name":"Ben Newman","email":"bn@cs.stanford.edu"},"name":"commoner","description":"Brutally simple tool for translating any dialect of JavaScript into Node-readable CommonJS modules","keywords":["modules","require","commonjs","exports","commoner","browserify","stitch"],"version":"0.5.6","homepage":"http://github.com/benjamn/commoner","repository":{"type":"git","url":"git://github.com/benjamn/commoner.git"},"main":"main.js","bin":{"commonize":"./bin/commonize"},"scripts":{"test":"whiskey test/run.js"},"dependencies":{"q":">= 0.9.1","ast-types":">= 0.2.8","recast":">= 0.3.3","commander":">= 1.1.1","mkdirp":">= 0.3.5","install":">= 0.1.7","whiskey":"0.6.x"},"optionalDependencies":{"whiskey":"0.6.x"},"engines":{"node":">= 0.6"},"_id":"commoner@0.5.6","dist":{"shasum":"c66ccc3bbfbd9a9f6e3acbe83782b79410980c27","tarball":"https://registry.npmjs.org/commoner/-/commoner-0.5.6.tgz"},"_from":".","_npmVersion":"1.2.10","_npmUser":{"name":"benjamn","email":"bn@cs.stanford.edu"},"maintainers":[{"name":"benjamn","email":"bn@cs.stanford.edu"}],"directories":{}},"0.5.7":{"author":{"name":"Ben Newman","email":"bn@cs.stanford.edu"},"name":"commoner","description":"Brutally simple tool for translating any dialect of JavaScript into Node-readable CommonJS modules","keywords":["modules","require","commonjs","exports","commoner","browserify","stitch"],"version":"0.5.7","homepage":"http://github.com/benjamn/commoner","repository":{"type":"git","url":"git://github.com/benjamn/commoner.git"},"main":"main.js","bin":{"commonize":"./bin/commonize"},"scripts":{"test":"whiskey test/run.js"},"dependencies":{"q":">= 0.9.1","ast-types":">= 0.2.8","recast":">= 0.3.3","commander":">= 1.1.1","mkdirp":">= 0.3.5","install":">= 0.1.7","whiskey":"0.6.x"},"optionalDependencies":{"whiskey":"0.6.x"},"engines":{"node":">= 0.6"},"_id":"commoner@0.5.7","dist":{"shasum":"2a2721696b340893ffc3c2739acb6967f9fd1e46","tarball":"https://registry.npmjs.org/commoner/-/commoner-0.5.7.tgz"},"_from":".","_npmVersion":"1.2.10","_npmUser":{"name":"benjamn","email":"bn@cs.stanford.edu"},"maintainers":[{"name":"benjamn","email":"bn@cs.stanford.edu"}],"directories":{}},"0.5.8":{"author":{"name":"Ben Newman","email":"bn@cs.stanford.edu"},"name":"commoner","description":"Brutally simple tool for translating any dialect of JavaScript into Node-readable CommonJS modules","keywords":["modules","require","commonjs","exports","commoner","browserify","stitch"],"version":"0.5.8","homepage":"http://github.com/benjamn/commoner","repository":{"type":"git","url":"git://github.com/benjamn/commoner.git"},"main":"main.js","bin":{"commonize":"./bin/commonize"},"scripts":{"test":"whiskey test/run.js"},"dependencies":{"q":">= 0.9.1","ast-types":">= 0.2.8","recast":">= 0.3.3","commander":">= 1.1.1","mkdirp":">= 0.3.5","install":">= 0.1.7","whiskey":"0.6.x"},"optionalDependencies":{"whiskey":"0.6.x"},"engines":{"node":">= 0.6"},"_id":"commoner@0.5.8","dist":{"shasum":"7a131a814c954a07c3898430990fdb3beb6dfe5c","tarball":"https://registry.npmjs.org/commoner/-/commoner-0.5.8.tgz"},"_from":".","_npmVersion":"1.2.10","_npmUser":{"name":"benjamn","email":"bn@cs.stanford.edu"},"maintainers":[{"name":"benjamn","email":"bn@cs.stanford.edu"}],"directories":{}},"0.5.9":{"author":{"name":"Ben Newman","email":"bn@cs.stanford.edu"},"name":"commoner","description":"Brutally simple tool for translating any dialect of JavaScript into Node-readable CommonJS modules","keywords":["modules","require","commonjs","exports","commoner","browserify","stitch"],"version":"0.5.9","homepage":"http://github.com/benjamn/commoner","repository":{"type":"git","url":"git://github.com/benjamn/commoner.git"},"main":"main.js","bin":{"commonize":"./bin/commonize"},"scripts":{"test":"whiskey test/run.js"},"dependencies":{"q":">= 0.9.1","ast-types":">= 0.2.8","recast":">= 0.3.3","commander":">= 1.1.1","mkdirp":">= 0.3.5","install":">= 0.1.7","whiskey":"0.6.x"},"optionalDependencies":{"whiskey":"0.6.x"},"engines":{"node":">= 0.6"},"_id":"commoner@0.5.9","dist":{"shasum":"22dddea62ba921853a0247c5157aa3907fab289b","tarball":"https://registry.npmjs.org/commoner/-/commoner-0.5.9.tgz"},"_from":".","_npmVersion":"1.2.10","_npmUser":{"name":"benjamn","email":"bn@cs.stanford.edu"},"maintainers":[{"name":"benjamn","email":"bn@cs.stanford.edu"}],"directories":{}},"0.6.0":{"author":{"name":"Ben Newman","email":"bn@cs.stanford.edu"},"name":"commoner","description":"Brutally simple tool for translating any dialect of JavaScript into Node-readable CommonJS modules","keywords":["modules","require","commonjs","exports","commoner","browserify","stitch"],"version":"0.6.0","homepage":"http://github.com/benjamn/commoner","repository":{"type":"git","url":"git://github.com/benjamn/commoner.git"},"main":"main.js","bin":{"commonize":"./bin/commonize"},"scripts":{"test":"whiskey test/run.js"},"dependencies":{"q":">= 0.9.1","ast-types":">= 0.2.8","recast":">= 0.3.3","commander":">= 1.1.1","glob":">= 3.2.1","mkdirp":">= 0.3.5","private":">= 0.0.4","install":">= 0.1.7","whiskey":"0.6.x"},"optionalDependencies":{"whiskey":"0.6.x"},"engines":{"node":">= 0.6"},"_id":"commoner@0.6.0","dist":{"shasum":"88062daee257af7e6e91799d3b7b6e3a9913b54a","tarball":"https://registry.npmjs.org/commoner/-/commoner-0.6.0.tgz"},"_from":".","_npmVersion":"1.2.10","_npmUser":{"name":"benjamn","email":"bn@cs.stanford.edu"},"maintainers":[{"name":"benjamn","email":"bn@cs.stanford.edu"}],"directories":{}},"0.6.1":{"author":{"name":"Ben Newman","email":"bn@cs.stanford.edu"},"name":"commoner","description":"Brutally simple tool for translating any dialect of JavaScript into Node-readable CommonJS modules","keywords":["modules","require","commonjs","exports","commoner","browserify","stitch"],"version":"0.6.1","homepage":"http://github.com/benjamn/commoner","repository":{"type":"git","url":"git://github.com/benjamn/commoner.git"},"main":"main.js","bin":{"commonize":"./bin/commonize"},"scripts":{"test":"whiskey test/run.js"},"dependencies":{"q":">= 0.9.1","ast-types":">= 0.2.8","recast":">= 0.3.3","commander":">= 1.1.1","glob":">= 3.2.1","mkdirp":">= 0.3.5","private":">= 0.0.4","install":">= 0.1.7","whiskey":"0.6.x"},"optionalDependencies":{"whiskey":"0.6.x"},"engines":{"node":">= 0.6"},"_id":"commoner@0.6.1","dist":{"shasum":"a6369c35688e8e3e8f952466549ec7d19592765e","tarball":"https://registry.npmjs.org/commoner/-/commoner-0.6.1.tgz"},"_from":".","_npmVersion":"1.2.10","_npmUser":{"name":"benjamn","email":"bn@cs.stanford.edu"},"maintainers":[{"name":"benjamn","email":"bn@cs.stanford.edu"}],"directories":{}},"0.6.3":{"author":{"name":"Ben Newman","email":"bn@cs.stanford.edu"},"name":"commoner","description":"Brutally simple tool for translating any dialect of JavaScript into Node-readable CommonJS modules","keywords":["modules","require","commonjs","exports","commoner","browserify","stitch"],"version":"0.6.3","homepage":"http://github.com/benjamn/commoner","repository":{"type":"git","url":"git://github.com/benjamn/commoner.git"},"main":"main.js","bin":{"commonize":"./bin/commonize"},"scripts":{"test":"whiskey test/run.js"},"dependencies":{"q":">= 0.9.1","recast":">= 0.3.3","commander":">= 1.1.1","glob":">= 3.2.1","mkdirp":">= 0.3.5","private":">= 0.0.4","install":">= 0.1.7","whiskey":"0.6.x"},"optionalDependencies":{"whiskey":"0.6.x"},"engines":{"node":">= 0.6"},"_id":"commoner@0.6.3","dist":{"shasum":"9a5be37d97e0041099f43d3bda81725f4df0c069","tarball":"https://registry.npmjs.org/commoner/-/commoner-0.6.3.tgz"},"_from":".","_npmVersion":"1.2.10","_npmUser":{"name":"benjamn","email":"bn@cs.stanford.edu"},"maintainers":[{"name":"benjamn","email":"bn@cs.stanford.edu"}],"directories":{}},"0.6.4":{"author":{"name":"Ben Newman","email":"bn@cs.stanford.edu"},"name":"commoner","description":"Brutally simple tool for translating any dialect of JavaScript into Node-readable CommonJS modules","keywords":["modules","require","commonjs","exports","commoner","browserify","stitch"],"version":"0.6.4","homepage":"http://github.com/benjamn/commoner","repository":{"type":"git","url":"git://github.com/benjamn/commoner.git"},"main":"main.js","bin":{"commonize":"./bin/commonize"},"scripts":{"test":"whiskey test/run.js"},"dependencies":{"q":">= 0.9.1","recast":">= 0.3.3","commander":">= 1.1.1","glob":">= 3.2.1","mkdirp":">= 0.3.5","private":">= 0.0.4","install":">= 0.1.7","whiskey":"0.6.x"},"optionalDependencies":{"whiskey":"0.6.x"},"engines":{"node":">= 0.6"},"_id":"commoner@0.6.4","dist":{"shasum":"75f9e8d78865db626faeedbf892419be1e439063","tarball":"https://registry.npmjs.org/commoner/-/commoner-0.6.4.tgz"},"_from":".","_npmVersion":"1.2.10","_npmUser":{"name":"benjamn","email":"bn@cs.stanford.edu"},"maintainers":[{"name":"benjamn","email":"bn@cs.stanford.edu"}],"directories":{}},"0.6.5":{"author":{"name":"Ben Newman","email":"bn@cs.stanford.edu"},"name":"commoner","description":"Brutally simple tool for translating any dialect of JavaScript into Node-readable CommonJS modules","keywords":["modules","require","commonjs","exports","commoner","browserify","stitch"],"version":"0.6.5","homepage":"http://github.com/benjamn/commoner","repository":{"type":"git","url":"git://github.com/benjamn/commoner.git"},"main":"main.js","bin":{"commonize":"./bin/commonize"},"scripts":{"test":"whiskey test/run.js"},"dependencies":{"q":">= 0.9.1","recast":">= 0.3.3","commander":">= 1.1.1","glob":">= 3.2.1","mkdirp":">= 0.3.5","private":">= 0.0.4","install":">= 0.1.7","whiskey":"0.6.x"},"optionalDependencies":{"whiskey":"0.6.x"},"engines":{"node":">= 0.6"},"_id":"commoner@0.6.5","dist":{"shasum":"9791600616f237bfe9a411f860096b498469acf5","tarball":"https://registry.npmjs.org/commoner/-/commoner-0.6.5.tgz"},"_from":".","_npmVersion":"1.2.10","_npmUser":{"name":"benjamn","email":"bn@cs.stanford.edu"},"maintainers":[{"name":"benjamn","email":"bn@cs.stanford.edu"}],"directories":{}},"0.6.6":{"author":{"name":"Ben Newman","email":"bn@cs.stanford.edu"},"name":"commoner","description":"Brutally simple tool for translating any dialect of JavaScript into Node-readable CommonJS modules","keywords":["modules","require","commonjs","exports","commoner","browserify","stitch"],"version":"0.6.6","homepage":"http://github.com/benjamn/commoner","repository":{"type":"git","url":"git://github.com/benjamn/commoner.git"},"main":"main.js","bin":{"commonize":"./bin/commonize"},"scripts":{"test":"whiskey test/run.js"},"dependencies":{"q":">= 0.9.1","recast":">= 0.3.3","commander":">= 1.1.1","glob":">= 3.2.1","mkdirp":">= 0.3.5","private":">= 0.0.4","install":">= 0.1.7","whiskey":"0.6.x"},"optionalDependencies":{"whiskey":"0.6.x"},"engines":{"node":">= 0.6"},"_id":"commoner@0.6.6","dist":{"shasum":"c2028839a878db02df5deae62cd17c76d7612c48","tarball":"https://registry.npmjs.org/commoner/-/commoner-0.6.6.tgz"},"_from":".","_npmVersion":"1.2.10","_npmUser":{"name":"benjamn","email":"bn@cs.stanford.edu"},"maintainers":[{"name":"benjamn","email":"bn@cs.stanford.edu"}],"directories":{}},"0.6.7":{"author":{"name":"Ben Newman","email":"bn@cs.stanford.edu"},"name":"commoner","description":"Brutally simple tool for translating any dialect of JavaScript into Node-readable CommonJS modules","keywords":["modules","require","commonjs","exports","commoner","browserify","stitch"],"version":"0.6.7","homepage":"http://github.com/benjamn/commoner","repository":{"type":"git","url":"git://github.com/benjamn/commoner.git"},"main":"main.js","bin":{"commonize":"./bin/commonize"},"scripts":{"test":"whiskey test/run.js"},"dependencies":{"q":">= 0.9.1","recast":">= 0.3.3","commander":">= 1.1.1","glob":">= 3.2.1","mkdirp":">= 0.3.5","private":">= 0.0.4","install":">= 0.1.7","whiskey":"0.6.x"},"optionalDependencies":{"whiskey":"0.6.x"},"engines":{"node":">= 0.6"},"_id":"commoner@0.6.7","dist":{"shasum":"29d096604c5ac60a3afaa44adb7bcb31a12cf100","tarball":"https://registry.npmjs.org/commoner/-/commoner-0.6.7.tgz"},"_from":".","_npmVersion":"1.2.10","_npmUser":{"name":"benjamn","email":"bn@cs.stanford.edu"},"maintainers":[{"name":"benjamn","email":"bn@cs.stanford.edu"}],"directories":{}},"0.6.8":{"author":{"name":"Ben Newman","email":"bn@cs.stanford.edu"},"name":"commoner","description":"Brutally simple tool for translating any dialect of JavaScript into Node-readable CommonJS modules","keywords":["modules","require","commonjs","exports","commoner","browserify","stitch"],"version":"0.6.8","homepage":"http://github.com/benjamn/commoner","repository":{"type":"git","url":"git://github.com/benjamn/commoner.git"},"main":"main.js","bin":{"commonize":"./bin/commonize"},"scripts":{"test":"whiskey test/run.js"},"dependencies":{"q":">= 0.9.1","recast":">= 0.3.3","commander":">= 1.1.1","glob":">= 3.2.1","mkdirp":">= 0.3.5","private":">= 0.0.4","install":">= 0.1.7","whiskey":"0.6.x"},"optionalDependencies":{"whiskey":"0.6.x"},"engines":{"node":">= 0.6"},"bugs":{"url":"https://github.com/benjamn/commoner/issues"},"_id":"commoner@0.6.8","dist":{"shasum":"240cb48affaa261182231466290eb36cbcce43f7","tarball":"https://registry.npmjs.org/commoner/-/commoner-0.6.8.tgz"},"_from":".","_npmVersion":"1.2.21","_npmUser":{"name":"benjamn","email":"bn@cs.stanford.edu"},"maintainers":[{"name":"benjamn","email":"bn@cs.stanford.edu"}],"directories":{}},"0.6.9":{"author":{"name":"Ben Newman","email":"bn@cs.stanford.edu"},"name":"commoner","description":"Brutally simple tool for translating any dialect of JavaScript into Node-readable CommonJS modules","keywords":["modules","require","commonjs","exports","commoner","browserify","stitch"],"version":"0.6.9","license":"MIT","homepage":"http://github.com/benjamn/commoner","repository":{"type":"git","url":"git://github.com/benjamn/commoner.git"},"main":"main.js","bin":{"commonize":"./bin/commonize"},"scripts":{"test":"whiskey test/run.js"},"dependencies":{"q":">= 0.9.1","recast":">= 0.3.3","commander":">= 1.1.1","glob":">= 3.2.1","mkdirp":">= 0.3.5","private":">= 0.0.4","install":">= 0.1.7","whiskey":"0.6.x"},"optionalDependencies":{"whiskey":"0.6.x"},"engines":{"node":">= 0.6"},"bugs":{"url":"https://github.com/benjamn/commoner/issues"},"_id":"commoner@0.6.9","dist":{"shasum":"a1204070ac483e8ef4c33afaf11bd14161da0fe7","tarball":"https://registry.npmjs.org/commoner/-/commoner-0.6.9.tgz"},"_from":".","_npmVersion":"1.2.21","_npmUser":{"name":"benjamn","email":"bn@cs.stanford.edu"},"maintainers":[{"name":"benjamn","email":"bn@cs.stanford.edu"}],"directories":{}},"0.6.10":{"author":{"name":"Ben Newman","email":"bn@cs.stanford.edu"},"name":"commoner","description":"Brutally simple tool for translating any dialect of JavaScript into Node-readable CommonJS modules","keywords":["modules","require","commonjs","exports","commoner","browserify","stitch"],"version":"0.6.10","license":"MIT","homepage":"http://github.com/benjamn/commoner","repository":{"type":"git","url":"git://github.com/benjamn/commoner.git"},"main":"main.js","bin":{"commonize":"./bin/commonize"},"scripts":{"test":"whiskey test/run.js"},"dependencies":{"q":">= 0.9.1","recast":"~0.4.1","commander":">= 1.1.1","glob":">= 3.2.1","mkdirp":">= 0.3.5","private":">= 0.0.4","install":">= 0.1.7","whiskey":"0.6.x"},"optionalDependencies":{"whiskey":"0.6.x"},"engines":{"node":">= 0.8"},"bugs":{"url":"https://github.com/benjamn/commoner/issues"},"_id":"commoner@0.6.10","dist":{"shasum":"30f4a1ffbcf7f679bfa5ec34e9fc2a100b9738b7","tarball":"https://registry.npmjs.org/commoner/-/commoner-0.6.10.tgz"},"_from":".","_npmVersion":"1.2.24","_npmUser":{"name":"benjamn","email":"bn@cs.stanford.edu"},"maintainers":[{"name":"benjamn","email":"bn@cs.stanford.edu"}],"directories":{}},"0.6.11":{"author":{"name":"Ben Newman","email":"bn@cs.stanford.edu"},"name":"commoner","description":"Brutally simple tool for translating any dialect of JavaScript into Node-readable CommonJS modules","keywords":["modules","require","commonjs","exports","commoner","browserify","stitch"],"version":"0.6.11","license":"MIT","homepage":"http://github.com/benjamn/commoner","repository":{"type":"git","url":"git://github.com/benjamn/commoner.git"},"main":"main.js","bin":{"commonize":"./bin/commonize"},"scripts":{"test":"whiskey test/run.js"},"dependencies":{"q":">= 0.9.1","recast":"~0.4.1","commander":">= 1.1.1","glob":">= 3.2.1","mkdirp":">= 0.3.5","private":">= 0.0.4","install":">= 0.1.7","whiskey":"0.6.x"},"optionalDependencies":{"whiskey":"0.6.x"},"engines":{"node":">= 0.8"},"bugs":{"url":"https://github.com/benjamn/commoner/issues"},"_id":"commoner@0.6.11","dist":{"shasum":"2f95b84f5a9be112996e518d65402dcd60eb191a","tarball":"https://registry.npmjs.org/commoner/-/commoner-0.6.11.tgz"},"_from":".","_npmVersion":"1.2.24","_npmUser":{"name":"benjamn","email":"bn@cs.stanford.edu"},"maintainers":[{"name":"benjamn","email":"bn@cs.stanford.edu"}],"directories":{}},"0.6.12":{"author":{"name":"Ben Newman","email":"bn@cs.stanford.edu"},"name":"commoner","description":"Brutally simple tool for translating any dialect of JavaScript into Node-readable CommonJS modules","keywords":["modules","require","commonjs","exports","commoner","browserify","stitch"],"version":"0.6.12","license":"MIT","homepage":"http://github.com/benjamn/commoner","repository":{"type":"git","url":"git://github.com/benjamn/commoner.git"},"main":"main.js","bin":{"commonize":"./bin/commonize"},"scripts":{"test":"whiskey test/run.js"},"dependencies":{"q":">= 0.9.1","recast":"~0.4.1","commander":">= 1.1.1","glob":">= 3.2.1","mkdirp":">= 0.3.5","private":">= 0.0.4","install":">= 0.1.7","whiskey":"0.6.x"},"optionalDependencies":{"whiskey":"0.6.x"},"engines":{"node":">= 0.8"},"bugs":{"url":"https://github.com/benjamn/commoner/issues"},"_id":"commoner@0.6.12","dist":{"shasum":"d54f82f98bf56dc6e3b08f2d8add492dd3a332da","tarball":"https://registry.npmjs.org/commoner/-/commoner-0.6.12.tgz"},"_from":".","_npmVersion":"1.2.24","_npmUser":{"name":"benjamn","email":"bn@cs.stanford.edu"},"maintainers":[{"name":"benjamn","email":"bn@cs.stanford.edu"}],"directories":{}},"0.7.0":{"author":{"name":"Ben Newman","email":"bn@cs.stanford.edu"},"name":"commoner","description":"Brutally simple tool for translating any dialect of JavaScript into Node-readable CommonJS modules","keywords":["modules","require","commonjs","exports","commoner","browserify","stitch"],"version":"0.7.0","license":"MIT","homepage":"http://github.com/benjamn/commoner","repository":{"type":"git","url":"git://github.com/benjamn/commoner.git"},"main":"main.js","bin":{"commonize":"./bin/commonize"},"scripts":{"test":"whiskey test/run.js"},"dependencies":{"q":">= 0.9.1","recast":"~0.4.1","commander":">= 1.1.1","glob":">= 3.2.1","mkdirp":">= 0.3.5","private":">= 0.0.4","install":">= 0.1.7","whiskey":"0.6.x"},"optionalDependencies":{"whiskey":"0.6.x"},"engines":{"node":">= 0.8"},"bugs":{"url":"https://github.com/benjamn/commoner/issues"},"_id":"commoner@0.7.0","dist":{"shasum":"4cf166e88e41e06d82ed7ebb62056722ecb4de99","tarball":"https://registry.npmjs.org/commoner/-/commoner-0.7.0.tgz"},"_from":".","_npmVersion":"1.2.24","_npmUser":{"name":"benjamn","email":"bn@cs.stanford.edu"},"maintainers":[{"name":"benjamn","email":"bn@cs.stanford.edu"}],"directories":{}},"0.7.1":{"author":{"name":"Ben Newman","email":"bn@cs.stanford.edu"},"name":"commoner","description":"Brutally simple tool for translating any dialect of JavaScript into Node-readable CommonJS modules","keywords":["modules","require","commonjs","exports","commoner","browserify","stitch"],"version":"0.7.1","license":"MIT","homepage":"http://github.com/benjamn/commoner","repository":{"type":"git","url":"git://github.com/benjamn/commoner.git"},"main":"main.js","bin":{"commonize":"./bin/commonize"},"scripts":{"test":"whiskey test/run.js"},"dependencies":{"q":">= 0.9.1","recast":"~0.4.1","commander":">= 1.1.1","graceful-fs":"~1.2.2","glob":">= 3.2.1","mkdirp":">= 0.3.5","private":">= 0.0.4","install":">= 0.1.7","whiskey":"0.6.x"},"optionalDependencies":{"whiskey":"0.6.x"},"engines":{"node":">= 0.8"},"bugs":{"url":"https://github.com/benjamn/commoner/issues"},"_id":"commoner@0.7.1","dist":{"shasum":"c5755edb6be11b5bc98d3c995990a2c5686ab915","tarball":"https://registry.npmjs.org/commoner/-/commoner-0.7.1.tgz"},"_from":".","_npmVersion":"1.2.24","_npmUser":{"name":"benjamn","email":"bn@cs.stanford.edu"},"maintainers":[{"name":"benjamn","email":"bn@cs.stanford.edu"}],"directories":{}},"0.8.0":{"author":{"name":"Ben Newman","email":"bn@cs.stanford.edu"},"name":"commoner","description":"Brutally simple tool for translating any dialect of JavaScript into Node-readable CommonJS modules","keywords":["modules","require","commonjs","exports","commoner","browserify","stitch"],"version":"0.8.0","license":"MIT","homepage":"http://github.com/benjamn/commoner","repository":{"type":"git","url":"git://github.com/benjamn/commoner.git"},"main":"main.js","bin":{"commonize":"./bin/commonize"},"scripts":{"test":"whiskey test/run.js"},"dependencies":{"q":">= 0.9.1","recast":"~0.4.1","commander":">= 1.1.1","graceful-fs":"~1.2.2","glob":">= 3.2.1","mkdirp":">= 0.3.5","private":">= 0.0.4","install":">= 0.1.7","whiskey":"0.6.x"},"optionalDependencies":{"whiskey":"0.6.x"},"engines":{"node":">= 0.8"},"bugs":{"url":"https://github.com/benjamn/commoner/issues"},"_id":"commoner@0.8.0","dist":{"shasum":"2ae3dd0464b269916dc589a9260db10fdf7a16b6","tarball":"https://registry.npmjs.org/commoner/-/commoner-0.8.0.tgz"},"_from":".","_npmVersion":"1.2.24","_npmUser":{"name":"benjamn","email":"bn@cs.stanford.edu"},"maintainers":[{"name":"benjamn","email":"bn@cs.stanford.edu"}],"directories":{}},"0.8.1":{"author":{"name":"Ben Newman","email":"bn@cs.stanford.edu"},"name":"commoner","description":"Brutally simple tool for translating any dialect of JavaScript into Node-readable CommonJS modules","keywords":["modules","require","commonjs","exports","commoner","browserify","stitch"],"version":"0.8.1","license":"MIT","homepage":"http://github.com/benjamn/commoner","repository":{"type":"git","url":"git://github.com/benjamn/commoner.git"},"main":"main.js","bin":{"commonize":"./bin/commonize"},"scripts":{"test":"whiskey test/run.js"},"dependencies":{"q":">= 0.9.1","recast":"~0.4.1","commander":">= 1.1.1","graceful-fs":"~1.2.2","glob":">= 3.2.1","mkdirp":">= 0.3.5","private":">= 0.0.4","install":">= 0.1.7","whiskey":"0.6.x"},"optionalDependencies":{"whiskey":"0.6.x"},"engines":{"node":">= 0.8"},"bugs":{"url":"https://github.com/benjamn/commoner/issues"},"_id":"commoner@0.8.1","dist":{"shasum":"5da0e1341f25744689aa86e7599fa8352e2b1aa7","tarball":"https://registry.npmjs.org/commoner/-/commoner-0.8.1.tgz"},"_from":".","_npmVersion":"1.2.24","_npmUser":{"name":"benjamn","email":"bn@cs.stanford.edu"},"maintainers":[{"name":"benjamn","email":"bn@cs.stanford.edu"}],"directories":{}},"0.8.2":{"author":{"name":"Ben Newman","email":"bn@cs.stanford.edu"},"name":"commoner","description":"Brutally simple tool for translating any dialect of JavaScript into Node-readable CommonJS modules","keywords":["modules","require","commonjs","exports","commoner","browserify","stitch"],"version":"0.8.2","license":"MIT","homepage":"http://github.com/benjamn/commoner","repository":{"type":"git","url":"git://github.com/benjamn/commoner.git"},"main":"main.js","bin":{"commonize":"./bin/commonize"},"scripts":{"test":"whiskey test/run.js"},"dependencies":{"q":">= 0.9.1","recast":"~0.4.1","commander":">= 1.1.1","graceful-fs":"~1.2.2","glob":">= 3.2.1","mkdirp":">= 0.3.5","private":">= 0.0.4","install":">= 0.1.7","whiskey":"0.6.x"},"optionalDependencies":{"whiskey":"0.6.x"},"engines":{"node":">= 0.8"},"bugs":{"url":"https://github.com/benjamn/commoner/issues"},"_id":"commoner@0.8.2","dist":{"shasum":"66b9099fdbe0ccffcf0956bb03374887c1c916c8","tarball":"https://registry.npmjs.org/commoner/-/commoner-0.8.2.tgz"},"_from":".","_npmVersion":"1.2.24","_npmUser":{"name":"benjamn","email":"bn@cs.stanford.edu"},"maintainers":[{"name":"benjamn","email":"bn@cs.stanford.edu"}],"directories":{}},"0.8.3":{"author":{"name":"Ben Newman","email":"bn@cs.stanford.edu"},"name":"commoner","description":"Brutally simple tool for translating any dialect of JavaScript into Node-readable CommonJS modules","keywords":["modules","require","commonjs","exports","commoner","browserify","stitch"],"version":"0.8.3","license":"MIT","homepage":"http://github.com/benjamn/commoner","repository":{"type":"git","url":"git://github.com/benjamn/commoner.git"},"main":"main.js","bin":{"commonize":"./bin/commonize"},"scripts":{"test":"whiskey test/run.js"},"dependencies":{"q":">= 0.9.1","recast":"~0.4.1","commander":">= 1.1.1","graceful-fs":"~1.2.2","glob":">= 3.2.1","mkdirp":">= 0.3.5","private":">= 0.0.4","install":">= 0.1.7","whiskey":"0.6.x"},"optionalDependencies":{"whiskey":"0.6.x"},"engines":{"node":">= 0.8"},"bugs":{"url":"https://github.com/benjamn/commoner/issues"},"_id":"commoner@0.8.3","dist":{"shasum":"ab344db4a4e323f746835f1e37301db2361cfda6","tarball":"https://registry.npmjs.org/commoner/-/commoner-0.8.3.tgz"},"_from":".","_npmVersion":"1.2.24","_npmUser":{"name":"benjamn","email":"bn@cs.stanford.edu"},"maintainers":[{"name":"benjamn","email":"bn@cs.stanford.edu"}],"directories":{}},"0.8.4":{"author":{"name":"Ben Newman","email":"bn@cs.stanford.edu"},"name":"commoner","description":"Flexible tool for translating any dialect of JavaScript into Node-readable CommonJS modules","keywords":["modules","require","commonjs","exports","commoner","browserify","stitch"],"version":"0.8.4","license":"MIT","homepage":"http://github.com/benjamn/commoner","repository":{"type":"git","url":"git://github.com/benjamn/commoner.git"},"main":"main.js","bin":{"commonize":"./bin/commonize"},"scripts":{"test":"whiskey test/run.js"},"dependencies":{"q":">= 0.9.1","recast":"~0.4.1","commander":">= 1.1.1","graceful-fs":"~2.0.0","glob":">= 3.2.1","mkdirp":">= 0.3.5","private":">= 0.0.4","install":">= 0.1.7","whiskey":"0.6.x"},"optionalDependencies":{"whiskey":"0.6.x"},"engines":{"node":">= 0.8"},"bugs":{"url":"https://github.com/benjamn/commoner/issues"},"_id":"commoner@0.8.4","dist":{"shasum":"60b2bab5c253dc0e89ec0bf1f30ea24128ab4d11","tarball":"https://registry.npmjs.org/commoner/-/commoner-0.8.4.tgz"},"_from":".","_npmVersion":"1.2.24","_npmUser":{"name":"benjamn","email":"bn@cs.stanford.edu"},"maintainers":[{"name":"benjamn","email":"bn@cs.stanford.edu"}],"directories":{}},"0.8.5":{"author":{"name":"Ben Newman","email":"bn@cs.stanford.edu"},"name":"commoner","description":"Flexible tool for translating any dialect of JavaScript into Node-readable CommonJS modules","keywords":["modules","require","commonjs","exports","commoner","browserify","stitch"],"version":"0.8.5","license":"MIT","homepage":"http://github.com/benjamn/commoner","repository":{"type":"git","url":"git://github.com/benjamn/commoner.git"},"main":"main.js","bin":{"commonize":"./bin/commonize"},"scripts":{"test":"whiskey test/run.js"},"dependencies":{"q":">= 0.9.1","recast":"~0.4.1","commander":">= 1.1.1","graceful-fs":"~2.0.0","glob":">= 3.2.1","mkdirp":">= 0.3.5","private":">= 0.0.4","install":">= 0.1.7","whiskey":"0.6.x"},"optionalDependencies":{"whiskey":"0.6.x"},"engines":{"node":">= 0.8"},"bugs":{"url":"https://github.com/benjamn/commoner/issues"},"_id":"commoner@0.8.5","dist":{"shasum":"2661aa1c69370ff0961ff26ceafd7e249f23354a","tarball":"https://registry.npmjs.org/commoner/-/commoner-0.8.5.tgz"},"_from":".","_npmVersion":"1.2.24","_npmUser":{"name":"benjamn","email":"bn@cs.stanford.edu"},"maintainers":[{"name":"benjamn","email":"bn@cs.stanford.edu"}],"directories":{}},"0.8.6":{"author":{"name":"Ben Newman","email":"bn@cs.stanford.edu"},"name":"commoner","description":"Flexible tool for translating any dialect of JavaScript into Node-readable CommonJS modules","keywords":["modules","require","commonjs","exports","commoner","browserify","stitch"],"version":"0.8.6","license":"MIT","homepage":"http://github.com/benjamn/commoner","repository":{"type":"git","url":"git://github.com/benjamn/commoner.git"},"main":"main.js","bin":{"commonize":"./bin/commonize"},"scripts":{"test":"whiskey test/run.js"},"dependencies":{"q":">= 0.9.1","recast":"~0.4.1","commander":">= 1.1.1","graceful-fs":"~2.0.0","glob":">= 3.2.1","mkdirp":">= 0.3.5","private":">= 0.0.4","install":">= 0.1.7","whiskey":"0.6.x"},"optionalDependencies":{"whiskey":"0.6.x"},"engines":{"node":">= 0.8"},"bugs":{"url":"https://github.com/benjamn/commoner/issues"},"_id":"commoner@0.8.6","dist":{"shasum":"35b5fd5c69fa6c9a90a8dcc2535607fbe9e2c906","tarball":"https://registry.npmjs.org/commoner/-/commoner-0.8.6.tgz"},"_from":".","_npmVersion":"1.3.8","_npmUser":{"name":"benjamn","email":"bn@cs.stanford.edu"},"maintainers":[{"name":"benjamn","email":"bn@cs.stanford.edu"}],"directories":{}},"0.8.7":{"author":{"name":"Ben Newman","email":"bn@cs.stanford.edu"},"name":"commoner","description":"Flexible tool for translating any dialect of JavaScript into Node-readable CommonJS modules","keywords":["modules","require","commonjs","exports","commoner","browserify","stitch"],"version":"0.8.7","license":"MIT","homepage":"http://github.com/benjamn/commoner","repository":{"type":"git","url":"git://github.com/benjamn/commoner.git"},"main":"main.js","bin":{"commonize":"./bin/commonize"},"scripts":{"test":"whiskey test/run.js"},"dependencies":{"q":">= 0.9.1","recast":"~0.4.1","commander":">= 1.1.1","graceful-fs":"~2.0.0","glob":">= 3.2.1","mkdirp":">= 0.3.5","private":">= 0.0.4","install":">= 0.1.7","whiskey":"0.6.x"},"optionalDependencies":{"whiskey":"0.6.x"},"engines":{"node":">= 0.8"},"bugs":{"url":"https://github.com/benjamn/commoner/issues"},"_id":"commoner@0.8.7","dist":{"shasum":"d5cfc41930ebf43ce985d60608df0b0050222fd4","tarball":"https://registry.npmjs.org/commoner/-/commoner-0.8.7.tgz"},"_from":".","_npmVersion":"1.3.13","_npmUser":{"name":"benjamn","email":"bn@cs.stanford.edu"},"maintainers":[{"name":"benjamn","email":"bn@cs.stanford.edu"}],"directories":{}},"0.8.8":{"author":{"name":"Ben Newman","email":"bn@cs.stanford.edu"},"name":"commoner","description":"Flexible tool for translating any dialect of JavaScript into Node-readable CommonJS modules","keywords":["modules","require","commonjs","exports","commoner","browserify","stitch"],"version":"0.8.8","license":"MIT","homepage":"http://github.com/benjamn/commoner","repository":{"type":"git","url":"git://github.com/benjamn/commoner.git"},"main":"main.js","bin":{"commonize":"./bin/commonize"},"scripts":{"test":"whiskey test/run.js"},"dependencies":{"q":">= 0.9.1","recast":"~0.4.1","commander":">= 1.1.1","graceful-fs":"~2.0.0","glob":">= 3.2.1","mkdirp":">= 0.3.5","private":">= 0.0.4","install":">= 0.1.7","whiskey":"0.6.x"},"optionalDependencies":{"whiskey":"0.6.x"},"engines":{"node":">= 0.8"},"bugs":{"url":"https://github.com/benjamn/commoner/issues"},"_id":"commoner@0.8.8","dist":{"shasum":"b1329b1e167c7f3d7a149ad2f0ef1b80fe7d6cbc","tarball":"https://registry.npmjs.org/commoner/-/commoner-0.8.8.tgz"},"_from":".","_npmVersion":"1.3.11","_npmUser":{"name":"benjamn","email":"bn@cs.stanford.edu"},"maintainers":[{"name":"benjamn","email":"bn@cs.stanford.edu"}],"directories":{}},"0.8.9":{"author":{"name":"Ben Newman","email":"bn@cs.stanford.edu"},"name":"commoner","description":"Flexible tool for translating any dialect of JavaScript into Node-readable CommonJS modules","keywords":["modules","require","commonjs","exports","commoner","browserify","stitch"],"version":"0.8.9","license":"MIT","homepage":"http://github.com/benjamn/commoner","repository":{"type":"git","url":"git://github.com/benjamn/commoner.git"},"main":"main.js","bin":{"commonize":"./bin/commonize"},"scripts":{"test":"whiskey test/run.js"},"dependencies":{"q":">= 0.9.1","recast":"~0.5.0","commander":">= 1.1.1","graceful-fs":"~2.0.0","glob":">= 3.2.1","mkdirp":">= 0.3.5","private":">= 0.0.4","install":">= 0.1.7","whiskey":"0.6.x"},"optionalDependencies":{"whiskey":"0.6.x"},"engines":{"node":">= 0.8"},"bugs":{"url":"https://github.com/benjamn/commoner/issues"},"_id":"commoner@0.8.9","dist":{"shasum":"84af1f282922206161c78b1c0e1f58d014cbc159","tarball":"https://registry.npmjs.org/commoner/-/commoner-0.8.9.tgz"},"_from":".","_npmVersion":"1.3.14","_npmUser":{"name":"benjamn","email":"bn@cs.stanford.edu"},"maintainers":[{"name":"benjamn","email":"bn@cs.stanford.edu"}],"directories":{}},"0.8.11":{"author":{"name":"Ben Newman","email":"bn@cs.stanford.edu"},"name":"commoner","description":"Flexible tool for translating any dialect of JavaScript into Node-readable CommonJS modules","keywords":["modules","require","commonjs","exports","commoner","browserify","stitch"],"version":"0.8.11","license":"MIT","homepage":"http://github.com/benjamn/commoner","repository":{"type":"git","url":"git://github.com/benjamn/commoner.git"},"main":"main.js","bin":{"commonize":"./bin/commonize"},"scripts":{"test":"whiskey test/run.js"},"dependencies":{"q":">= 0.9.1","recast":"~0.5.0","commander":">= 1.1.1","graceful-fs":"~2.0.0","glob":">= 3.2.1","mkdirp":">= 0.3.5","private":">= 0.0.4","install":">= 0.1.7","whiskey":"0.6.x"},"optionalDependencies":{"whiskey":"0.6.x"},"engines":{"node":">= 0.8"},"bugs":{"url":"https://github.com/benjamn/commoner/issues"},"_id":"commoner@0.8.11","dist":{"shasum":"ff86c96582c7f324a4cb65b438702cd00d5b9942","tarball":"https://registry.npmjs.org/commoner/-/commoner-0.8.11.tgz"},"_from":".","_npmVersion":"1.3.21","_npmUser":{"name":"benjamn","email":"bn@cs.stanford.edu"},"maintainers":[{"name":"benjamn","email":"bn@cs.stanford.edu"}],"directories":{}},"0.8.12":{"author":{"name":"Ben Newman","email":"bn@cs.stanford.edu"},"name":"commoner","description":"Flexible tool for translating any dialect of JavaScript into Node-readable CommonJS modules","keywords":["modules","require","commonjs","exports","commoner","browserify","stitch"],"version":"0.8.12","license":"MIT","homepage":"http://github.com/benjamn/commoner","repository":{"type":"git","url":"git://github.com/benjamn/commoner.git"},"main":"main.js","bin":{"commonize":"./bin/commonize"},"scripts":{"test":"whiskey test/run.js"},"dependencies":{"q":">= 0.9.1","recast":"~0.5.0","commander":">= 1.1.1","graceful-fs":"~2.0.0","glob":">= 3.2.1","mkdirp":">= 0.3.5","private":">= 0.0.4","install":">= 0.1.7","whiskey":"0.6.x"},"optionalDependencies":{"whiskey":"0.6.x"},"engines":{"node":">= 0.8"},"bugs":{"url":"https://github.com/benjamn/commoner/issues"},"_id":"commoner@0.8.12","dist":{"shasum":"5e21543f07a10ec8156324f040b1ed9b5c2099b6","tarball":"https://registry.npmjs.org/commoner/-/commoner-0.8.12.tgz"},"_from":".","_npmVersion":"1.3.21","_npmUser":{"name":"benjamn","email":"bn@cs.stanford.edu"},"maintainers":[{"name":"benjamn","email":"bn@cs.stanford.edu"}],"directories":{}},"0.8.13":{"author":{"name":"Ben Newman","email":"bn@cs.stanford.edu"},"name":"commoner","description":"Flexible tool for translating any dialect of JavaScript into Node-readable CommonJS modules","keywords":["modules","require","commonjs","exports","commoner","browserify","stitch"],"version":"0.8.13","license":"MIT","homepage":"http://github.com/benjamn/commoner","repository":{"type":"git","url":"git://github.com/benjamn/commoner.git"},"main":"main.js","bin":{"commonize":"./bin/commonize"},"scripts":{"test":"whiskey test/run.js"},"dependencies":{"q":">= 0.9.1","recast":"~0.5.0","commander":">= 1.1.1","graceful-fs":"~2.0.0","glob":">= 3.2.1","mkdirp":">= 0.3.5","private":">= 0.0.4","install":">= 0.1.7","whiskey":"0.6.x"},"optionalDependencies":{"whiskey":"0.6.x"},"engines":{"node":">= 0.8"},"bugs":{"url":"https://github.com/benjamn/commoner/issues"},"_id":"commoner@0.8.13","dist":{"shasum":"9bd3b4a172e214a9dfe07143282077cf3bcb69a6","tarball":"https://registry.npmjs.org/commoner/-/commoner-0.8.13.tgz"},"_from":".","_npmVersion":"1.3.21","_npmUser":{"name":"benjamn","email":"bn@cs.stanford.edu"},"maintainers":[{"name":"benjamn","email":"bn@cs.stanford.edu"}],"directories":{}},"0.8.14":{"author":{"name":"Ben Newman","email":"bn@cs.stanford.edu"},"name":"commoner","description":"Flexible tool for translating any dialect of JavaScript into Node-readable CommonJS modules","keywords":["modules","require","commonjs","exports","commoner","browserify","stitch"],"version":"0.8.14","license":"MIT","homepage":"http://github.com/benjamn/commoner","repository":{"type":"git","url":"git://github.com/benjamn/commoner.git"},"main":"main.js","bin":{"commonize":"./bin/commonize"},"scripts":{"test":"whiskey test/run.js"},"dependencies":{"q":">= 0.9.1","recast":"~0.5.0","commander":">= 1.1.1","graceful-fs":"~2.0.0","glob":">= 3.2.1","mkdirp":">= 0.3.5","private":">= 0.0.4","install":">= 0.1.7","whiskey":"0.6.x"},"optionalDependencies":{"whiskey":"0.6.x"},"engines":{"node":">= 0.8"},"bugs":{"url":"https://github.com/benjamn/commoner/issues"},"_id":"commoner@0.8.14","dist":{"shasum":"db0fe3472d0ed7556cd16742a869c2ebeb3a2c64","tarball":"https://registry.npmjs.org/commoner/-/commoner-0.8.14.tgz"},"_from":".","_npmVersion":"1.3.21","_npmUser":{"name":"benjamn","email":"bn@cs.stanford.edu"},"maintainers":[{"name":"benjamn","email":"bn@cs.stanford.edu"}],"directories":{}},"0.8.15":{"author":{"name":"Ben Newman","email":"bn@cs.stanford.edu"},"name":"commoner","description":"Flexible tool for translating any dialect of JavaScript into Node-readable CommonJS modules","keywords":["modules","require","commonjs","exports","commoner","browserify","stitch"],"version":"0.8.15","license":"MIT","homepage":"http://github.com/benjamn/commoner","repository":{"type":"git","url":"git://github.com/benjamn/commoner.git"},"main":"main.js","bin":{"commonize":"./bin/commonize"},"scripts":{"test":"whiskey test/run.js"},"dependencies":{"q":">= 0.9.1","recast":"~0.5.0","commander":">= 1.1.1","graceful-fs":"~2.0.0","glob":">= 3.2.1","mkdirp":">= 0.3.5","private":">= 0.0.4","install":">= 0.1.7","whiskey":"0.6.x"},"optionalDependencies":{"whiskey":"0.6.x"},"engines":{"node":">= 0.8"},"bugs":{"url":"https://github.com/benjamn/commoner/issues"},"_id":"commoner@0.8.15","dist":{"shasum":"3a1154c32840c8f9de70ade23011b0e945ee823a","tarball":"https://registry.npmjs.org/commoner/-/commoner-0.8.15.tgz"},"_from":".","_npmVersion":"1.3.21","_npmUser":{"name":"benjamn","email":"bn@cs.stanford.edu"},"maintainers":[{"name":"benjamn","email":"bn@cs.stanford.edu"}],"directories":{}},"0.9.0":{"author":{"name":"Ben Newman","email":"bn@cs.stanford.edu"},"name":"commoner","description":"Flexible tool for translating any dialect of JavaScript into Node-readable CommonJS modules","keywords":["modules","require","commonjs","exports","commoner","browserify","stitch"],"version":"0.9.0","license":"MIT","homepage":"http://github.com/benjamn/commoner","repository":{"type":"git","url":"git://github.com/benjamn/commoner.git"},"main":"main.js","bin":{"commonize":"./bin/commonize"},"scripts":{"test":"whiskey test/run.js"},"dependencies":{"q":">= 0.9.1","recast":"~0.5.0","commander":">= 1.1.1","graceful-fs":"~2.0.0","glob":">= 3.2.1","mkdirp":">= 0.3.5","private":">= 0.0.4","install":">= 0.1.7","whiskey":"0.6.x"},"optionalDependencies":{"whiskey":"0.6.x"},"engines":{"node":">= 0.8"},"bugs":{"url":"https://github.com/benjamn/commoner/issues"},"_id":"commoner@0.9.0","dist":{"shasum":"0f26eead7454311892ca2802a2f81907dfd420d4","tarball":"https://registry.npmjs.org/commoner/-/commoner-0.9.0.tgz"},"_from":".","_npmVersion":"1.3.21","_npmUser":{"name":"benjamn","email":"bn@cs.stanford.edu"},"maintainers":[{"name":"benjamn","email":"bn@cs.stanford.edu"}],"directories":{}},"0.9.1":{"author":{"name":"Ben Newman","email":"bn@cs.stanford.edu"},"name":"commoner","description":"Flexible tool for translating any dialect of JavaScript into Node-readable CommonJS modules","keywords":["modules","require","commonjs","exports","commoner","browserify","stitch"],"version":"0.9.1","license":"MIT","homepage":"http://github.com/benjamn/commoner","repository":{"type":"git","url":"git://github.com/benjamn/commoner.git"},"main":"main.js","bin":{"commonize":"./bin/commonize"},"scripts":{"test":"whiskey test/run.js"},"dependencies":{"q":">= 0.9.1","recast":"~0.5.0","commander":">= 1.1.1","graceful-fs":"~2.0.0","glob":">= 3.2.1","mkdirp":">= 0.3.5","private":">= 0.0.4","install":">= 0.1.7","whiskey":"0.6.x"},"optionalDependencies":{"whiskey":"0.6.x"},"engines":{"node":">= 0.8"},"bugs":{"url":"https://github.com/benjamn/commoner/issues"},"_id":"commoner@0.9.1","dist":{"shasum":"5b798c520c27e894f4a21e56ecf4b3c7387c39aa","tarball":"https://registry.npmjs.org/commoner/-/commoner-0.9.1.tgz"},"_from":".","_npmVersion":"1.3.22","_npmUser":{"name":"benjamn","email":"bn@cs.stanford.edu"},"maintainers":[{"name":"benjamn","email":"bn@cs.stanford.edu"}],"directories":{}},"0.9.2":{"author":{"name":"Ben Newman","email":"bn@cs.stanford.edu"},"name":"commoner","description":"Flexible tool for translating any dialect of JavaScript into Node-readable CommonJS modules","keywords":["modules","require","commonjs","exports","commoner","browserify","stitch"],"version":"0.9.2","license":"MIT","homepage":"http://github.com/benjamn/commoner","repository":{"type":"git","url":"git://github.com/benjamn/commoner.git"},"main":"main.js","bin":{"commonize":"./bin/commonize"},"scripts":{"test":"whiskey test/run.js"},"dependencies":{"q":">= 0.9.1","recast":"~0.5.0","commander":">= 1.1.1","graceful-fs":"~2.0.0","glob":">= 3.2.1","mkdirp":">= 0.3.5","private":">= 0.0.4","install":">= 0.1.7","whiskey":"0.6.x"},"optionalDependencies":{"whiskey":"0.6.x"},"engines":{"node":">= 0.8"},"bugs":{"url":"https://github.com/benjamn/commoner/issues"},"_id":"commoner@0.9.2","dist":{"shasum":"a2aaf1abf1f33cb765371d1c8f964d190f2b1208","tarball":"https://registry.npmjs.org/commoner/-/commoner-0.9.2.tgz"},"_from":".","_npmVersion":"1.4.3","_npmUser":{"name":"benjamn","email":"bn@cs.stanford.edu"},"maintainers":[{"name":"benjamn","email":"bn@cs.stanford.edu"}],"directories":{}},"0.9.3":{"author":{"name":"Ben Newman","email":"bn@cs.stanford.edu"},"name":"commoner","description":"Flexible tool for translating any dialect of JavaScript into Node-readable CommonJS modules","keywords":["modules","require","commonjs","exports","commoner","browserify","stitch"],"version":"0.9.3","license":"MIT","homepage":"http://github.com/reactjs/commoner","repository":{"type":"git","url":"git://github.com/reactjs/commoner.git"},"main":"main.js","bin":{"commonize":"./bin/commonize"},"scripts":{"test":"whiskey test/run.js"},"dependencies":{"q":"~1.0.1","recast":"~0.5.12","commander":"~2.2.0","graceful-fs":"~2.0.3","glob":"~3.2.9","mkdirp":"~0.3.5","private":"~0.1.2","install":"~0.1.7","iconv-lite":"~0.2.11","whiskey":"0.6.x"},"optionalDependencies":{"whiskey":"0.6.x"},"engines":{"node":">= 0.8"},"bugs":{"url":"https://github.com/reactjs/commoner/issues"},"_id":"commoner@0.9.3","dist":{"shasum":"ba8ed87ae4e9b6ed0a65a212f6795a54b178c272","tarball":"https://registry.npmjs.org/commoner/-/commoner-0.9.3.tgz"},"_from":".","_npmVersion":"1.4.3","_npmUser":{"name":"benjamn","email":"bn@cs.stanford.edu"},"maintainers":[{"name":"benjamn","email":"bn@cs.stanford.edu"}],"directories":{}},"0.9.4":{"author":{"name":"Ben Newman","email":"bn@cs.stanford.edu"},"name":"commoner","description":"Flexible tool for translating any dialect of JavaScript into Node-readable CommonJS modules","keywords":["modules","require","commonjs","exports","commoner","browserify","stitch"],"version":"0.9.4","license":"MIT","homepage":"http://github.com/reactjs/commoner","repository":{"type":"git","url":"git://github.com/reactjs/commoner.git"},"main":"main.js","bin":{"commonize":"./bin/commonize"},"scripts":{"test":"whiskey test/run.js"},"dependencies":{"q":"~1.0.1","recast":"~0.5.12","commander":"~2.2.0","graceful-fs":"~2.0.3","glob":"~3.2.9","mkdirp":"~0.3.5","private":"~0.1.2","install":"~0.1.7","iconv-lite":"~0.2.11","whiskey":"0.6.x"},"optionalDependencies":{"whiskey":"0.6.x"},"engines":{"node":">= 0.8"},"gitHead":"09c9e4e2b65e55e32e98c4095815a8c77c13eac6","bugs":{"url":"https://github.com/reactjs/commoner/issues"},"_id":"commoner@0.9.4","_shasum":"744a60b68893fd4603f3acb830133883428b57d2","_from":".","_npmVersion":"1.4.14","_npmUser":{"name":"benjamn","email":"bn@cs.stanford.edu"},"maintainers":[{"name":"benjamn","email":"bn@cs.stanford.edu"}],"dist":{"shasum":"744a60b68893fd4603f3acb830133883428b57d2","tarball":"https://registry.npmjs.org/commoner/-/commoner-0.9.4.tgz"},"directories":{}},"0.9.5":{"author":{"name":"Ben Newman","email":"bn@cs.stanford.edu"},"name":"commoner","description":"Flexible tool for translating any dialect of JavaScript into Node-readable CommonJS modules","keywords":["modules","require","commonjs","exports","commoner","browserify","stitch"],"version":"0.9.5","license":"MIT","homepage":"http://github.com/reactjs/commoner","repository":{"type":"git","url":"git://github.com/reactjs/commoner.git"},"main":"main.js","bin":{"commonize":"./bin/commonize"},"scripts":{"test":"node ./node_modules/mocha/bin/mocha --reporter spec test/run.js"},"dependencies":{"q":"~1.0.1","recast":"~0.6.0","commander":"~2.2.0","graceful-fs":"~2.0.3","glob":"~3.2.9","mkdirp":"~0.3.5","private":"~0.1.2","install":"~0.1.7","iconv-lite":"~0.2.11"},"devDependencies":{"mocha":"~1.20.1"},"engines":{"node":">= 0.8"},"bugs":{"url":"https://github.com/reactjs/commoner/issues"},"_id":"commoner@0.9.5","dist":{"shasum":"2ad34fd65f52b327c2bc74a428cac05c1fd923d5","tarball":"https://registry.npmjs.org/commoner/-/commoner-0.9.5.tgz"},"_from":".","_npmVersion":"1.4.3","_npmUser":{"name":"benjamn","email":"bn@cs.stanford.edu"},"maintainers":[{"name":"benjamn","email":"bn@cs.stanford.edu"}],"directories":{}},"0.9.6":{"author":{"name":"Ben Newman","email":"bn@cs.stanford.edu"},"name":"commoner","description":"Flexible tool for translating any dialect of JavaScript into Node-readable CommonJS modules","keywords":["modules","require","commonjs","exports","commoner","browserify","stitch"],"version":"0.9.6","license":"MIT","homepage":"http://github.com/reactjs/commoner","repository":{"type":"git","url":"git://github.com/reactjs/commoner.git"},"main":"main.js","bin":{"commonize":"./bin/commonize"},"scripts":{"test":"node ./node_modules/mocha/bin/mocha --reporter spec test/run.js"},"dependencies":{"q":"~1.0.1","recast":"~0.6.0","commander":"~2.2.0","graceful-fs":"~2.0.3","glob":"~3.2.9","mkdirp":"~0.3.5","private":"~0.1.2","install":"~0.1.7","iconv-lite":"~0.2.11"},"devDependencies":{"mocha":"~1.20.1"},"engines":{"node":">= 0.8"},"gitHead":"40bf6cbd462b6131e5295ec5e9f856dbda831753","bugs":{"url":"https://github.com/reactjs/commoner/issues"},"_id":"commoner@0.9.6","_shasum":"528d87e01883cc0c2b68b976543308cb76894b64","_from":".","_npmVersion":"1.4.14","_npmUser":{"name":"benjamn","email":"bn@cs.stanford.edu"},"maintainers":[{"name":"benjamn","email":"bn@cs.stanford.edu"}],"dist":{"shasum":"528d87e01883cc0c2b68b976543308cb76894b64","tarball":"https://registry.npmjs.org/commoner/-/commoner-0.9.6.tgz"},"directories":{}},"0.9.7":{"author":{"name":"Ben Newman","email":"bn@cs.stanford.edu"},"name":"commoner","description":"Flexible tool for translating any dialect of JavaScript into Node-readable CommonJS modules","keywords":["modules","require","commonjs","exports","commoner","browserify","stitch"],"version":"0.9.7","license":"MIT","homepage":"http://github.com/reactjs/commoner","repository":{"type":"git","url":"git://github.com/reactjs/commoner.git"},"main":"main.js","bin":{"commonize":"./bin/commonize"},"scripts":{"test":"node ./node_modules/mocha/bin/mocha --reporter spec test/run.js"},"dependencies":{"q":"~1.0.1","recast":"~0.7.0","commander":"~2.2.0","graceful-fs":"~2.0.3","glob":"~3.2.9","mkdirp":"~0.3.5","private":"~0.1.2","install":"~0.1.7","iconv-lite":"~0.2.11"},"devDependencies":{"mocha":"~1.20.1"},"engines":{"node":">= 0.8"},"gitHead":"ae054fa5398cebb3b9e627ec31e6b30aaecd4478","bugs":{"url":"https://github.com/reactjs/commoner/issues"},"_id":"commoner@0.9.7","_shasum":"c095e264c92b2bb80232487dbba1c8d105e82fa5","_from":".","_npmVersion":"1.4.14","_npmUser":{"name":"benjamn","email":"bn@cs.stanford.edu"},"maintainers":[{"name":"benjamn","email":"bn@cs.stanford.edu"}],"dist":{"shasum":"c095e264c92b2bb80232487dbba1c8d105e82fa5","tarball":"https://registry.npmjs.org/commoner/-/commoner-0.9.7.tgz"},"deprecated":"Made a breaking change to the default @providesModule behavior that deserved a minor version bump.","directories":{}},"0.9.8":{"author":{"name":"Ben Newman","email":"bn@cs.stanford.edu"},"name":"commoner","description":"Flexible tool for translating any dialect of JavaScript into Node-readable CommonJS modules","keywords":["modules","require","commonjs","exports","commoner","browserify","stitch"],"version":"0.9.8","license":"MIT","homepage":"http://github.com/reactjs/commoner","repository":{"type":"git","url":"git://github.com/reactjs/commoner.git"},"main":"main.js","bin":{"commonize":"./bin/commonize"},"scripts":{"test":"node ./node_modules/mocha/bin/mocha --reporter spec test/run.js"},"dependencies":{"q":"~1.0.1","recast":"~0.7.0","commander":"~2.2.0","graceful-fs":"~2.0.3","glob":"~3.2.9","mkdirp":"~0.3.5","private":"~0.1.2","install":"~0.1.7","iconv-lite":"~0.2.11"},"devDependencies":{"mocha":"~1.20.1"},"engines":{"node":">= 0.8"},"gitHead":"2d3a10357c597b285233418e95034e367bab9679","bugs":{"url":"https://github.com/reactjs/commoner/issues"},"_id":"commoner@0.9.8","_shasum":"22f59588f134a3afa04aaea97e8bb574972acded","_from":".","_npmVersion":"1.4.14","_npmUser":{"name":"benjamn","email":"bn@cs.stanford.edu"},"maintainers":[{"name":"benjamn","email":"bn@cs.stanford.edu"}],"dist":{"shasum":"22f59588f134a3afa04aaea97e8bb574972acded","tarball":"https://registry.npmjs.org/commoner/-/commoner-0.9.8.tgz"},"directories":{}},"0.10.0":{"author":{"name":"Ben Newman","email":"bn@cs.stanford.edu"},"name":"commoner","description":"Flexible tool for translating any dialect of JavaScript into Node-readable CommonJS modules","keywords":["modules","require","commonjs","exports","commoner","browserify","stitch"],"version":"0.10.0","license":"MIT","homepage":"http://github.com/reactjs/commoner","repository":{"type":"git","url":"git://github.com/reactjs/commoner.git"},"main":"main.js","bin":{"commonize":"./bin/commonize"},"scripts":{"test":"node ./node_modules/mocha/bin/mocha --reporter spec test/run.js"},"dependencies":{"q":"~1.0.1","recast":"~0.7.0","commander":"~2.2.0","graceful-fs":"~2.0.3","glob":"~3.2.9","mkdirp":"~0.3.5","private":"~0.1.2","install":"~0.1.7","iconv-lite":"~0.2.11"},"devDependencies":{"mocha":"~1.20.1"},"engines":{"node":">= 0.8"},"gitHead":"f02df73e3cd6e0f79d3038230c06675257029672","bugs":{"url":"https://github.com/reactjs/commoner/issues"},"_id":"commoner@0.10.0","_shasum":"e93f621bf50d83a4ed6a5923bfd123123d97d196","_from":".","_npmVersion":"1.4.14","_npmUser":{"name":"benjamn","email":"bn@cs.stanford.edu"},"maintainers":[{"name":"benjamn","email":"bn@cs.stanford.edu"}],"dist":{"shasum":"e93f621bf50d83a4ed6a5923bfd123123d97d196","tarball":"https://registry.npmjs.org/commoner/-/commoner-0.10.0.tgz"},"directories":{}},"0.10.1":{"author":{"name":"Ben Newman","email":"bn@cs.stanford.edu"},"name":"commoner","description":"Flexible tool for translating any dialect of JavaScript into Node-readable CommonJS modules","keywords":["modules","require","commonjs","exports","commoner","browserify","stitch"],"version":"0.10.1","license":"MIT","homepage":"http://github.com/reactjs/commoner","repository":{"type":"git","url":"git://github.com/reactjs/commoner.git"},"main":"main.js","bin":{"commonize":"./bin/commonize"},"scripts":{"test":"node ./node_modules/mocha/bin/mocha --reporter spec test/run.js"},"dependencies":{"q":"~1.1.2","recast":"~0.9.5","commander":"~2.5.0","graceful-fs":"~3.0.4","glob":"~4.2.1","mkdirp":"~0.5.0","private":"~0.1.6","install":"~0.1.7","iconv-lite":"~0.4.5"},"devDependencies":{"mocha":"~2.0.1"},"engines":{"node":">= 0.8"},"gitHead":"deef3d745a5cb59c2d6670fa768ad3fe51ae1cd5","bugs":{"url":"https://github.com/reactjs/commoner/issues"},"_id":"commoner@0.10.1","_shasum":"53ab254aeb93ec0b19e9a1ca14e1d0e5fe998588","_from":".","_npmVersion":"1.4.28","_npmUser":{"name":"benjamn","email":"bn@cs.stanford.edu"},"maintainers":[{"name":"benjamn","email":"bn@cs.stanford.edu"}],"dist":{"shasum":"53ab254aeb93ec0b19e9a1ca14e1d0e5fe998588","tarball":"https://registry.npmjs.org/commoner/-/commoner-0.10.1.tgz"},"directories":{}},"0.10.3":{"author":{"name":"Ben Newman","email":"bn@cs.stanford.edu"},"name":"commoner","description":"Flexible tool for translating any dialect of JavaScript into Node-readable CommonJS modules","keywords":["modules","require","commonjs","exports","commoner","browserify","stitch"],"version":"0.10.3","license":"MIT","homepage":"http://github.com/reactjs/commoner","repository":{"type":"git","url":"git://github.com/reactjs/commoner.git"},"main":"main.js","bin":{"commonize":"./bin/commonize"},"scripts":{"test":"rm -rf test/output ; node ./node_modules/mocha/bin/mocha --reporter spec test/run.js"},"dependencies":{"q":"~1.1.2","recast":"~0.10.0","commander":"~2.5.0","graceful-fs":"~3.0.4","glob":"~4.2.1","mkdirp":"~0.5.0","private":"~0.1.6","install":"~0.1.7","iconv-lite":"~0.4.5"},"devDependencies":{"mocha":"~2.0.1"},"engines":{"node":">= 0.8"},"gitHead":"4c0d8af2028a909bf893a7cb47ca1a47b51dde85","bugs":{"url":"https://github.com/reactjs/commoner/issues"},"_id":"commoner@0.10.3","_shasum":"8d407fbca042d1258672998a206ec1d525c92b2a","_from":".","_npmVersion":"2.11.3","_nodeVersion":"0.10.31","_npmUser":{"name":"benjamn","email":"bn@cs.stanford.edu"},"maintainers":[{"name":"benjamn","email":"bn@cs.stanford.edu"}],"dist":{"shasum":"8d407fbca042d1258672998a206ec1d525c92b2a","tarball":"https://registry.npmjs.org/commoner/-/commoner-0.10.3.tgz"},"directories":{}},"0.10.4":{"author":{"name":"Ben Newman","email":"bn@cs.stanford.edu"},"name":"commoner","description":"Flexible tool for translating any dialect of JavaScript into Node-readable CommonJS modules","keywords":["modules","require","commonjs","exports","commoner","browserify","stitch"],"version":"0.10.4","license":"MIT","homepage":"http://github.com/reactjs/commoner","repository":{"type":"git","url":"git://github.com/reactjs/commoner.git"},"main":"main.js","files":["bin","lib","main.js"],"bin":{"commonize":"./bin/commonize"},"scripts":{"test":"rm -rf test/output ; node ./node_modules/mocha/bin/mocha --reporter spec test/run.js"},"dependencies":{"commander":"^2.5.0","detective":"^4.3.1","glob":"^5.0.15","graceful-fs":"^4.1.2","iconv-lite":"^0.4.5","mkdirp":"^0.5.0","private":"^0.1.6","q":"^1.1.2","recast":"^0.10.0"},"devDependencies":{"mocha":"^2.3.3"},"engines":{"node":">= 0.8"},"gitHead":"b80aad63cf4df467fbdf7e07b0f0d4b0d95281c3","bugs":{"url":"https://github.com/reactjs/commoner/issues"},"_id":"commoner@0.10.4","_shasum":"98f3333dd3ad399596bb2d384a783bb7213d68f8","_from":".","_npmVersion":"3.3.9","_nodeVersion":"0.10.38","_npmUser":{"name":"benjamn","email":"bn@cs.stanford.edu"},"maintainers":[{"name":"benjamn","email":"bn@cs.stanford.edu"}],"dist":{"shasum":"98f3333dd3ad399596bb2d384a783bb7213d68f8","tarball":"https://registry.npmjs.org/commoner/-/commoner-0.10.4.tgz"},"directories":{}}},"readme":"Commoner [![Build Status](https://travis-ci.org/reactjs/commoner.png?branch=master)](https://travis-ci.org/reactjs/commoner)\n---\n\nCommoner makes it easy to write scripts that flexibly and efficiently\ntranspile any dialect of JavaScript into a directory structure of\nNode-compatible CommonJS module files.\n\nThis task is made possible by\n\n  1. a declarative syntax for defining how module source code should be\n     found and processed,\n  2. the use of [promises](https://github.com/kriskowal/q) to manage an\n     asynchronous build pipeline, and\n  3. never rebuilding modules that have already been built.\n\nThe output files can be required seamlessly by Node, or served by any\nstatic file server, or bundled together using a tool such as\n[Browserify](https://github.com/substack/node-browserify),\n[WrapUp](https://github.com/kamicane/wrapup), or\n[Stitch](https://github.com/sstephenson/stitch) for delivery to a web\nbrowser.\n\nIf you pass the `--relativize` option, Commoner also takes care to rewrite\nall `require` calls to use [relative module\nidentifiers](http://wiki.commonjs.org/wiki/Modules/1.1#Module_Identifiers),\nso that the output files can be installed into any subdirectory of a\nlarger project, and external tools do not have to give special treatment\nto top-level modules (or even know which modules are top-level and which\nare nested).\n\nCommoner was derived from an earlier, more opinionated tool called\n[Brigade](https://github.com/benjamn/brigade) that provided additional\nsupport for packaging modules together into multiple non-overlapping\nbundles. Commoner grew out of the realization that many tools already\nexist for bundling CommonJS modules, but that fewer tools focus on getting\nto that point.\n\nInstallation\n---\n\nFrom NPM:\n\n    npm install commoner\n\nFrom GitHub:\n\n    cd path/to/node_modules\n    git clone git://github.com/reactjs/commoner.git\n    cd commoner\n    npm install .\n\nUsage\n---\n\nHere's the output of `bin/commonize --help`:\n```\nUsage: commonize [options] <source directory> <output directory> [<module ID> [<module ID> ...]]\n\nOptions:\n\n  -h, --help                               output usage information\n  -V, --version                            output the version number\n  -c, --config [file]                      JSON configuration file (no file means STDIN)\n  -w, --watch                              Continually rebuild\n  -x, --extension <js | coffee | ...>      File extension to assume when resolving module identifiers\n  --relativize                             Rewrite all module identifiers to be relative\n  --follow-requires                        Scan modules for required dependencies\n  --cache-dir <directory>                  Alternate directory to use for disk cache\n  --no-cache-dir                           Disable the disk cache\n  --source-charset <utf8 | win1252 | ...>  Charset of source (default: utf8)\n  --output-charset <utf8 | win1252 | ...>  Charset of output (default: utf8)\n```\n\nIn a single sentence: the `commonize` command finds modules with the given\nmodule identifiers in the source directory and places a processed copy of\neach module into the output directory, along with processed copies of all\nrequired modules.\n\nIf you do not provide any module identifiers, `commonize` will process all\nfiles that it can find under the source directory that have the preferred\nfile extension (`.js` by default). If your source files have a file\nextension other than `.js`, use the `-x` or `--extension` option to\nspecify it. For example, `--extension coffee` to find `.coffee` files.\n\nOutput\n---\n\nCommoner prints various status messages to `STDERR`, so that you can see\nwhat it's doing, or figure out why it's not doing what you thought it\nwould do.\n\nThe only information it prints to `STDOUT` is a JSON array of module\nidentifiers, which includes the identifiers passed on the command line and\nall their dependencies. This array contains no duplicates.\n\nInternally, each module that Commoner generates has a hash computed from\nthe module's identifier, source code, and processing steps. Since this\nhash can be computed before processing takes place, Commoner is able to\navoid processing a module if it has ever previously processed the same\nmodule in the same way.\n\nIf you dig into [the\ncode](https://github.com/reactjs/commoner/blob/5e7f65cab2/lib/context.js#L94),\nyou'll find that Commoner maintains a cache directory (by default,\n`~/.commoner/module-cache/`) containing files with names like\n`9ffc5c853aac07bc106da1dc1b2486903ca688bf.js`.  When Commoner is about to\nprocess a module, it checks its hash against the file names in this\ndirectory. If no match is found, processing procedes and the resulting\nfile is written to the cache directory with a new hash. If the appropriate\nhash file is already present in the cache directory, however, Commoner\nmerely creates a hard link between the hash file and a file with a more\nmeaningful name in the output directory.\n\nWhen you pass the `--watch` flag to `bin/commonize`, Commoner avoids\nexiting after the first build and instead watches for changes to\npreviously read files, printing a new JSON array of module identifiers to\n`STDOUT` each time rebuilding finishes. Thanks to the caching of processed\nmodules, the time taken to rebuild is roughly proportional to the number\nof modified files.\n\nCustomization\n---\n\nThe `bin/commonize` script is actually quite simple, and you can write\nsimilar scripts yourself. Let's have a look:\n```js\n#!/usr/bin/env node\n\nrequire(\"commoner\").resolve(function(id) {\n    var context = this;\n\n    return context.getProvidedP().then(function(idToPath) {\n        // If a module declares its own identifier using @providesModule\n        // then that identifier will be a key in the idToPath object.\n        if (idToPath.hasOwnProperty(id))\n            return context.readFileP(idToPath[id]);\n    });\n\n}, function(id) {\n    // Otherwise assume the identifier maps directly to a filesystem path.\n    // The readModuleP method simply appends the preferred file extension\n    // (usually .js) to the given module identifier and opens that file.\n    return this.readModuleP(id);\n});\n```\nThe scriptable interface of the `commoner` module abstracts away many of\nthe annoyances of writing a command-line script. In particular, you don't\nhave to do any parsing of command-line arguments, and you don't have to\nworry about installing any dependencies other than `commoner` in your\n`$NODE_PATH`.\n\nWhat you are responsible for, at a minimum, is telling Commoner how to\nfind the source of a module given a module identifier, and you do this by\npassing callback functions to `require(\"commoner\").resolve`. The script\nabove uses two strategies that will be tried in sequence: first, it calls\nthe helper function `this.getProvidedP` to retrieve an object mapping\nidentifiers to file paths (more about this below); and, if that doesn't\nwork, it falls back to interpreting the identifier as a path relative to\nthe source directory.\n\nNow, you might not care about `this.getProvidedP`. It's really just a\nproof of concept that Commoner can support modules that declare their own\nidentifiers using the `// @providesModule <identifier>` syntax, and I\nincluded it by default because it doesn't make a difference unless you\ndecide to use `@providesModule`. If you don't like it, you could write an\neven simpler script:\n```js\n#!/usr/bin/env node\n\nrequire(\"commoner\").resolve(function(id) {\n    return this.readModuleP(id);\n});\n```\nThe point is, it's entirely up to you to define how module identifiers are\ninterpreted. In fact, the source you return doesn't even have to be valid\nJavaScript. It could be [CoffeeScript](http://coffeescript.org/), or\n[LESS](http://lesscss.org/), or whatever language you prefer to write by\nhand. Commoner doesn't care what your source code looks like, because\nCommoner allows you to define arbitrary build steps to turn that source\ncode into plain old CommonJS.\n\nLet's consider the example of using LESS to write dynamic CSS\nmodules. First, let's apply what we already know to give special meaning\nto `.less` files:\n```js\n#!/usr/bin/env node\n\nrequire(\"commoner\").resolve(function(id) {\n    if (isLess(id))\n        return this.readFileP(id);\n}, function(id) {\n    return this.readModuleP(id);\n});\n\nfunction isLess(id) {\n    return /\\.less$/i.test(id);\n}\n```\nAll this really accomplishes is to avoid appending the `.js` file\nextension to identifiers that already have the `.less` extension.\n\nNow we need to make sure the contents of `.less` files somehow get\ntransformed into plain old CommonJS, and for that we need\n`require(\"commoner\").process`:\n```js\nrequire(\"commoner\").resolve(function(id) {\n    if (isLess(id))\n        return this.readFileP(id);\n}, function(id) {\n    return this.readModuleP(id);\n}).process(function(id, source) {\n    if (isLess(id))\n        return compileLessToJs(source);\n    return source;\n});\n```\nHow should `compileLessToJs` be implemented? At a high level, I propose\nthat we generate a CommonJS module that will append a new `<style>` tag to\nthe `<head>` the first time the module is required. This suggests to me\nthat we need to take the CSS generated by LESS and somehow embed it as a\nstring in a CommonJS module with a small amount of boilerplate JS.\n\nHere's a first attempt:\n```js\nfunction compileLessToJs(less) {\n    var css = require(\"less\").render(less);\n    return 'require(\"css\").add(' + JSON.stringify(css) + \");\";\n}\n```\nImplementing a `css` module with an appropriate `add` method is an\nexercise that I will leave to the reader (hint: you may find [this\nStackOverflow answer](http://stackoverflow.com/a/524721/128454) useful).\n\nThis almost works, but there's one problem: `require(\"less\").render` does\nnot actually return a string! For better or worse, it passes the compiled\nCSS to a callback function, which would make our task extremely painful\n*if Commoner were not deeply committed to supporting asynchronous\nprocessing*.\n\nCommoner uses promises for asynchronous control flow, so we need to return\na promise if we can't return a string immediately. The easiest way to make\na promise is to call `this.makePromise` in the following style:\n```js\n#!/usr/bin/env node\n\nrequire(\"commoner\").resolve(function(id) {\n    if (isLess(id))\n        return this.readFileP(id);\n}, function(id) {\n    return this.readModuleP(id);\n}).process(function(id, source) {\n    if (isLess(id)) {\n        return this.makePromise(function(nodeStyleCallback) {\n            compileLessToJs(source, nodeStyleCallback);\n        });\n    }\n    return source;\n});\n\nfunction compileLessToJs(less, callback) {\n    require(\"less\").render(less, function(err, css) {\n        callback(err, 'require(\"css\").add(' + JSON.stringify(css) + \");\")\n    });\n}\n```\nAnd we're done! This example was admittedly pretty involved, but if you\nfollowed it to the end you now have all the knowledge you need to write\nsource files like `sidebar.less` and require them from other modules by\ninvoking `require(\"sidebar.less\")`. (And, by the way, embedding dynamic\nCSS modules in your JavaScript turns out to be an excellent idea.)\n\nGenerating multiple files from one source module\n---\n\nCommoner is not limited to generating just one output file from each\nsource module. For example, if you want to follow best practices for\nproducing source maps, you probably want to create a `.map.json` file\ncorresponding to every `.js` file that you compile.\n\nRecall that normally your `.process` callback returns a string (or a\npromise for a string) whose contents will be written as a `.js` file in\nthe output directory. To write more than one file, just return an object\nwhose keys are the file extensions of the files you want to write, and\nwhose values are either strings or promises for strings representing the\ndesired contents of those files.\n\nHere's an example of generating two different files for every source\nmodule, one called `<id>.map.json` and the other called `<id>.js`:\n```js\nrequire(\"commoner\").resolve(function(id) {\n    return this.readModuleP(id);\n}).process(function(id, source) {\n    var result = compile(source);\n    return {\n        \".map.json\": JSON.stringify(result.sourceMap),\n        \".js\": [\n            result.code,\n            \"//# sourceMappingURL=\" + id + \".map.json\"\n        ].join(\"\\n\")\n    };\n});\n```\n\nNote that\n```js\nreturn {\n    \".js\": source\n};\n```\nwould be equivalent to\n```js\nreturn source;\n```\nso you only have to return an object when you want to generate multiple\nfiles. However, the `.js` key is mandatory when returning an object.\n\nFor your convenience, if you have a sequence of multiple processing\nfunctions, the values of the object returned from each step will be\nresolved before the object is passed along to the next processing\nfunction, so you can be sure all the values are strings (instead of\npromises) at the beginning of the next processing function.\n\nConfiguration\n---\n\nOf course, not all customization requires modifying code. Most of the\ntime, in fact, configuration has more to do with providing different\ndynamic values to the same code.\n\nFor that kind of configuration, you don't need to modify your Commoner\nscript at all, because Commoner scripts accept a flag called `--config`\nthat can either specify a JSON file or (if `--config` is given without a\nfile name) read a string of JSON from `STDIN`.\n\nExamples:\n\n    bin/commonize source/ output/ main --config release.json\n    bin/commonize source/ output/ main --config debug.json\n    echo '{\"debug\":false}' | bin/commonize source/ output/ main --config\n    echo '{\"debug\":true}' | bin/commonize source/ output/ main --config /dev/stdin\n\nThis configuration object is exposed to the `.resolve` and `.process`\ncallbacks as `this.config`. So, for example, if you wanted to implement\nminification as a processing step, you might do it like this:\n```js\nrequire(\"commoner\").resolve(function(id) {\n    return this.readModule(id);\n}).process(function(id, source) {\n    if (this.config.debug)\n        return source;\n    return minify(source);\n});\n```\nPerhaps the coolest thing about the configuration object is that Commoner\ngenerates a recursive hash of all its properties and their values which is\nthen incorporated into every module hash. This means that two modules with\nthe same identifier and identical source code and processing steps will\nhave distinct hashes if built using different configuration objects.\n\nCustom Options\n---\n\nYou can define custom options for your script by using the `option` function.\n\n```js\nrequire(\"commoner\").resolve(function(id) {\n    return this.readModule(id);\n}).option(\n    '--custom-option',\n    'This is a custom option.'\n).process(function(id, source) {\n    if (this.options.customOption) {\n        source = doCustomThing(source);\n    }\n    return source;\n});\n```\n\nFor more information of the options object available inside the `process` function see [Commander](https://github.com/visionmedia/commander.js).\n","maintainers":[{"name":"benjamn","email":"bn@cs.stanford.edu"}],"time":{"modified":"2015-11-05T14:59:53.411Z","created":"2013-04-19T20:11:45.506Z","0.5.1":"2013-04-19T20:11:46.592Z","0.5.2":"2013-04-19T20:32:25.064Z","0.5.3":"2013-04-22T19:58:23.302Z","0.5.4":"2013-05-09T01:38:12.141Z","0.5.5":"2013-05-09T16:32:34.401Z","0.5.6":"2013-05-09T20:12:11.672Z","0.5.7":"2013-05-10T19:07:11.904Z","0.5.8":"2013-05-13T14:24:46.062Z","0.5.9":"2013-05-13T16:58:04.407Z","0.6.0":"2013-05-20T19:04:40.270Z","0.6.1":"2013-05-20T19:23:28.848Z","0.6.3":"2013-05-21T17:59:00.713Z","0.6.4":"2013-05-21T18:34:53.883Z","0.6.5":"2013-05-22T15:28:33.605Z","0.6.6":"2013-05-23T14:59:59.682Z","0.6.7":"2013-05-23T15:52:34.744Z","0.6.8":"2013-05-24T19:38:06.769Z","0.6.9":"2013-05-29T16:01:36.737Z","0.6.10":"2013-06-03T21:54:22.356Z","0.6.11":"2013-06-07T20:59:08.361Z","0.6.12":"2013-06-07T21:39:41.388Z","0.7.0":"2013-06-11T19:07:15.130Z","0.7.1":"2013-07-01T20:23:24.184Z","0.8.0":"2013-07-01T20:54:13.597Z","0.8.1":"2013-07-02T15:45:26.064Z","0.8.2":"2013-07-02T17:19:39.047Z","0.8.3":"2013-07-02T21:46:44.848Z","0.8.4":"2013-07-16T19:37:54.650Z","0.8.5":"2013-07-17T20:39:48.596Z","0.8.6":"2013-09-09T20:41:03.875Z","0.8.7":"2013-11-06T22:13:25.968Z","0.8.8":"2013-11-24T18:43:32.178Z","0.8.9":"2013-12-07T22:31:18.002Z","0.8.11":"2014-01-02T17:06:58.660Z","0.8.12":"2014-01-02T19:53:36.650Z","0.8.13":"2014-01-07T01:04:56.489Z","0.8.14":"2014-01-23T20:12:16.214Z","0.8.15":"2014-01-27T19:16:25.861Z","0.9.0":"2014-01-28T03:06:27.775Z","0.9.1":"2014-02-16T01:45:26.187Z","0.9.2":"2014-03-20T18:40:49.082Z","0.9.3":"2014-03-29T19:51:52.298Z","0.9.4":"2014-07-02T17:36:37.348Z","0.9.5":"2014-07-16T16:38:50.165Z","0.9.6":"2014-07-17T04:16:20.223Z","0.9.7":"2014-08-18T20:28:21.287Z","0.9.8":"2014-08-18T20:34:50.030Z","0.10.0":"2014-08-18T20:37:39.163Z","0.10.1":"2014-12-01T18:18:37.446Z","0.10.3":"2015-06-23T15:18:29.004Z","0.10.4":"2015-11-05T14:59:53.411Z"},"author":{"name":"Ben Newman","email":"bn@cs.stanford.edu"},"repository":{"type":"git","url":"git://github.com/reactjs/commoner.git"},"readmeFilename":"README.md","homepage":"http://github.com/reactjs/commoner","keywords":["modules","require","commonjs","exports","commoner","browserify","stitch"],"bugs":{"url":"https://github.com/reactjs/commoner/issues"},"license":"MIT","_attachments":{},"_etag":"\"7PFNLH7MAUNTCPSQWHG2LCR7F\""}