{"_id":"data-uri-to-buffer","_rev":"7-b1c0ff044a0be4209c2fec8d71b0df58","name":"data-uri-to-buffer","description":"Generate a Buffer instance from a Data URI string","dist-tags":{"latest":"0.0.4"},"versions":{"0.0.1":{"name":"data-uri-to-buffer","version":"0.0.1","description":"Generate a Buffer instance from a Data URI string","main":"index.js","directories":{"test":"test"},"scripts":{"test":"mocha --reporter spec"},"repository":{"type":"git","url":"git://github.com/TooTallNate/node-data-uri-to-buffer.git"},"keywords":["data","uri","datauri","data-uri","buffer","convert"],"author":{"name":"Nathan Rajlich","email":"nathan@tootallnate.net","url":"http://n8.io/"},"license":"MIT","bugs":{"url":"https://github.com/TooTallNate/node-data-uri-to-buffer/issues"},"homepage":"https://github.com/TooTallNate/node-data-uri-to-buffer","devDependencies":{"mocha":"~1.16.2"},"_id":"data-uri-to-buffer@0.0.1","dist":{"shasum":"b4b10d29d88025ea71f0a815bc006613ca259469","tarball":"https://registry.npmjs.org/data-uri-to-buffer/-/data-uri-to-buffer-0.0.1.tgz"},"_from":".","_npmVersion":"1.3.21","_npmUser":{"name":"tootallnate","email":"nathan@tootallnate.net"},"maintainers":[{"name":"tootallnate","email":"nathan@tootallnate.net"}]},"0.0.2":{"name":"data-uri-to-buffer","version":"0.0.2","description":"Generate a Buffer instance from a Data URI string","main":"index.js","directories":{"test":"test"},"scripts":{"test":"mocha --reporter spec"},"repository":{"type":"git","url":"git://github.com/TooTallNate/node-data-uri-to-buffer.git"},"keywords":["data","uri","datauri","data-uri","buffer","convert"],"author":{"name":"Nathan Rajlich","email":"nathan@tootallnate.net","url":"http://n8.io/"},"license":"MIT","bugs":{"url":"https://github.com/TooTallNate/node-data-uri-to-buffer/issues"},"homepage":"https://github.com/TooTallNate/node-data-uri-to-buffer","devDependencies":{"mocha":"~1.16.2"},"_id":"data-uri-to-buffer@0.0.2","dist":{"shasum":"63c213f89191f8ee0e728d8cc0d257935e1bac90","tarball":"https://registry.npmjs.org/data-uri-to-buffer/-/data-uri-to-buffer-0.0.2.tgz"},"_from":".","_npmVersion":"1.3.21","_npmUser":{"name":"tootallnate","email":"nathan@tootallnate.net"},"maintainers":[{"name":"tootallnate","email":"nathan@tootallnate.net"}]},"0.0.3":{"name":"data-uri-to-buffer","version":"0.0.3","description":"Generate a Buffer instance from a Data URI string","main":"index.js","directories":{"test":"test"},"scripts":{"test":"mocha --reporter spec"},"repository":{"type":"git","url":"git://github.com/TooTallNate/node-data-uri-to-buffer.git"},"keywords":["data","uri","datauri","data-uri","buffer","convert"],"author":{"name":"Nathan Rajlich","email":"nathan@tootallnate.net","url":"http://n8.io/"},"license":"MIT","bugs":{"url":"https://github.com/TooTallNate/node-data-uri-to-buffer/issues"},"homepage":"https://github.com/TooTallNate/node-data-uri-to-buffer","devDependencies":{"mocha":"~1.16.2"},"_id":"data-uri-to-buffer@0.0.3","dist":{"shasum":"18ae979a6a0ca994b0625853916d2662bbae0b1a","tarball":"https://registry.npmjs.org/data-uri-to-buffer/-/data-uri-to-buffer-0.0.3.tgz"},"_from":".","_npmVersion":"1.3.21","_npmUser":{"name":"tootallnate","email":"nathan@tootallnate.net"},"maintainers":[{"name":"tootallnate","email":"nathan@tootallnate.net"}]},"0.0.4":{"name":"data-uri-to-buffer","version":"0.0.4","description":"Generate a Buffer instance from a Data URI string","main":"index.js","directories":{"test":"test"},"scripts":{"test":"mocha --reporter spec"},"repository":{"type":"git","url":"git://github.com/TooTallNate/node-data-uri-to-buffer.git"},"keywords":["data","uri","datauri","data-uri","buffer","convert","rfc2397","2397"],"author":{"name":"Nathan Rajlich","email":"nathan@tootallnate.net","url":"http://n8.io/"},"license":"MIT","bugs":{"url":"https://github.com/TooTallNate/node-data-uri-to-buffer/issues"},"homepage":"https://github.com/TooTallNate/node-data-uri-to-buffer","devDependencies":{"mocha":"2"},"gitHead":"387e133e2b016f8a62eb7df0d150455775f97ef8","_id":"data-uri-to-buffer@0.0.4","_shasum":"46e13ab9da8e309745c8d01ce547213ebdb2fe3f","_from":".","_npmVersion":"2.10.1","_nodeVersion":"0.12.4","_npmUser":{"name":"tootallnate","email":"nathan@tootallnate.net"},"maintainers":[{"name":"tootallnate","email":"nathan@tootallnate.net"}],"dist":{"shasum":"46e13ab9da8e309745c8d01ce547213ebdb2fe3f","tarball":"https://registry.npmjs.org/data-uri-to-buffer/-/data-uri-to-buffer-0.0.4.tgz"}}},"readme":"data-uri-to-buffer\n==================\n### Generate a Buffer instance from a [Data URI][rfc] string\n[![Build Status](https://travis-ci.org/TooTallNate/node-data-uri-to-buffer.svg?branch=master)](https://travis-ci.org/TooTallNate/node-data-uri-to-buffer)\n\nThis module accepts a [\"data\" URI][rfc] String of data, and returns a\nnode.js `Buffer` instance with the decoded data.\n\n\nInstallation\n------------\n\nInstall with `npm`:\n\n``` bash\n$ npm install data-uri-to-buffer\n```\n\n\nExample\n-------\n\n``` js\nvar dataUriToBuffer = require('data-uri-to-buffer');\n\n// plain-text data is supported\nvar uri = 'data:,Hello%2C%20World!';\nvar decoded = dataUriToBuffer(uri);\nconsole.log(decoded.toString());\n// 'Hello, World!'\n\n// base64-encoded data is supported\nuri = 'data:text/plain;base64,SGVsbG8sIFdvcmxkIQ%3D%3D';\ndecoded = dataUriToBuffer(uri);\nconsole.log(decoded.toString());\n// 'Hello, World!'\n```\n\n\nAPI\n---\n\n### dataUriToBuffer(String uri) → Buffer\n\nThe `type` property on the Buffer instance gets set to the Content-Type portion of\nthe \"mediatype\" portion of the \"data\" URI, or defaults to `\"text/plain\"` if not\nspecified.\n\nThe `charset` property on the Buffer instance gets set to the Charset portion of\nthe \"mediatype\" portion of the \"data\" URI, or defaults to `\"US-ASCII\"` if not\nspecified.\n\n\nLicense\n-------\n\n(The MIT License)\n\nCopyright (c) 2014 Nathan Rajlich &lt;nathan@tootallnate.net&gt;\n\nPermission is hereby granted, free of charge, to any person obtaining\na copy of this software and associated documentation files (the\n'Software'), to deal in the Software without restriction, including\nwithout limitation the rights to use, copy, modify, merge, publish,\ndistribute, sublicense, and/or sell copies of the Software, and to\npermit persons to whom the Software is furnished to do so, subject to\nthe following conditions:\n\nThe above copyright notice and this permission notice shall be\nincluded in all copies or substantial portions of the Software.\n\nTHE SOFTWARE IS PROVIDED 'AS IS', WITHOUT WARRANTY OF ANY KIND,\nEXPRESS OR IMPLIED, INCLUDING BUT NOT LIMITED TO THE WARRANTIES OF\nMERCHANTABILITY, FITNESS FOR A PARTICULAR PURPOSE AND NONINFRINGEMENT.\nIN NO EVENT SHALL THE AUTHORS OR COPYRIGHT HOLDERS BE LIABLE FOR ANY\nCLAIM, DAMAGES OR OTHER LIABILITY, WHETHER IN AN ACTION OF CONTRACT,\nTORT OR OTHERWISE, ARISING FROM, OUT OF OR IN CONNECTION WITH THE\nSOFTWARE OR THE USE OR OTHER DEALINGS IN THE SOFTWARE.\n\n[rfc]: http://tools.ietf.org/html/rfc2397\n","maintainers":[{"name":"tootallnate","email":"nathan@tootallnate.net"}],"time":{"modified":"2015-06-29T20:04:15.846Z","created":"2014-01-03T00:53:10.915Z","0.0.1":"2014-01-03T00:53:10.915Z","0.0.2":"2014-01-09T00:19:25.592Z","0.0.3":"2014-01-09T01:12:26.219Z","0.0.4":"2015-06-29T20:04:15.846Z"},"homepage":"https://github.com/TooTallNate/node-data-uri-to-buffer","keywords":["data","uri","datauri","data-uri","buffer","convert","rfc2397","2397"],"repository":{"type":"git","url":"git://github.com/TooTallNate/node-data-uri-to-buffer.git"},"author":{"name":"Nathan Rajlich","email":"nathan@tootallnate.net","url":"http://n8.io/"},"bugs":{"url":"https://github.com/TooTallNate/node-data-uri-to-buffer/issues"},"license":"MIT","readmeFilename":"README.md","users":{"nomemires":true,"hecto932":true},"_attachments":{},"_etag":"\"AQ6XPKTDKL3KPAH43FZYHRR87\""}