{"_id":"thunkify","_rev":"51-0d9bca4db75aa3190215b8be10de7697","name":"thunkify","description":"Turn callbacks, arrays, generators, generator functions, and promises into a thunk","dist-tags":{"latest":"2.1.2"},"versions":{"0.0.1":{"name":"thunkify","version":"0.0.1","repository":{"type":"git","url":"visionmedia/node-thunkify"},"description":"Turn callbacks, arrays, generators, generator functions, and promises into a thunk","keywords":["thunk","co","generator","generators","promise"],"dependencies":{},"devDependencies":{"mocha":"*","should":"*"},"license":"MIT","_id":"thunkify@0.0.1","dist":{"shasum":"bd5d36b1069b4078e5dcbac8fab45359bea6183d","tarball":"https://registry.npmjs.org/thunkify/-/thunkify-0.0.1.tgz"},"_from":".","_npmVersion":"1.3.8","_npmUser":{"name":"tjholowaychuk","email":"tj@vision-media.ca"},"maintainers":[{"name":"tjholowaychuk","email":"tj@vision-media.ca"}],"directories":{}},"1.0.0":{"name":"thunkify","version":"1.0.0","repository":{"type":"git","url":"git://github.com/visionmedia/node-thunkify"},"description":"Turn callbacks, arrays, generators, generator functions, and promises into a thunk","keywords":["thunk","co","generator","generators","promise"],"dependencies":{},"devDependencies":{"mocha":"*","should":"*"},"license":"MIT","bugs":{"url":"https://github.com/visionmedia/node-thunkify/issues"},"homepage":"https://github.com/visionmedia/node-thunkify","_id":"thunkify@1.0.0","dist":{"shasum":"d8a7b62a71b79c331ac3b84e7e3c4f27cc02e368","tarball":"https://registry.npmjs.org/thunkify/-/thunkify-1.0.0.tgz"},"_from":".","_npmVersion":"1.3.15","_npmUser":{"name":"tjholowaychuk","email":"tj@vision-media.ca"},"maintainers":[{"name":"tjholowaychuk","email":"tj@vision-media.ca"}],"directories":{}},"2.0.0":{"name":"thunkify","version":"2.0.0","repository":{"type":"git","url":"git://github.com/visionmedia/node-thunkify"},"description":"Turn callbacks, arrays, generators, generator functions, and promises into a thunk","keywords":["thunk","co","generator","generators","promise"],"dependencies":{},"devDependencies":{"mocha":"*","should":"*"},"license":"MIT","bugs":{"url":"https://github.com/visionmedia/node-thunkify/issues"},"homepage":"https://github.com/visionmedia/node-thunkify","_id":"thunkify@2.0.0","dist":{"shasum":"eb0c3cbbb6f383c16d01bccb5cdd0c6202927acf","tarball":"https://registry.npmjs.org/thunkify/-/thunkify-2.0.0.tgz"},"_from":".","_npmVersion":"1.3.15","_npmUser":{"name":"tjholowaychuk","email":"tj@vision-media.ca"},"maintainers":[{"name":"tjholowaychuk","email":"tj@vision-media.ca"}],"directories":{}},"2.1.0":{"name":"thunkify","version":"2.1.0","repository":{"type":"git","url":"git://github.com/visionmedia/node-thunkify"},"description":"Turn callbacks, arrays, generators, generator functions, and promises into a thunk","keywords":["thunk","co","generator","generators","promise"],"dependencies":{},"devDependencies":{"mocha":"*","should":"*"},"license":"MIT","bugs":{"url":"https://github.com/visionmedia/node-thunkify/issues"},"homepage":"https://github.com/visionmedia/node-thunkify","_id":"thunkify@2.1.0","dist":{"shasum":"abb90a045f06959b8f107673ef7bbe61b0c13681","tarball":"https://registry.npmjs.org/thunkify/-/thunkify-2.1.0.tgz"},"_from":".","_npmVersion":"1.3.15","_npmUser":{"name":"tjholowaychuk","email":"tj@vision-media.ca"},"maintainers":[{"name":"tjholowaychuk","email":"tj@vision-media.ca"}],"directories":{}},"2.1.1":{"name":"thunkify","version":"2.1.1","repository":{"type":"git","url":"git://github.com/visionmedia/node-thunkify"},"description":"Turn callbacks, arrays, generators, generator functions, and promises into a thunk","keywords":["thunk","co","generator","generators","promise"],"dependencies":{},"devDependencies":{"mocha":"*","should":"*"},"license":"MIT","bugs":{"url":"https://github.com/visionmedia/node-thunkify/issues"},"homepage":"https://github.com/visionmedia/node-thunkify","_id":"thunkify@2.1.1","dist":{"shasum":"8bedd3932d3d92db01fef7f8f5c651a2301e88b8","tarball":"https://registry.npmjs.org/thunkify/-/thunkify-2.1.1.tgz"},"_from":".","_npmVersion":"1.3.15","_npmUser":{"name":"tjholowaychuk","email":"tj@vision-media.ca"},"maintainers":[{"name":"tjholowaychuk","email":"tj@vision-media.ca"}],"directories":{}},"2.1.2":{"name":"thunkify","version":"2.1.2","repository":{"type":"git","url":"git://github.com/visionmedia/node-thunkify"},"description":"Turn callbacks, arrays, generators, generator functions, and promises into a thunk","keywords":["thunk","co","generator","generators","promise"],"dependencies":{},"devDependencies":{"mocha":"*","should":"*"},"license":"MIT","bugs":{"url":"https://github.com/visionmedia/node-thunkify/issues"},"homepage":"https://github.com/visionmedia/node-thunkify","_id":"thunkify@2.1.2","dist":{"shasum":"faa0e9d230c51acc95ca13a361ac05ca7e04553d","tarball":"https://registry.npmjs.org/thunkify/-/thunkify-2.1.2.tgz"},"_from":".","_npmVersion":"1.4.3","_npmUser":{"name":"tjholowaychuk","email":"tj@vision-media.ca"},"maintainers":[{"name":"tjholowaychuk","email":"tj@vision-media.ca"}],"directories":{}}},"readme":"# thunkify\n\n  Turn a regular node function into one which returns a thunk,\n  useful for generator-based flow control such as [co](https://github.com/visionmedia/co).\n\n## Installation\n\n```\n$ npm install thunkify\n```\n\n## Example\n\n```js\nvar thunkify = require('thunkify');\nvar fs = require('fs');\n\nvar read = thunkify(fs.readFile);\n\nread('package.json', 'utf8')(function(err, str){\n  \n});\n```\n\n# License\n\n  MIT\n","maintainers":[{"name":"tjholowaychuk","email":"tj@vision-media.ca"}],"time":{"modified":"2014-06-02T14:30:43.455Z","created":"2013-10-14T19:22:16.175Z","0.0.1":"2013-10-14T19:22:17.713Z","1.0.0":"2014-04-11T23:06:43.960Z","2.0.0":"2014-04-17T21:07:09.153Z","2.1.0":"2014-04-17T21:40:01.150Z","2.1.1":"2014-04-17T22:44:02.530Z","2.1.2":"2014-06-02T14:30:43.455Z"},"repository":{"type":"git","url":"git://github.com/visionmedia/node-thunkify"},"users":{"subtlegradient":true,"substack":true,"mbonaci":true,"nickleefly":true,"kael":true,"tunnckocore":true,"benzmuircroft":true,"dexteryy":true,"rakeshkatti":true,"walmik":true,"adamlu":true,"brugnara":true,"magnus":true,"sapjax":true,"9joneg":true,"duanlinfei":true,"moimikey":true,"qqqppp9998":true,"nukisman":true,"goodseller":true,"itonyyo":true,"battlemidget":true,"nichoth":true,"pdedkov":true,"zetay":true,"softwind":true,"heineiuo":true,"qddegtya":true,"holly":true,"sharper":true},"keywords":["thunk","co","generator","generators","promise"],"license":"MIT","readmeFilename":"Readme.md","homepage":"https://github.com/visionmedia/node-thunkify","bugs":{"url":"https://github.com/visionmedia/node-thunkify/issues"},"_attachments":{},"_etag":"\"DSAMRQUSCO5DXZMJ6Q3APG2FW\""}