{"_id":"karg","_rev":"32-c56d4b164d1c660a55462e2da5af71be","name":"karg","description":"option parser","dist-tags":{"latest":"1.0.7"},"versions":{"0.1.2":{"name":"karg","version":"0.1.2","description":"option parser","main":"js/karg.js","keywords":["option","parser"],"author":{"name":"monsterkodi"},"license":"Unlicense","repository":{"type":"git","url":"git+https://github.com/monsterkodi/karg.git"},"bugs":{"url":"https://github.com/monsterkodi/noon/karg"},"dependencies":{"chalk":"^1.1.1","lodash":"^3.10.1","noon":"^0.5.6"},"devDependencies":{"del":"^2.1.0","gulp":"^3.9.0","gulp-bump":"^1.0.0","gulp-changed":"^1.3.0","gulp-changed-in-place":"^2.0.3","gulp-coffee":"^2.3.1","gulp-debug":"^2.1.2","gulp-load-plugins":"^1.1.0","gulp-pepper":">=0.9.1","gulp-plumber":"^1.0.1","gulp-salt":"^0.9.3","gulp-util":"^3.0.7"},"gitHead":"292a449937ccc2741fe2315cb4c6c2a328cbc1ca","homepage":"https://github.com/monsterkodi/karg#readme","_id":"karg@0.1.2","scripts":{},"_shasum":"b4f120e1c7696022d59b7f8b3b631a26c3aa4cce","_from":".","_npmVersion":"3.5.1","_nodeVersion":"5.1.0","_npmUser":{"name":"monsterkodi","email":"monsterkodi@gmx.net"},"dist":{"shasum":"b4f120e1c7696022d59b7f8b3b631a26c3aa4cce","tarball":"https://registry.npmjs.org/karg/-/karg-0.1.2.tgz"},"maintainers":[{"name":"monsterkodi","email":"monsterkodi@gmx.net"}],"directories":{}},"0.1.3":{"name":"karg","version":"0.1.3","description":"option parser","main":"js/karg.js","keywords":["option","parser"],"author":{"name":"monsterkodi"},"license":"Unlicense","repository":{"type":"git","url":"git+https://github.com/monsterkodi/karg.git"},"bugs":{"url":"https://github.com/monsterkodi/noon/karg"},"dependencies":{"chalk":"^1.1.1","lodash":"^3.10.1","noon":">=0.5.6"},"devDependencies":{"del":"^2.1.0","gulp":"^3.9.0","gulp-bump":"^1.0.0","gulp-changed":"^1.3.0","gulp-changed-in-place":"^2.0.3","gulp-coffee":"^2.3.1","gulp-debug":"^2.1.2","gulp-load-plugins":"^1.1.0","gulp-pepper":">=0.9.1","gulp-plumber":"^1.0.1","gulp-salt":"^0.9.3","gulp-util":"^3.0.7"},"gitHead":"71a629df0f475939dc5f7ec5281f9141d71530d2","homepage":"https://github.com/monsterkodi/karg#readme","_id":"karg@0.1.3","scripts":{},"_shasum":"890d491afa93a47a102d6721a0771654d69014ea","_from":".","_npmVersion":"3.5.1","_nodeVersion":"5.1.0","_npmUser":{"name":"monsterkodi","email":"monsterkodi@gmx.net"},"dist":{"shasum":"890d491afa93a47a102d6721a0771654d69014ea","tarball":"https://registry.npmjs.org/karg/-/karg-0.1.3.tgz"},"maintainers":[{"name":"monsterkodi","email":"monsterkodi@gmx.net"}],"directories":{}},"0.1.4":{"name":"karg","version":"0.1.4","description":"option parser","main":"js/karg.js","keywords":["option","parser"],"author":{"name":"monsterkodi"},"license":"Unlicense","repository":{"type":"git","url":"git+https://github.com/monsterkodi/karg.git"},"bugs":{"url":"https://github.com/monsterkodi/noon/karg"},"dependencies":{"chalk":"^1.1.1","lodash":"^3.10.1","noon":">=0.5.6"},"devDependencies":{"del":"^2.1.0","gulp":"^3.9.0","gulp-bump":"^1.0.0","gulp-changed":"^1.3.0","gulp-changed-in-place":"^2.0.3","gulp-coffee":"^2.3.1","gulp-debug":"^2.1.2","gulp-load-plugins":"^1.1.0","gulp-pepper":">=0.9.1","gulp-plumber":"^1.0.1","gulp-salt":"^0.9.3","gulp-util":"^3.0.7"},"gitHead":"40b5f550df92c5516f86637d1080b1be81907c49","homepage":"https://github.com/monsterkodi/karg#readme","_id":"karg@0.1.4","scripts":{},"_shasum":"a48b2adb68dfdc9cc358217ced9ea6718487218e","_from":".","_npmVersion":"3.5.1","_nodeVersion":"5.1.0","_npmUser":{"name":"monsterkodi","email":"monsterkodi@gmx.net"},"dist":{"shasum":"a48b2adb68dfdc9cc358217ced9ea6718487218e","tarball":"https://registry.npmjs.org/karg/-/karg-0.1.4.tgz"},"maintainers":[{"name":"monsterkodi","email":"monsterkodi@gmx.net"}],"directories":{}},"0.1.5":{"name":"karg","version":"0.1.5","description":"option parser","main":"js/karg.js","keywords":["option","parser"],"author":{"name":"monsterkodi"},"license":"Unlicense","repository":{"type":"git","url":"git+https://github.com/monsterkodi/karg.git"},"bugs":{"url":"https://github.com/monsterkodi/noon/karg"},"dependencies":{"chalk":"^1.1.1","lodash":"^3.10.1","noon":">=0.5.6"},"devDependencies":{"del":"^2.1.0","gulp":"^3.9.0","gulp-bump":"^1.0.0","gulp-changed":"^1.3.0","gulp-changed-in-place":"^2.0.3","gulp-coffee":"^2.3.1","gulp-debug":"^2.1.2","gulp-load-plugins":"^1.1.0","gulp-pepper":">=0.9.1","gulp-plumber":"^1.0.1","gulp-salt":"^0.9.3","gulp-util":"^3.0.7"},"gitHead":"4422b2de4a9c14cd5a0d358bda7fcc20ba6eb1de","homepage":"https://github.com/monsterkodi/karg#readme","_id":"karg@0.1.5","scripts":{},"_shasum":"dbc0b267b44d56dd888ae3a6e8dcca7395c166d1","_from":".","_npmVersion":"3.5.1","_nodeVersion":"5.1.0","_npmUser":{"name":"monsterkodi","email":"monsterkodi@gmx.net"},"dist":{"shasum":"dbc0b267b44d56dd888ae3a6e8dcca7395c166d1","tarball":"https://registry.npmjs.org/karg/-/karg-0.1.5.tgz"},"maintainers":[{"name":"monsterkodi","email":"monsterkodi@gmx.net"}],"directories":{}},"0.1.6":{"name":"karg","version":"0.1.6","description":"option parser","main":"js/karg.js","keywords":["option","parser"],"author":{"name":"monsterkodi"},"license":"Unlicense","repository":{"type":"git","url":"git+https://github.com/monsterkodi/karg.git"},"bugs":{"url":"https://github.com/monsterkodi/noon/karg"},"dependencies":{"chalk":"^1.1.1","lodash":"^3.10.1","noon":">=0.5.6"},"gitHead":"48d75258859a48e86275ad79538f716b8c89e9ca","homepage":"https://github.com/monsterkodi/karg#readme","_id":"karg@0.1.6","scripts":{},"_shasum":"e2ba6cf58e97903b1d090c943f66d01a50fb3308","_from":".","_npmVersion":"3.5.1","_nodeVersion":"5.1.0","_npmUser":{"name":"monsterkodi","email":"monsterkodi@gmx.net"},"dist":{"shasum":"e2ba6cf58e97903b1d090c943f66d01a50fb3308","tarball":"https://registry.npmjs.org/karg/-/karg-0.1.6.tgz"},"maintainers":[{"name":"monsterkodi","email":"monsterkodi@gmx.net"}],"directories":{}},"0.1.7":{"name":"karg","version":"0.1.7","description":"option parser","main":"js/karg.js","keywords":["option","parser"],"author":{"name":"monsterkodi"},"license":"Unlicense","repository":{"type":"git","url":"git+https://github.com/monsterkodi/karg.git"},"bugs":{"url":"https://github.com/monsterkodi/noon/karg"},"dependencies":{"chalk":"^1.1.1","lodash":"^3.10.1","noon":">=0.5.6"},"gitHead":"b2ab7e29c205a8d927452e5ed11a77303c1e2ee0","homepage":"https://github.com/monsterkodi/karg#readme","_id":"karg@0.1.7","scripts":{},"_shasum":"81838c0c4694d5ee6b8c7bbf500af271f578d917","_from":".","_npmVersion":"3.5.1","_nodeVersion":"5.1.0","_npmUser":{"name":"monsterkodi","email":"monsterkodi@gmx.net"},"dist":{"shasum":"81838c0c4694d5ee6b8c7bbf500af271f578d917","tarball":"https://registry.npmjs.org/karg/-/karg-0.1.7.tgz"},"maintainers":[{"name":"monsterkodi","email":"monsterkodi@gmx.net"}],"directories":{}},"0.1.8":{"name":"karg","version":"0.1.8","description":"option parser","main":"js/karg.js","keywords":["option","parser"],"author":{"name":"monsterkodi"},"license":"Unlicense","repository":{"type":"git","url":"git+https://github.com/monsterkodi/karg.git"},"bugs":{"url":"https://github.com/monsterkodi/noon/karg"},"dependencies":{"colors":"^1.1.2","lodash":"^3.10.1","noon":">=0.6.6"},"gitHead":"750d73272ac9b3845d0b76960e58c1be6223afe5","homepage":"https://github.com/monsterkodi/karg#readme","_id":"karg@0.1.8","scripts":{},"_shasum":"4afa7bc15d6bcb3634bf2950b667fac94afa4892","_from":".","_npmVersion":"3.5.1","_nodeVersion":"5.1.0","_npmUser":{"name":"monsterkodi","email":"monsterkodi@gmx.net"},"dist":{"shasum":"4afa7bc15d6bcb3634bf2950b667fac94afa4892","tarball":"https://registry.npmjs.org/karg/-/karg-0.1.8.tgz"},"maintainers":[{"name":"monsterkodi","email":"monsterkodi@gmx.net"}],"directories":{}},"0.1.9":{"name":"karg","version":"0.1.9","description":"option parser","main":"js/karg.js","keywords":["option","parser"],"author":{"name":"monsterkodi"},"license":"Unlicense","repository":{"type":"git","url":"git+https://github.com/monsterkodi/karg.git"},"bugs":{"url":"https://github.com/monsterkodi/noon/karg"},"dependencies":{"colors":"^1.1.2","lodash":"^3.10.1","noon":">=0.6.6"},"gitHead":"e6e227c8863b888fcb9a82d11b3aa361f5aa1b3d","homepage":"https://github.com/monsterkodi/karg#readme","_id":"karg@0.1.9","scripts":{},"_shasum":"66217f1ad587e89ef34e0dd784a518add2da8d36","_from":".","_npmVersion":"3.5.1","_nodeVersion":"5.1.0","_npmUser":{"name":"monsterkodi","email":"monsterkodi@gmx.net"},"dist":{"shasum":"66217f1ad587e89ef34e0dd784a518add2da8d36","tarball":"https://registry.npmjs.org/karg/-/karg-0.1.9.tgz"},"maintainers":[{"name":"monsterkodi","email":"monsterkodi@gmx.net"}],"directories":{}},"0.1.10":{"name":"karg","version":"0.1.10","description":"option parser","main":"js/karg.js","keywords":["option","parser"],"author":{"name":"monsterkodi"},"license":"Unlicense","repository":{"type":"git","url":"git+https://github.com/monsterkodi/karg.git"},"bugs":{"url":"https://github.com/monsterkodi/noon/karg"},"dependencies":{"colors":"^1.1.2","lodash":"^3.10.1","noon":">=0.6.6"},"gitHead":"084a3d4fa8586ec0bc4d42ebce77a201c98bf408","homepage":"https://github.com/monsterkodi/karg#readme","_id":"karg@0.1.10","scripts":{},"_shasum":"2f56376c26d38fd657b276231537ace01ac7359b","_from":".","_npmVersion":"3.5.1","_nodeVersion":"5.1.0","_npmUser":{"name":"monsterkodi","email":"monsterkodi@gmx.net"},"dist":{"shasum":"2f56376c26d38fd657b276231537ace01ac7359b","tarball":"https://registry.npmjs.org/karg/-/karg-0.1.10.tgz"},"maintainers":[{"name":"monsterkodi","email":"monsterkodi@gmx.net"}],"directories":{}},"0.1.11":{"name":"karg","version":"0.1.11","description":"option parser","main":"js/karg.js","keywords":["option","parser"],"author":{"name":"monsterkodi"},"license":"Unlicense","repository":{"type":"git","url":"git+https://github.com/monsterkodi/karg.git"},"bugs":{"url":"https://github.com/monsterkodi/noon/karg"},"dependencies":{"colors":"^1.1.2","lodash":"^3.10.1","noon":">=0.6.6"},"gitHead":"4fe6a4dfb6d6adb44936c11822c86eb187066041","homepage":"https://github.com/monsterkodi/karg#readme","_id":"karg@0.1.11","scripts":{},"_shasum":"9e475a997d9a3e13c9961a0a93afca8814494c6d","_from":".","_npmVersion":"3.5.1","_nodeVersion":"5.1.0","_npmUser":{"name":"monsterkodi","email":"monsterkodi@gmx.net"},"dist":{"shasum":"9e475a997d9a3e13c9961a0a93afca8814494c6d","tarball":"https://registry.npmjs.org/karg/-/karg-0.1.11.tgz"},"maintainers":[{"name":"monsterkodi","email":"monsterkodi@gmx.net"}],"directories":{}},"0.1.15":{"name":"karg","version":"0.1.15","description":"option parser","main":"js/karg.js","keywords":["option","parser"],"author":{"name":"monsterkodi"},"license":"Unlicense","repository":{"type":"git","url":"git+https://github.com/monsterkodi/karg.git"},"bugs":{"url":"https://github.com/monsterkodi/noon/karg"},"dependencies":{"colors":"^1.1.2","lodash":"^3.10.1","noon":">=0.6.6"},"gitHead":"227dedb0e2b148c9a93b6d8a8d1480f1669b3064","homepage":"https://github.com/monsterkodi/karg#readme","_id":"karg@0.1.15","scripts":{},"_shasum":"3a0f04b0720c44ca8bb5c45f79d1f58c879f2dc1","_from":".","_npmVersion":"3.5.1","_nodeVersion":"5.1.0","_npmUser":{"name":"monsterkodi","email":"monsterkodi@gmx.net"},"dist":{"shasum":"3a0f04b0720c44ca8bb5c45f79d1f58c879f2dc1","tarball":"https://registry.npmjs.org/karg/-/karg-0.1.15.tgz"},"maintainers":[{"name":"monsterkodi","email":"monsterkodi@gmx.net"}],"directories":{}},"0.1.16":{"name":"karg","version":"0.1.16","description":"option parser","main":"js/karg.js","keywords":["option","parser"],"author":{"name":"monsterkodi"},"license":"Unlicense","repository":{"type":"git","url":"git+https://github.com/monsterkodi/karg.git"},"bugs":{"url":"https://github.com/monsterkodi/noon/karg"},"dependencies":{"colors":"^1.1.2","lodash":"^3.10.1","noon":">=0.6.6"},"gitHead":"ef582e304e3197ca65548f92f197dfc6230e12c1","homepage":"https://github.com/monsterkodi/karg#readme","_id":"karg@0.1.16","scripts":{},"_shasum":"60bf46348860530c6366368e3bc6fa732f2e470d","_from":".","_npmVersion":"3.5.1","_nodeVersion":"5.1.0","_npmUser":{"name":"monsterkodi","email":"monsterkodi@gmx.net"},"dist":{"shasum":"60bf46348860530c6366368e3bc6fa732f2e470d","tarball":"https://registry.npmjs.org/karg/-/karg-0.1.16.tgz"},"maintainers":[{"name":"monsterkodi","email":"monsterkodi@gmx.net"}],"directories":{}},"0.1.17":{"name":"karg","version":"0.1.17","description":"option parser","main":"js/karg.js","keywords":["option","parser"],"author":{"name":"monsterkodi"},"license":"Unlicense","repository":{"type":"git","url":"git+https://github.com/monsterkodi/karg.git"},"bugs":{"url":"https://github.com/monsterkodi/noon/karg"},"dependencies":{"colors":"^1.1.2","lodash":"^3.10.1","noon":">=0.6.6"},"gitHead":"b2a930e4846bdff69784186d444388627de73cd1","homepage":"https://github.com/monsterkodi/karg#readme","_id":"karg@0.1.17","scripts":{},"_shasum":"39c42aba36532a5521b8460c8505619beb711594","_from":".","_npmVersion":"3.5.1","_nodeVersion":"5.1.0","_npmUser":{"name":"monsterkodi","email":"monsterkodi@gmx.net"},"dist":{"shasum":"39c42aba36532a5521b8460c8505619beb711594","tarball":"https://registry.npmjs.org/karg/-/karg-0.1.17.tgz"},"maintainers":[{"name":"monsterkodi","email":"monsterkodi@gmx.net"}],"directories":{}},"0.1.18":{"name":"karg","version":"0.1.18","description":"option parser","main":"js/karg.js","keywords":["option","parser"],"author":{"name":"monsterkodi"},"license":"Unlicense","repository":{"type":"git","url":"git+https://github.com/monsterkodi/karg.git"},"bugs":{"url":"https://github.com/monsterkodi/noon/karg"},"dependencies":{"colors":"^1.1.2","lodash":"^4.0.0","noon":">=0.6.15"},"gitHead":"d66853ce42613421ccf20153ea14452a4265bdf8","homepage":"https://github.com/monsterkodi/karg#readme","_id":"karg@0.1.18","scripts":{},"_shasum":"db05241e1821a956d51cecda1c133ce1241d3119","_from":".","_npmVersion":"3.5.3","_nodeVersion":"5.1.0","_npmUser":{"name":"monsterkodi","email":"monsterkodi@gmx.net"},"dist":{"shasum":"db05241e1821a956d51cecda1c133ce1241d3119","tarball":"https://registry.npmjs.org/karg/-/karg-0.1.18.tgz"},"maintainers":[{"name":"monsterkodi","email":"monsterkodi@gmx.net"}],"directories":{}},"0.1.19":{"name":"karg","version":"0.1.19","description":"option parser","main":"js/karg.js","keywords":["option","parser"],"author":{"name":"monsterkodi"},"license":"Unlicense","repository":{"type":"git","url":"git+https://github.com/monsterkodi/karg.git"},"bugs":{"url":"https://github.com/monsterkodi/noon/karg"},"dependencies":{"colors":"^1.1.2","lodash":"^4.0.0","noon":">=0.6.16"},"gitHead":"c0f4232020a0cfafd5b6a575f50322c4d6ee5bf9","homepage":"https://github.com/monsterkodi/karg#readme","_id":"karg@0.1.19","scripts":{},"_shasum":"8159960be793527030c101aae34beed8f02e3398","_from":".","_npmVersion":"3.5.3","_nodeVersion":"5.1.0","_npmUser":{"name":"monsterkodi","email":"monsterkodi@gmx.net"},"dist":{"shasum":"8159960be793527030c101aae34beed8f02e3398","tarball":"https://registry.npmjs.org/karg/-/karg-0.1.19.tgz"},"maintainers":[{"name":"monsterkodi","email":"monsterkodi@gmx.net"}],"directories":{}},"0.1.20":{"name":"karg","version":"0.1.20","description":"option parser","main":"js/karg.js","keywords":["option","parser"],"author":{"name":"monsterkodi"},"license":"Unlicense","repository":{"type":"git","url":"git+https://github.com/monsterkodi/karg.git"},"bugs":{"url":"https://github.com/monsterkodi/noon/karg"},"dependencies":{"colors":"^1.1.2","lodash":"^4.0.0","noon":">=0.7.3"},"gitHead":"4f195b66e5bc29224268f495850519b8c58d63e6","homepage":"https://github.com/monsterkodi/karg#readme","_id":"karg@0.1.20","scripts":{},"_shasum":"a0b3594936119e57d843c34c872f0ae21a9b4ff4","_from":".","_npmVersion":"3.3.12","_nodeVersion":"5.3.0","_npmUser":{"name":"monsterkodi","email":"monsterkodi@gmx.net"},"dist":{"shasum":"a0b3594936119e57d843c34c872f0ae21a9b4ff4","tarball":"https://registry.npmjs.org/karg/-/karg-0.1.20.tgz"},"maintainers":[{"name":"monsterkodi","email":"monsterkodi@gmx.net"}],"directories":{}},"0.1.23":{"name":"karg","version":"0.1.23","description":"option parser","main":"js/karg.js","keywords":["option","parser"],"author":{"name":"monsterkodi"},"license":"Unlicense","repository":{"type":"git","url":"git+https://github.com/monsterkodi/karg.git"},"bugs":{"url":"https://github.com/monsterkodi/noon/karg"},"dependencies":{"colors":"^1.1.2","lodash":"^4.0.0","noon":">=0.7.3"},"gitHead":"48f66287a4993656033366cce7422ee2e0afaa71","homepage":"https://github.com/monsterkodi/karg#readme","_id":"karg@0.1.23","scripts":{},"_shasum":"9f19e07cfa1690712f8068c148b320466c444824","_from":".","_npmVersion":"3.5.3","_nodeVersion":"5.1.0","_npmUser":{"name":"monsterkodi","email":"monsterkodi@gmx.net"},"dist":{"shasum":"9f19e07cfa1690712f8068c148b320466c444824","tarball":"https://registry.npmjs.org/karg/-/karg-0.1.23.tgz"},"maintainers":[{"name":"monsterkodi","email":"monsterkodi@gmx.net"}],"directories":{}},"0.1.25":{"name":"karg","version":"0.1.25","description":"option parser","main":"js/karg.js","keywords":["option","parser"],"author":{"name":"monsterkodi"},"license":"Unlicense","repository":{"type":"git","url":"git+https://github.com/monsterkodi/karg.git"},"bugs":{"url":"https://github.com/monsterkodi/noon/karg"},"dependencies":{"colors":"^1.1.2","lodash":"^4.0.0","noon":">=0.7.3"},"gitHead":"85725dee2813e851bbcb23fe64b780cfeac58893","homepage":"https://github.com/monsterkodi/karg#readme","_id":"karg@0.1.25","scripts":{},"_shasum":"48fb4b706ae4efb85ff929ffcf11b3c23c330b22","_from":".","_npmVersion":"3.5.3","_nodeVersion":"5.1.0","_npmUser":{"name":"monsterkodi","email":"monsterkodi@gmx.net"},"dist":{"shasum":"48fb4b706ae4efb85ff929ffcf11b3c23c330b22","tarball":"https://registry.npmjs.org/karg/-/karg-0.1.25.tgz"},"maintainers":[{"name":"monsterkodi","email":"monsterkodi@gmx.net"}],"directories":{}},"0.1.31":{"name":"karg","version":"0.1.31","description":"option parser","main":"js/karg.js","keywords":["option","parser"],"author":{"name":"monsterkodi"},"license":"Unlicense","repository":{"type":"git","url":"git+https://github.com/monsterkodi/karg.git"},"bugs":{"url":"https://github.com/monsterkodi/noon/karg"},"dependencies":{"colors":"^1.1.2","lodash":"^4.0.0","noon":">=0.7.3"},"gitHead":"7664d0e256ced6c68f921447e35b38ed3017a4c8","homepage":"https://github.com/monsterkodi/karg#readme","_id":"karg@0.1.31","scripts":{},"_shasum":"5517d3e17fd90f9e8fb5cd8362ea843a57709f26","_from":".","_npmVersion":"3.5.3","_nodeVersion":"5.1.0","_npmUser":{"name":"monsterkodi","email":"monsterkodi@gmx.net"},"dist":{"shasum":"5517d3e17fd90f9e8fb5cd8362ea843a57709f26","tarball":"https://registry.npmjs.org/karg/-/karg-0.1.31.tgz"},"maintainers":[{"name":"monsterkodi","email":"monsterkodi@gmx.net"}],"directories":{}},"0.1.32":{"name":"karg","version":"0.1.32","description":"option parser","main":"js/karg.js","keywords":["option","parser"],"author":{"name":"monsterkodi"},"license":"Unlicense","repository":{"type":"git","url":"git+https://github.com/monsterkodi/karg.git"},"bugs":{"url":"https://github.com/monsterkodi/noon/karg"},"dependencies":{"colors":"^1.1.2","lodash":"^4.0.0","noon":">=0.7.3"},"gitHead":"2e0cc1562302618230561b06950b6ff5d7ff4688","homepage":"https://github.com/monsterkodi/karg#readme","_id":"karg@0.1.32","scripts":{},"_shasum":"99ac855809896be59cc74745fd87657556bc0e3d","_from":".","_npmVersion":"3.5.3","_nodeVersion":"5.1.0","_npmUser":{"name":"monsterkodi","email":"monsterkodi@gmx.net"},"dist":{"shasum":"99ac855809896be59cc74745fd87657556bc0e3d","tarball":"https://registry.npmjs.org/karg/-/karg-0.1.32.tgz"},"maintainers":[{"name":"monsterkodi","email":"monsterkodi@gmx.net"}],"directories":{}},"0.1.33":{"name":"karg","version":"0.1.33","description":"option parser","main":"js/karg.js","keywords":["option","parser"],"author":{"name":"monsterkodi"},"license":"Unlicense","repository":{"type":"git","url":"git+https://github.com/monsterkodi/karg.git"},"bugs":{"url":"https://github.com/monsterkodi/noon/karg"},"dependencies":{"colors":"^1.1.2","lodash":"^4.0.0","noon":">=0.7.3"},"gitHead":"1e721ab95302fefc6b4ef7f4c232c25221f83b95","homepage":"https://github.com/monsterkodi/karg#readme","_id":"karg@0.1.33","scripts":{},"_shasum":"9f8d9b68692230d1c847b43c901cc78d4b9f8d92","_from":".","_npmVersion":"3.5.3","_nodeVersion":"5.1.0","_npmUser":{"name":"monsterkodi","email":"monsterkodi@gmx.net"},"dist":{"shasum":"9f8d9b68692230d1c847b43c901cc78d4b9f8d92","tarball":"https://registry.npmjs.org/karg/-/karg-0.1.33.tgz"},"maintainers":[{"name":"monsterkodi","email":"monsterkodi@gmx.net"}],"directories":{}},"0.1.34":{"name":"karg","version":"0.1.34","description":"option parser","main":"js/karg.js","keywords":["option","parser"],"author":{"name":"monsterkodi"},"license":"Unlicense","repository":{"type":"git","url":"git+https://github.com/monsterkodi/karg.git"},"bugs":{"url":"https://github.com/monsterkodi/noon/karg"},"dependencies":{"colors":"^1.1.2","lodash":"^4.0.0","noon":">=0.7.3"},"gitHead":"d1aded35f9fb8221c85e0c2e587bba59954a9299","homepage":"https://github.com/monsterkodi/karg#readme","_id":"karg@0.1.34","scripts":{},"_shasum":"72af7f27ee52594ad9394208ef8c34d82bb17375","_from":".","_npmVersion":"3.5.3","_nodeVersion":"5.1.0","_npmUser":{"name":"monsterkodi","email":"monsterkodi@gmx.net"},"dist":{"shasum":"72af7f27ee52594ad9394208ef8c34d82bb17375","tarball":"https://registry.npmjs.org/karg/-/karg-0.1.34.tgz"},"maintainers":[{"name":"monsterkodi","email":"monsterkodi@gmx.net"}],"directories":{}},"0.2.1":{"name":"karg","version":"0.2.1","description":"option parser","main":"js/karg.js","keywords":["option","parser"],"author":{"name":"monsterkodi"},"license":"Unlicense","repository":{"type":"git","url":"git+https://github.com/monsterkodi/karg.git"},"bugs":{"url":"https://github.com/monsterkodi/noon/karg"},"dependencies":{"colors":"^1.1.2","lodash":"^4.0.0","noon":">=0.8.3"},"gitHead":"0f6f744fa12736e53f6e40640810c88e2b11f952","homepage":"https://github.com/monsterkodi/karg#readme","_id":"karg@0.2.1","scripts":{},"_shasum":"a4920585f4603093ae7a080cf0e9e927cfeb8cd7","_from":".","_npmVersion":"3.5.3","_nodeVersion":"5.1.0","_npmUser":{"name":"monsterkodi","email":"monsterkodi@gmx.net"},"dist":{"shasum":"a4920585f4603093ae7a080cf0e9e927cfeb8cd7","tarball":"https://registry.npmjs.org/karg/-/karg-0.2.1.tgz"},"maintainers":[{"name":"monsterkodi","email":"monsterkodi@gmx.net"}],"directories":{}},"0.3.1":{"name":"karg","version":"0.3.1","description":"option parser","main":"js/karg.js","keywords":["option","parser"],"author":{"name":"monsterkodi"},"license":"Unlicense","repository":{"type":"git","url":"git+https://github.com/monsterkodi/karg.git"},"bugs":{"url":"https://github.com/monsterkodi/noon/karg"},"dependencies":{"colors":"^1.1.2","lodash":"^4.0.1","noon":">=0.9.1"},"gitHead":"7466eda94b28051aad231868020f90cd6b2ca6a8","homepage":"https://github.com/monsterkodi/karg#readme","_id":"karg@0.3.1","scripts":{},"_shasum":"39147251b07c075e548255959bcbe439c6b34fcc","_from":".","_npmVersion":"3.5.3","_nodeVersion":"5.1.0","_npmUser":{"name":"monsterkodi","email":"monsterkodi@gmx.net"},"dist":{"shasum":"39147251b07c075e548255959bcbe439c6b34fcc","tarball":"https://registry.npmjs.org/karg/-/karg-0.3.1.tgz"},"maintainers":[{"name":"monsterkodi","email":"monsterkodi@gmx.net"}],"directories":{}},"0.3.2":{"name":"karg","version":"0.3.2","description":"option parser","main":"js/karg.js","keywords":["option","parser"],"author":{"name":"monsterkodi"},"license":"Unlicense","repository":{"type":"git","url":"git+https://github.com/monsterkodi/karg.git"},"bugs":{"url":"https://github.com/monsterkodi/noon/karg"},"dependencies":{"colors":"^1.1.2","lodash":"^4.1.0","noon":">=0.9.13"},"gitHead":"6013d697cbb182b4f2b50a79ec9994c3e074ae46","homepage":"https://github.com/monsterkodi/karg#readme","_id":"karg@0.3.2","scripts":{},"_shasum":"8a4966d7447ccb1ca0771017aac41da29a830d05","_from":".","_npmVersion":"3.5.3","_nodeVersion":"5.1.0","_npmUser":{"name":"monsterkodi","email":"monsterkodi@gmx.net"},"dist":{"shasum":"8a4966d7447ccb1ca0771017aac41da29a830d05","tarball":"https://registry.npmjs.org/karg/-/karg-0.3.2.tgz"},"maintainers":[{"name":"monsterkodi","email":"monsterkodi@gmx.net"}],"directories":{}},"1.0.1":{"name":"karg","version":"1.0.1","description":"option parser","main":"js/karg.js","keywords":["option","parser"],"author":{"name":"monsterkodi"},"license":"Unlicense","repository":{"type":"git","url":"git+https://github.com/monsterkodi/karg.git"},"bugs":{"url":"https://github.com/monsterkodi/noon/karg"},"dependencies":{"colors":"^1.1.2","lodash":"^4.2.0","noon":">=1.0.1"},"gitHead":"b57c61f2936b2bd686ecb17b375071b3c11b6682","homepage":"https://github.com/monsterkodi/karg#readme","_id":"karg@1.0.1","scripts":{},"_shasum":"b2f6cf836d3fd88552f3c85de3d5d57e7bb1e5cf","_from":".","_npmVersion":"3.5.3","_nodeVersion":"5.1.0","_npmUser":{"name":"monsterkodi","email":"monsterkodi@gmx.net"},"dist":{"shasum":"b2f6cf836d3fd88552f3c85de3d5d57e7bb1e5cf","tarball":"https://registry.npmjs.org/karg/-/karg-1.0.1.tgz"},"maintainers":[{"name":"monsterkodi","email":"monsterkodi@gmx.net"}],"_npmOperationalInternal":{"host":"packages-5-east.internal.npmjs.com","tmp":"tmp/karg-1.0.1.tgz_1454455393642_0.8917271022219211"},"directories":{}},"1.0.2":{"name":"karg","version":"1.0.2","description":"option parser","main":"js/karg.js","keywords":["option","parser"],"author":{"name":"monsterkodi"},"license":"Unlicense","repository":{"type":"git","url":"git+https://github.com/monsterkodi/karg.git"},"bugs":{"url":"https://github.com/monsterkodi/noon/karg"},"dependencies":{"colors":"^1.1.2","lodash":"^4.2.1","noon":">=1.0.4"},"gitHead":"0ce5922875ed1fc1127ce8eea651c0ec0c27c8dc","homepage":"https://github.com/monsterkodi/karg#readme","_id":"karg@1.0.2","scripts":{},"_shasum":"f6058bd0ed897f215532b9293eaead3b53a06813","_from":".","_npmVersion":"3.5.3","_nodeVersion":"5.1.0","_npmUser":{"name":"monsterkodi","email":"monsterkodi@gmx.net"},"dist":{"shasum":"f6058bd0ed897f215532b9293eaead3b53a06813","tarball":"https://registry.npmjs.org/karg/-/karg-1.0.2.tgz"},"maintainers":[{"name":"monsterkodi","email":"monsterkodi@gmx.net"}],"_npmOperationalInternal":{"host":"packages-5-east.internal.npmjs.com","tmp":"tmp/karg-1.0.2.tgz_1454537681704_0.14273045072332025"},"directories":{}},"1.0.3":{"name":"karg","version":"1.0.3","description":"option parser","main":"js/karg.js","keywords":["option","parser"],"author":{"name":"monsterkodi"},"license":"Unlicense","repository":{"type":"git","url":"git+https://github.com/monsterkodi/karg.git"},"bugs":{"url":"https://github.com/monsterkodi/noon/karg"},"dependencies":{"colors":"^1.1.2","lodash":"^4.2.1","noon":">=1.0.4"},"gitHead":"71d79d54e0dd2f8283dc0d65033da59d5a89525a","homepage":"https://github.com/monsterkodi/karg#readme","_id":"karg@1.0.3","scripts":{},"_shasum":"e4c0a5f60eb6b835f0f0c7a68f523d96d5716eb5","_from":".","_npmVersion":"3.5.3","_nodeVersion":"5.1.0","_npmUser":{"name":"monsterkodi","email":"monsterkodi@gmx.net"},"dist":{"shasum":"e4c0a5f60eb6b835f0f0c7a68f523d96d5716eb5","tarball":"https://registry.npmjs.org/karg/-/karg-1.0.3.tgz"},"maintainers":[{"name":"monsterkodi","email":"monsterkodi@gmx.net"}],"_npmOperationalInternal":{"host":"packages-9-west.internal.npmjs.com","tmp":"tmp/karg-1.0.3.tgz_1454543313446_0.16720946109853685"},"directories":{}},"1.0.4":{"name":"karg","version":"1.0.4","description":"option parser","main":"js/karg.js","keywords":["option","parser"],"author":{"name":"monsterkodi"},"license":"Unlicense","repository":{"type":"git","url":"git+https://github.com/monsterkodi/karg.git"},"bugs":{"url":"https://github.com/monsterkodi/noon/karg"},"dependencies":{"colors":"^1.1.2","lodash":"^4.2.1","noon":">=1.0.4"},"gitHead":"fe78b8645a3e600f686063453fd310eb352107f0","homepage":"https://github.com/monsterkodi/karg#readme","_id":"karg@1.0.4","scripts":{},"_shasum":"2451617ca70f49277bd96780b38ca4977f3e1aa2","_from":".","_npmVersion":"3.6.0","_nodeVersion":"5.6.0","_npmUser":{"name":"monsterkodi","email":"monsterkodi@gmx.net"},"dist":{"shasum":"2451617ca70f49277bd96780b38ca4977f3e1aa2","tarball":"https://registry.npmjs.org/karg/-/karg-1.0.4.tgz"},"maintainers":[{"name":"monsterkodi","email":"monsterkodi@gmx.net"}],"_npmOperationalInternal":{"host":"packages-9-west.internal.npmjs.com","tmp":"tmp/karg-1.0.4.tgz_1456582091621_0.5773056261241436"},"directories":{}},"1.0.5":{"name":"karg","version":"1.0.5","description":"option parser","main":"js/karg.js","keywords":["option","parser"],"author":{"name":"monsterkodi"},"license":"Unlicense","repository":{"type":"git","url":"git+https://github.com/monsterkodi/karg.git"},"bugs":{"url":"https://github.com/monsterkodi/noon/karg"},"dependencies":{"colors":"^1.1.2","lodash":"^4.2.1","noon":">=1.0.4"},"gitHead":"0690e0ae8eba2c088cb608a1a07a72d3921b7c31","homepage":"https://github.com/monsterkodi/karg#readme","_id":"karg@1.0.5","scripts":{},"_shasum":"697479e9bedfffb41a8e057c140cfc6a2537ded8","_from":".","_npmVersion":"3.6.0","_nodeVersion":"5.6.0","_npmUser":{"name":"monsterkodi","email":"monsterkodi@gmx.net"},"dist":{"shasum":"697479e9bedfffb41a8e057c140cfc6a2537ded8","tarball":"https://registry.npmjs.org/karg/-/karg-1.0.5.tgz"},"maintainers":[{"name":"monsterkodi","email":"monsterkodi@gmx.net"}],"_npmOperationalInternal":{"host":"packages-12-west.internal.npmjs.com","tmp":"tmp/karg-1.0.5.tgz_1461875249134_0.07962833112105727"},"directories":{}},"1.0.6":{"name":"karg","version":"1.0.6","description":"option parser","main":"js/karg.js","keywords":["option","parser"],"author":{"name":"monsterkodi"},"license":"Unlicense","repository":{"type":"git","url":"git+https://github.com/monsterkodi/karg.git"},"bugs":{"url":"https://github.com/monsterkodi/noon/karg"},"dependencies":{"colors":"^1.1.2","lodash":"^4.2.1","noon":">=1.0.4"},"gitHead":"da1ba1d6aca29fbc69e1ed1eb26556ffafaa7093","homepage":"https://github.com/monsterkodi/karg#readme","_id":"karg@1.0.6","scripts":{},"_shasum":"c5ab843f4478b99fd2764076227971a731defe80","_from":".","_npmVersion":"3.6.0","_nodeVersion":"5.6.0","_npmUser":{"name":"monsterkodi","email":"monsterkodi@gmx.net"},"dist":{"shasum":"c5ab843f4478b99fd2764076227971a731defe80","tarball":"https://registry.npmjs.org/karg/-/karg-1.0.6.tgz"},"maintainers":[{"name":"monsterkodi","email":"monsterkodi@gmx.net"}],"_npmOperationalInternal":{"host":"packages-16-east.internal.npmjs.com","tmp":"tmp/karg-1.0.6.tgz_1461875668508_0.0661990949884057"},"directories":{}},"1.0.7":{"name":"karg","version":"1.0.7","description":"option parser","main":"js/karg.js","keywords":["option","parser"],"author":{"name":"monsterkodi"},"license":"Unlicense","repository":{"type":"git","url":"git+https://github.com/monsterkodi/karg.git"},"bugs":{"url":"https://github.com/monsterkodi/noon/karg"},"dependencies":{"colors":"^1.1.2","lodash":"^4.11.1","noon":">=1.0.6"},"gitHead":"15a31bb2b255381b271eeb4e357508dd0060dc31","homepage":"https://github.com/monsterkodi/karg#readme","_id":"karg@1.0.7","scripts":{},"_shasum":"f0fdeeb16b269a9169d0220c337fc060ff319ba8","_from":".","_npmVersion":"3.6.0","_nodeVersion":"5.6.0","_npmUser":{"name":"monsterkodi","email":"monsterkodi@gmx.net"},"dist":{"shasum":"f0fdeeb16b269a9169d0220c337fc060ff319ba8","tarball":"https://registry.npmjs.org/karg/-/karg-1.0.7.tgz"},"maintainers":[{"name":"monsterkodi","email":"monsterkodi@gmx.net"}],"_npmOperationalInternal":{"host":"packages-16-east.internal.npmjs.com","tmp":"tmp/karg-1.0.7.tgz_1461879445473_0.5547764983493835"},"directories":{}}},"readme":"\n![icon](./img/icon.png)\n\n### karg\n\nis the german word for **meager**, **barren**, **sparse**\n\n### karg\n\nis also an option parser with **meager features** but **simple setup** and **pretty output**\n\n### meager features\n\ndoes just the bare minimum:\n\n- short and long option names\n- list of unnamed arguments\n- boolean toggle\n- dictionary output\n\n### simple setup\n\n```coffee\nargs = require('karg') \"\"\"\n\nscriptname\n    additional  . ? unnamed arguments . **\n    anOption    . ? some description  . = default\n    boolean     . ? -b to turn it on  . = false\n    switch      . ? -s to turn it off . = true\n    invisible                         . = hidden\n    \nadditional help topic\n    some help\n    \nversion       1.0.0\n\n\"\"\"\n``` \n\n### pretty output\n\n![karg](./img/karg.png)\n","maintainers":[{"name":"monsterkodi","email":"monsterkodi@gmx.net"}],"time":{"modified":"2016-04-28T21:37:26.458Z","created":"2016-01-05T21:45:55.668Z","0.1.2":"2016-01-05T21:45:55.668Z","0.1.3":"2016-01-07T00:34:59.304Z","0.1.4":"2016-01-07T21:47:30.656Z","0.1.5":"2016-01-08T00:14:18.755Z","0.1.6":"2016-01-10T19:45:07.534Z","0.1.7":"2016-01-10T21:16:12.291Z","0.1.8":"2016-01-10T22:37:38.227Z","0.1.9":"2016-01-11T20:59:56.616Z","0.1.10":"2016-01-11T21:01:26.058Z","0.1.11":"2016-01-12T20:47:32.709Z","0.1.15":"2016-01-12T21:23:27.558Z","0.1.16":"2016-01-12T21:32:36.649Z","0.1.17":"2016-01-12T21:59:57.224Z","0.1.18":"2016-01-13T18:56:52.950Z","0.1.19":"2016-01-13T20:56:40.131Z","0.1.20":"2016-01-18T18:02:25.759Z","0.1.23":"2016-01-19T21:56:28.531Z","0.1.25":"2016-01-19T22:01:20.977Z","0.1.31":"2016-01-19T22:11:56.123Z","0.1.32":"2016-01-22T19:59:49.005Z","0.1.33":"2016-01-24T22:14:32.537Z","0.1.34":"2016-01-24T22:16:20.105Z","0.2.1":"2016-01-24T23:10:11.252Z","0.3.1":"2016-01-28T20:24:15.757Z","0.3.2":"2016-01-31T17:28:26.237Z","1.0.1":"2016-02-02T23:23:14.816Z","1.0.2":"2016-02-03T22:14:42.985Z","1.0.3":"2016-02-03T23:48:36.632Z","1.0.4":"2016-02-27T14:08:14.409Z","1.0.5":"2016-04-28T20:27:31.359Z","1.0.6":"2016-04-28T20:34:29.374Z","1.0.7":"2016-04-28T21:37:26.458Z"},"homepage":"https://github.com/monsterkodi/karg#readme","keywords":["option","parser"],"repository":{"type":"git","url":"git+https://github.com/monsterkodi/karg.git"},"author":{"name":"monsterkodi"},"bugs":{"url":"https://github.com/monsterkodi/noon/karg"},"license":"Unlicense","readmeFilename":"README.md","_attachments":{},"_etag":"\"2GSLGI98C60JN32M22CFYB40N\""}