{"_id":"path-is-absolute","_rev":"7-5a99e408d3cfe024a391e85bef28614a","name":"path-is-absolute","description":"Node.js 0.12 path.isAbsolute() ponyfill","dist-tags":{"latest":"1.0.0"},"versions":{"1.0.0":{"name":"path-is-absolute","version":"1.0.0","description":"Node.js 0.12 path.isAbsolute() ponyfill","license":"MIT","repository":{"type":"git","url":"https://github.com/sindresorhus/path-is-absolute"},"author":{"name":"Sindre Sorhus","email":"sindresorhus@gmail.com","url":"sindresorhus.com"},"engines":{"node":">=0.10.0"},"scripts":{"test":"node test.js"},"files":["index.js"],"keywords":["path","paths","file","dir","absolute","isabsolute","is-absolute","built-in","util","utils","core","ponyfill","polyfill","shim","is","detect","check"],"gitHead":"7a76a0c9f2263192beedbe0a820e4d0baee5b7a1","bugs":{"url":"https://github.com/sindresorhus/path-is-absolute/issues"},"homepage":"https://github.com/sindresorhus/path-is-absolute","_id":"path-is-absolute@1.0.0","_shasum":"263dada66ab3f2fb10bf7f9d24dd8f3e570ef912","_from":".","_npmVersion":"2.5.1","_nodeVersion":"0.12.0","_npmUser":{"name":"sindresorhus","email":"sindresorhus@gmail.com"},"maintainers":[{"name":"sindresorhus","email":"sindresorhus@gmail.com"}],"dist":{"shasum":"263dada66ab3f2fb10bf7f9d24dd8f3e570ef912","tarball":"https://registry.npmjs.org/path-is-absolute/-/path-is-absolute-1.0.0.tgz"},"directories":{}}},"readme":"# path-is-absolute [![Build Status](https://travis-ci.org/sindresorhus/path-is-absolute.svg?branch=master)](https://travis-ci.org/sindresorhus/path-is-absolute)\n\n> Node.js 0.12 [`path.isAbsolute()`](http://nodejs.org/api/path.html#path_path_isabsolute_path) ponyfill\n\n> Ponyfill: A polyfill that doesn't overwrite the native method\n\n\n## Install\n\n```\n$ npm install --save path-is-absolute\n```\n\n\n## Usage\n\n```js\nvar pathIsAbsolute = require('path-is-absolute');\n\n// Linux\npathIsAbsolute('/home/foo');\n//=> true\n\n// Windows\npathIsAbsolute('C:/Users/');\n//=> true\n\n// Any OS\npathIsAbsolute.posix('/home/foo');\n//=> true\n```\n\n\n## API\n\nSee the [`path.isAbsolute()` docs](http://nodejs.org/api/path.html#path_path_isabsolute_path).\n\n### pathIsAbsolute(path)\n\n### pathIsAbsolute.posix(path)\n\nThe Posix specific version.\n\n### pathIsAbsolute.win32(path)\n\nThe Windows specific version.\n\n\n## License\n\nMIT © [Sindre Sorhus](http://sindresorhus.com)\n","maintainers":[{"name":"sindresorhus","email":"sindresorhus@gmail.com"}],"time":{"modified":"2015-02-17T03:11:44.044Z","created":"2015-02-17T03:11:44.044Z","1.0.0":"2015-02-17T03:11:44.044Z"},"homepage":"https://github.com/sindresorhus/path-is-absolute","keywords":["path","paths","file","dir","absolute","isabsolute","is-absolute","built-in","util","utils","core","ponyfill","polyfill","shim","is","detect","check"],"repository":{"type":"git","url":"https://github.com/sindresorhus/path-is-absolute"},"author":{"name":"Sindre Sorhus","email":"sindresorhus@gmail.com","url":"sindresorhus.com"},"bugs":{"url":"https://github.com/sindresorhus/path-is-absolute/issues"},"license":"MIT","readmeFilename":"readme.md","users":{"wenbing":true,"sixertoy":true,"knownasilya":true,"youstrive":true,"artemigos":true},"_attachments":{},"_etag":"\"BN5VZYARJTFIZINEV94ZMOHSE\""}