{"_id":"pascal-case","_rev":"18-7a2a654688799fc5efc1947cca3c06d3","name":"pascal-case","description":"Pascal case a string","dist-tags":{"latest":"1.1.2"},"versions":{"0.0.1":{"name":"pascal-case","version":"0.0.1","description":"Pascal case a string","main":"pascal-case.js","scripts":{"test":"istanbul cover _mocha -- -R spec"},"repository":{"type":"git","url":"git://github.com/blakeembrey/pascal-case.git"},"keywords":["pascal","case"],"author":{"name":"Blake Embrey"},"license":"MIT","bugs":{"url":"https://github.com/blakeembrey/pascal-case/issues"},"homepage":"https://github.com/blakeembrey/pascal-case","devDependencies":{"istanbul":"^0.2.6","mocha":"^1.18.2"},"dependencies":{"camel-case":"0.0.1"},"_id":"pascal-case@0.0.1","dist":{"shasum":"6567ea468f2f3d58bf11b5b6323e50fb583625b3","tarball":"https://registry.npmjs.org/pascal-case/-/pascal-case-0.0.1.tgz"},"_from":".","_npmVersion":"1.4.6","_npmUser":{"name":"blakeembrey","email":"hello@blakeembrey.com"},"maintainers":[{"name":"blakeembrey","email":"hello@blakeembrey.com"}],"directories":{}},"0.0.2":{"name":"pascal-case","version":"0.0.2","description":"Pascal case a string","main":"pascal-case.js","scripts":{"test":"istanbul cover _mocha -- -R spec"},"repository":{"type":"git","url":"git://github.com/blakeembrey/pascal-case.git"},"keywords":["pascal","case"],"author":{"name":"Blake Embrey"},"license":"MIT","bugs":{"url":"https://github.com/blakeembrey/pascal-case/issues"},"homepage":"https://github.com/blakeembrey/pascal-case","devDependencies":{"istanbul":"^0.2.6","mocha":"^1.18.2"},"dependencies":{"camel-case":"0.0.2"},"_id":"pascal-case@0.0.2","dist":{"shasum":"e7edf771b19b533411a5c857cfe2fe4a0c151cfd","tarball":"https://registry.npmjs.org/pascal-case/-/pascal-case-0.0.2.tgz"},"_from":".","_npmVersion":"1.4.6","_npmUser":{"name":"blakeembrey","email":"hello@blakeembrey.com"},"maintainers":[{"name":"blakeembrey","email":"hello@blakeembrey.com"}],"directories":{}},"0.1.0":{"name":"pascal-case","version":"0.1.0","description":"Pascal case a string","main":"pascal-case.js","scripts":{"test":"istanbul cover _mocha -- -R spec"},"repository":{"type":"git","url":"git://github.com/blakeembrey/pascal-case.git"},"keywords":["pascal","case"],"author":{"name":"Blake Embrey"},"license":"MIT","bugs":{"url":"https://github.com/blakeembrey/pascal-case/issues"},"homepage":"https://github.com/blakeembrey/pascal-case","devDependencies":{"istanbul":"^0.2.7","mocha":"^1.18.2"},"dependencies":{"camel-case":"^0.1.0"},"_id":"pascal-case@0.1.0","dist":{"shasum":"2d9b6bb5769dda9a0d4b1b1acb1597f0a975c464","tarball":"https://registry.npmjs.org/pascal-case/-/pascal-case-0.1.0.tgz"},"_from":".","_npmVersion":"1.4.6","_npmUser":{"name":"blakeembrey","email":"hello@blakeembrey.com"},"maintainers":[{"name":"blakeembrey","email":"hello@blakeembrey.com"}],"directories":{}},"0.1.1":{"name":"pascal-case","version":"0.1.1","description":"Pascal case a string","main":"pascal-case.js","scripts":{"test":"istanbul cover _mocha -- -R spec"},"repository":{"type":"git","url":"git://github.com/blakeembrey/pascal-case.git"},"keywords":["pascal","case"],"author":{"name":"Blake Embrey"},"license":"MIT","bugs":{"url":"https://github.com/blakeembrey/pascal-case/issues"},"homepage":"https://github.com/blakeembrey/pascal-case","devDependencies":{"istanbul":"^0.2.7","mocha":"^1.18.2"},"dependencies":{"camel-case":"^0.1.0","upper-case-first":"0.0.1"},"_id":"pascal-case@0.1.1","dist":{"shasum":"33b1abc0cb4d9b6ddfba5c19bd68856368789864","tarball":"https://registry.npmjs.org/pascal-case/-/pascal-case-0.1.1.tgz"},"_from":".","_npmVersion":"1.4.6","_npmUser":{"name":"blakeembrey","email":"hello@blakeembrey.com"},"maintainers":[{"name":"blakeembrey","email":"hello@blakeembrey.com"}],"directories":{}},"1.0.0":{"name":"pascal-case","version":"1.0.0","description":"Pascal case a string","main":"pascal-case.js","scripts":{"test":"istanbul cover _mocha -- -R spec"},"repository":{"type":"git","url":"git://github.com/blakeembrey/pascal-case.git"},"keywords":["pascal","case"],"author":{"name":"Blake Embrey","email":"hello@blakeembrey.com","url":"http://blakeembrey.me"},"license":"MIT","bugs":{"url":"https://github.com/blakeembrey/pascal-case/issues"},"homepage":"https://github.com/blakeembrey/pascal-case","devDependencies":{"istanbul":"^0.3.0","mocha":"^1.18.2"},"dependencies":{"camel-case":"^1.0.0","upper-case-first":"^1.0.0"},"gitHead":"cb38b0fa3eef0a039d1190c2b5ea2cc5af4ea7c1","_id":"pascal-case@1.0.0","_shasum":"ff706e85ed360c36b34f7de7c4a4b10af9c72195","_from":".","_npmVersion":"1.4.14","_npmUser":{"name":"blakeembrey","email":"hello@blakeembrey.com"},"maintainers":[{"name":"blakeembrey","email":"hello@blakeembrey.com"}],"dist":{"shasum":"ff706e85ed360c36b34f7de7c4a4b10af9c72195","tarball":"https://registry.npmjs.org/pascal-case/-/pascal-case-1.0.0.tgz"},"directories":{}},"1.1.0":{"name":"pascal-case","version":"1.1.0","description":"Pascal case a string","main":"pascal-case.js","scripts":{"test":"istanbul cover _mocha -- -R spec"},"files":["pascal-case.js","LICENSE"],"repository":{"type":"git","url":"git://github.com/blakeembrey/pascal-case.git"},"keywords":["pascal","case"],"author":{"name":"Blake Embrey","email":"hello@blakeembrey.com","url":"http://blakeembrey.me"},"license":"MIT","bugs":{"url":"https://github.com/blakeembrey/pascal-case/issues"},"homepage":"https://github.com/blakeembrey/pascal-case","devDependencies":{"istanbul":"^0.3.0","mocha":"^1.18.2","pre-commit":"0.0.9"},"dependencies":{"camel-case":"^1.1.1","upper-case-first":"^1.1.0"},"gitHead":"684bcb565cfa0ac1db7821f11cd9c14ed5f3965e","_id":"pascal-case@1.1.0","_shasum":"c2a1cf06c02dde6864b830e63df86af719d4f607","_from":".","_npmVersion":"2.1.17","_nodeVersion":"0.11.14","_npmUser":{"name":"blakeembrey","email":"hello@blakeembrey.com"},"maintainers":[{"name":"blakeembrey","email":"hello@blakeembrey.com"}],"dist":{"shasum":"c2a1cf06c02dde6864b830e63df86af719d4f607","tarball":"https://registry.npmjs.org/pascal-case/-/pascal-case-1.1.0.tgz"},"directories":{}},"1.1.1":{"name":"pascal-case","version":"1.1.1","description":"Pascal case a string","main":"pascal-case.js","scripts":{"lint":"standard","test-std":"mocha -- -R spec --bail","test-cov":"istanbul cover node_modules/mocha/bin/_mocha -- -R spec --bail","test":"npm run lint && npm run test-cov"},"files":["pascal-case.js","LICENSE"],"repository":{"type":"git","url":"git://github.com/blakeembrey/pascal-case.git"},"keywords":["pascal","case"],"author":{"name":"Blake Embrey","email":"hello@blakeembrey.com","url":"http://blakeembrey.me"},"license":"MIT","bugs":{"url":"https://github.com/blakeembrey/pascal-case/issues"},"homepage":"https://github.com/blakeembrey/pascal-case","devDependencies":{"istanbul":"^0.3.0","mocha":"^2.2.1","pre-commit":"^1.0.6","standard":"^3.3.0"},"dependencies":{"camel-case":"^1.1.1","upper-case-first":"^1.1.0"},"gitHead":"da3b38a311408631a6ba50eb096526270c22ecfb","_id":"pascal-case@1.1.1","_shasum":"460d7d112e34228d344e1e66372668404e776e73","_from":".","_npmVersion":"2.9.0","_nodeVersion":"2.0.1","_npmUser":{"name":"blakeembrey","email":"hello@blakeembrey.com"},"maintainers":[{"name":"blakeembrey","email":"hello@blakeembrey.com"}],"dist":{"shasum":"460d7d112e34228d344e1e66372668404e776e73","tarball":"https://registry.npmjs.org/pascal-case/-/pascal-case-1.1.1.tgz"},"directories":{}},"1.1.2":{"name":"pascal-case","version":"1.1.2","description":"Pascal case a string","main":"pascal-case.js","typings":"pascal-case.d.ts","scripts":{"lint":"standard","test-std":"mocha -- -R spec --bail","test-cov":"istanbul cover node_modules/mocha/bin/_mocha -- -R spec --bail","test":"npm run lint && npm run test-cov"},"files":["pascal-case.js","pascal-case.d.ts","LICENSE"],"repository":{"type":"git","url":"git://github.com/blakeembrey/pascal-case.git"},"keywords":["pascal","case"],"author":{"name":"Blake Embrey","email":"hello@blakeembrey.com","url":"http://blakeembrey.me"},"license":"MIT","bugs":{"url":"https://github.com/blakeembrey/pascal-case/issues"},"homepage":"https://github.com/blakeembrey/pascal-case","devDependencies":{"istanbul":"^0.3.0","mocha":"^2.2.1","pre-commit":"^1.0.6","standard":"^3.3.0"},"dependencies":{"camel-case":"^1.1.1","upper-case-first":"^1.1.0"},"gitHead":"d22241b017fe7d5238d9fadc03515752e7072a30","_id":"pascal-case@1.1.2","_shasum":"3e5d64a20043830a7c49344c2d74b41be0c9c99b","_from":".","_npmVersion":"3.3.12","_nodeVersion":"5.2.0","_npmUser":{"name":"blakeembrey","email":"hello@blakeembrey.com"},"dist":{"shasum":"3e5d64a20043830a7c49344c2d74b41be0c9c99b","tarball":"https://registry.npmjs.org/pascal-case/-/pascal-case-1.1.2.tgz"},"maintainers":[{"name":"blakeembrey","email":"hello@blakeembrey.com"}],"directories":{}}},"readme":"# Pascal Case\n\n[![NPM version][npm-image]][npm-url]\n[![NPM downloads][downloads-image]][downloads-url]\n[![Build status][travis-image]][travis-url]\n[![Test coverage][coveralls-image]][coveralls-url]\n\nPascal case a string. Explicitly adds a single underscore between groups of numbers to keep readability (E.g. `1.20.5` becomes `1_20_5`, not `1205`).\n\nSupports Unicode (non-ASCII characters) and non-string entities, such as objects with a `toString` property, numbers and booleans. Empty values (`null` and `undefined`) will result in an empty string.\n\n## Installation\n\n```\nnpm install pascal-case --save\n```\n\n## Usage\n\n```javascript\nvar pascalCase = require('pascal-case')\n\npascalCase('string')        //=> \"String\"\npascalCase('camelCase')     //=> \"CamelCase\"\npascalCase('sentence case') //=> \"SentenceCase\"\n\npascalCase('MY STRING', 'tr') //=> \"MyStrıng\"\n```\n\n## Typings\n\nIncludes a [TypeScript definition](pascal-case.d.ts).\n\n## License\n\nMIT\n\n[npm-image]: https://img.shields.io/npm/v/pascal-case.svg?style=flat\n[npm-url]: https://npmjs.org/package/pascal-case\n[downloads-image]: https://img.shields.io/npm/dm/pascal-case.svg?style=flat\n[downloads-url]: https://npmjs.org/package/pascal-case\n[travis-image]: https://img.shields.io/travis/blakeembrey/pascal-case.svg?style=flat\n[travis-url]: https://travis-ci.org/blakeembrey/pascal-case\n[coveralls-image]: https://img.shields.io/coveralls/blakeembrey/pascal-case.svg?style=flat\n[coveralls-url]: https://coveralls.io/r/blakeembrey/pascal-case?branch=master\n","maintainers":[{"name":"blakeembrey","email":"hello@blakeembrey.com"}],"time":{"modified":"2015-12-16T00:23:44.898Z","created":"2014-03-24T23:20:33.762Z","0.0.1":"2014-03-24T23:20:33.762Z","0.0.2":"2014-03-25T02:21:45.569Z","0.1.0":"2014-04-09T09:50:24.651Z","0.1.1":"2014-04-25T08:00:03.785Z","1.0.0":"2014-08-17T19:25:52.104Z","1.1.0":"2015-01-12T08:22:53.201Z","1.1.1":"2015-05-11T23:38:06.858Z","1.1.2":"2015-12-16T00:23:44.898Z"},"homepage":"https://github.com/blakeembrey/pascal-case","keywords":["pascal","case"],"repository":{"type":"git","url":"git://github.com/blakeembrey/pascal-case.git"},"author":{"name":"Blake Embrey","email":"hello@blakeembrey.com","url":"http://blakeembrey.me"},"bugs":{"url":"https://github.com/blakeembrey/pascal-case/issues"},"license":"MIT","readmeFilename":"README.md","users":{"h0ward":true,"prabhash1785":true},"_attachments":{},"_etag":"\"C12V207I69AF9J1MEPJGA7CF9\""}