{"_id":"lower-case-first","_rev":"3-a647f6f79e13c0394968bdf5afe204a6","name":"lower-case-first","description":"Lower case the first character of a string","dist-tags":{"latest":"1.0.2"},"versions":{"1.0.0":{"name":"lower-case-first","version":"1.0.0","description":"Lower case the first character of a string","main":"lower-case-first.js","files":["lower-case-first.js","LICENSE"],"scripts":{"lint":"standard","test-std":"mocha -- -R spec --bail","test-cov":"istanbul cover node_modules/mocha/bin/_mocha -- -R spec --bail","test":"npm run lint && npm run test-cov"},"repository":{"type":"git","url":"git://github.com/blakeembrey/lower-case-first.git"},"keywords":["cases","first","lower","lowercase","case"],"author":{"name":"Blake Embrey","email":"hello@blakeembrey.com","url":"http://blakeembrey.me"},"license":"MIT","bugs":{"url":"https://github.com/blakeembrey/lower-case-first/issues"},"homepage":"https://github.com/blakeembrey/lower-case-first","devDependencies":{"istanbul":"^0.3.0","mocha":"^1.18.2","pre-commit":"0.0.9","standard":"^3.3.0"},"dependencies":{"lower-case":"^1.1.2"},"gitHead":"f2853d681463ca60ca5c72970d553a8082abd60c","_id":"lower-case-first@1.0.0","_shasum":"a1f626f4c3fdfab38648d806a07ea8aa753aa86a","_from":".","_npmVersion":"2.5.1","_nodeVersion":"0.12.0","_npmUser":{"name":"blakeembrey","email":"hello@blakeembrey.com"},"maintainers":[{"name":"blakeembrey","email":"hello@blakeembrey.com"}],"dist":{"shasum":"a1f626f4c3fdfab38648d806a07ea8aa753aa86a","tarball":"https://registry.npmjs.org/lower-case-first/-/lower-case-first-1.0.0.tgz"},"directories":{}},"1.0.1":{"name":"lower-case-first","version":"1.0.1","description":"Lower case the first character of a string","main":"lower-case-first.js","typings":"lower-case-first.d.ts","files":["lower-case-first.js","lower-case-first.d.ts","LICENSE"],"scripts":{"lint":"standard","test-std":"mocha -- -R spec --bail","test-cov":"istanbul cover node_modules/mocha/bin/_mocha -- -R spec --bail","test":"npm run lint && npm run test-cov"},"repository":{"type":"git","url":"git://github.com/blakeembrey/lower-case-first.git"},"keywords":["cases","first","lower","lowercase","case"],"author":{"name":"Blake Embrey","email":"hello@blakeembrey.com","url":"http://blakeembrey.me"},"license":"MIT","bugs":{"url":"https://github.com/blakeembrey/lower-case-first/issues"},"homepage":"https://github.com/blakeembrey/lower-case-first","devDependencies":{"istanbul":"^0.3.0","mocha":"^1.18.2","pre-commit":"0.0.9","standard":"^3.3.0"},"dependencies":{"lower-case":"^1.1.2"},"gitHead":"391043e939f2811e1140a12df75f84f4218edaea","_id":"lower-case-first@1.0.1","_shasum":"19e25424f3195d8e9b1fcb92f4beaa47e173b7cc","_from":".","_npmVersion":"3.3.12","_nodeVersion":"5.2.0","_npmUser":{"name":"blakeembrey","email":"hello@blakeembrey.com"},"dist":{"shasum":"19e25424f3195d8e9b1fcb92f4beaa47e173b7cc","tarball":"https://registry.npmjs.org/lower-case-first/-/lower-case-first-1.0.1.tgz"},"maintainers":[{"name":"blakeembrey","email":"hello@blakeembrey.com"}],"directories":{}},"1.0.2":{"name":"lower-case-first","version":"1.0.2","description":"Lower case the first character of a string","main":"lower-case-first.js","typings":"lower-case-first.d.ts","files":["lower-case-first.js","lower-case-first.d.ts","LICENSE"],"scripts":{"lint":"standard","test-std":"mocha -- -R spec --bail","test-cov":"istanbul cover node_modules/mocha/bin/_mocha -- -R spec --bail","test":"npm run lint && npm run test-cov"},"repository":{"type":"git","url":"git://github.com/blakeembrey/lower-case-first.git"},"keywords":["cases","first","lower","lowercase","case"],"author":{"name":"Blake Embrey","email":"hello@blakeembrey.com","url":"http://blakeembrey.me"},"license":"MIT","bugs":{"url":"https://github.com/blakeembrey/lower-case-first/issues"},"homepage":"https://github.com/blakeembrey/lower-case-first","devDependencies":{"istanbul":"^0.3.0","mocha":"^1.18.2","pre-commit":"0.0.9","standard":"^3.3.0"},"dependencies":{"lower-case":"^1.1.2"},"gitHead":"c54d3d27cce14d9a700c9a608fd722f209d79feb","_id":"lower-case-first@1.0.2","_shasum":"e5da7c26f29a7073be02d52bac9980e5922adfa1","_from":".","_npmVersion":"3.3.12","_nodeVersion":"5.2.0","_npmUser":{"name":"blakeembrey","email":"hello@blakeembrey.com"},"dist":{"shasum":"e5da7c26f29a7073be02d52bac9980e5922adfa1","tarball":"https://registry.npmjs.org/lower-case-first/-/lower-case-first-1.0.2.tgz"},"maintainers":[{"name":"blakeembrey","email":"hello@blakeembrey.com"}],"directories":{}}},"readme":"# Lower Case First\n\n[![NPM version][npm-image]][npm-url]\n[![NPM downloads][downloads-image]][downloads-url]\n[![Build status][travis-image]][travis-url]\n[![Test coverage][coveralls-image]][coveralls-url]\n\nLower case the first character of a string.\n\nSupports Unicode (non-ASCII characters) and non-string entities, such as objects with a `toString` property, numbers and booleans. Empty values (`null` and `undefined`) will result in an empty string.\n\n## Installation\n\n```\nnpm install lower-case-first --save\n```\n\n## Usage\n\n```js\nvar lowerCaseFirst = require('lower-case-first')\n\nlowerCaseFirst(null)     //=> \"\"\nlowerCaseFirst('STRING') //=> \"sTRING\"\n```\n\n## Typings\n\nIncludes a [TypeScript definition](lower-case-first.d.ts).\n\n## License\n\nMIT\n\n[npm-image]: https://img.shields.io/npm/v/lower-case-first.svg?style=flat\n[npm-url]: https://npmjs.org/package/lower-case-first\n[downloads-image]: https://img.shields.io/npm/dm/lower-case-first.svg?style=flat\n[downloads-url]: https://npmjs.org/package/lower-case-first\n[travis-image]: https://img.shields.io/travis/blakeembrey/lower-case-first.svg?style=flat\n[travis-url]: https://travis-ci.org/blakeembrey/lower-case-first\n[coveralls-image]: https://img.shields.io/coveralls/blakeembrey/lower-case-first.svg?style=flat\n[coveralls-url]: https://coveralls.io/r/blakeembrey/lower-case-first?branch=master\n","maintainers":[{"name":"blakeembrey","email":"hello@blakeembrey.com"}],"time":{"modified":"2015-12-16T00:08:49.857Z","created":"2015-03-29T18:51:16.955Z","1.0.0":"2015-03-29T18:51:16.955Z","1.0.1":"2015-12-16T00:01:01.561Z","1.0.2":"2015-12-16T00:08:49.857Z"},"homepage":"https://github.com/blakeembrey/lower-case-first","keywords":["cases","first","lower","lowercase","case"],"repository":{"type":"git","url":"git://github.com/blakeembrey/lower-case-first.git"},"author":{"name":"Blake Embrey","email":"hello@blakeembrey.com","url":"http://blakeembrey.me"},"bugs":{"url":"https://github.com/blakeembrey/lower-case-first/issues"},"license":"MIT","readmeFilename":"README.md","_attachments":{},"_etag":"\"5JVLYYAMAEMV32O18OCA9MTM6\""}