{"_id":"cookiejar","_rev":"41-73d22f2a88585118545ee42d005316c9","name":"cookiejar","dist-tags":{"latest":"2.0.6"},"versions":{"1.0.0":{"name":"cookiejar","version":"1.0.0","author":{"name":"bradleymeck"},"main":"cookiejar","_id":"cookiejar@1.0.0","engines":{"node":"*"},"_nodeSupported":true,"_npmVersion":"0.2.7-2","_nodeVersion":"v0.3.1-pre","dist":{"tarball":"https://registry.npmjs.org/cookiejar/-/cookiejar-1.0.0.tgz","shasum":"b4a5d4a2480c0886a84997d0a08e81a5f797e1d6"},"directories":{}},"1.0.3":{"name":"cookiejar","version":"1.0.3","author":{"name":"bradleymeck"},"main":"cookiejar","description":"simple persistent cookiejar system, with Connect support (including sessions)","_id":"cookiejar@1.0.3","engines":{"node":"*"},"_nodeSupported":true,"_npmVersion":"0.2.7-2","_nodeVersion":"v0.3.1-pre","dist":{"tarball":"https://registry.npmjs.org/cookiejar/-/cookiejar-1.0.3.tgz","shasum":"5650511190aaf0be956316e7e3218cdff5fa4943"},"directories":{}},"1.0.5":{"name":"cookiejar","version":"1.0.5","author":{"name":"bradleymeck"},"main":"cookiejar","description":"simple persistent cookiejar system, with Connect support (including sessions)","_id":"cookiejar@1.0.5","engines":{"node":"*"},"_nodeSupported":true,"_npmVersion":"0.2.7-2","_nodeVersion":"v0.3.1-pre","dist":{"tarball":"https://registry.npmjs.org/cookiejar/-/cookiejar-1.0.5.tgz","shasum":"2d11ee2f46a3fdeb122a4824007b42ff8aa6e9e4"},"directories":{}},"1.1.0":{"name":"cookiejar","version":"1.1.0","author":{"name":"bradleymeck"},"main":"cookiejar","description":"simple persistent cookiejar system, with Connect support (including sessions)","_id":"cookiejar@1.1.0","engines":{"node":"*"},"_nodeSupported":true,"_npmVersion":"0.2.7-2","_nodeVersion":"v0.3.1-pre","dist":{"tarball":"https://registry.npmjs.org/cookiejar/-/cookiejar-1.1.0.tgz","shasum":"85c702e0d1b8453ecc32edaf80b96292fbfbdf4c"},"directories":{}},"1.1.1":{"name":"cookiejar","version":"1.1.1","author":{"name":"bradleymeck"},"main":"cookiejar","description":"simple persistent cookiejar system, with Connect support (including sessions)","_id":"cookiejar@1.1.1","engines":{"node":"*"},"_nodeSupported":true,"_npmVersion":"0.2.7-2","_nodeVersion":"v0.3.1-pre","dist":{"tarball":"https://registry.npmjs.org/cookiejar/-/cookiejar-1.1.1.tgz","shasum":"b05ad2e73c321c79cc5c49cd7021025aeaba1a2f"},"directories":{}},"1.2.0":{"name":"cookiejar","version":"1.2.0","author":{"name":"bradleymeck"},"main":"cookiejar.js","description":"simple persistent cookiejar system","_id":"cookiejar@1.2.0","engines":{"node":"*"},"_engineSupported":true,"_npmVersion":"0.3.17","_nodeVersion":"v0.5.0-pre","directories":{},"files":[""],"_defaultsLoaded":true,"dist":{"shasum":"a413f3b0b55f379e4bee838cc7e4e729b5b89b97","tarball":"https://registry.npmjs.org/cookiejar/-/cookiejar-1.2.0.tgz"}},"1.3.0":{"name":"cookiejar","version":"1.3.0","author":{"name":"bradleymeck"},"main":"cookiejar.js","description":"simple persistent cookiejar system","dependencies":{},"devDependencies":{},"_id":"cookiejar@1.3.0","engines":{"node":"*"},"_engineSupported":true,"_npmVersion":"1.0.6","_nodeVersion":"v0.4.7","_defaultsLoaded":true,"dist":{"shasum":"dd00b35679021e99cbd4e855b9ad041913474765","tarball":"https://registry.npmjs.org/cookiejar/-/cookiejar-1.3.0.tgz"},"scripts":{},"directories":{}},"1.3.1":{"name":"cookiejar","version":"1.3.1","author":{"name":"bradleymeck"},"main":"cookiejar.js","description":"simple persistent cookiejar system","license":"MIT","repository":{"type":"git","url":"https://github.com/bmeck/node-cookiejar.git"},"_id":"cookiejar@1.3.1","dist":{"shasum":"c04b048f688f801623acd90cd5848c2bf8891a17","tarball":"https://registry.npmjs.org/cookiejar/-/cookiejar-1.3.1.tgz"},"_from":".","_npmVersion":"1.2.18","_npmUser":{"name":"bradleymeck","email":"bradley.meck@gmail.com"},"maintainers":[{"name":"bradleymeck","email":"bradley.meck@gmail.com"}],"directories":{}},"1.3.2":{"name":"cookiejar","version":"1.3.2","author":{"name":"bradleymeck"},"main":"cookiejar.js","description":"simple persistent cookiejar system","license":"MIT","repository":{"type":"git","url":"https://github.com/bmeck/node-cookiejar.git"},"_id":"cookiejar@1.3.2","dist":{"shasum":"61d3229e2da20c859032233502958a9b7df58249","tarball":"https://registry.npmjs.org/cookiejar/-/cookiejar-1.3.2.tgz"},"_from":".","_npmVersion":"1.2.18","_npmUser":{"name":"bradleymeck","email":"bradley.meck@gmail.com"},"maintainers":[{"name":"bradleymeck","email":"bradley.meck@gmail.com"}],"directories":{}},"2.0.0":{"name":"cookiejar","version":"2.0.0","author":{"name":"bradleymeck"},"main":"cookiejar.js","description":"simple persistent cookiejar system","license":"MIT","scripts":{"prepublish":"jshint cookiejar.js && git tag $npm_package_version && git push origin master && git push origin --tags","test":"tests/test.js"},"repository":{"type":"git","url":"https://github.com/bmeck/node-cookiejar.git"},"bugs":{"url":"https://github.com/bmeck/node-cookiejar/issues"},"homepage":"https://github.com/bmeck/node-cookiejar","_id":"cookiejar@2.0.0","_shasum":"125c375e350e6563bd1fbe7645142308302b8ded","_from":".","_npmVersion":"1.4.9","_npmUser":{"name":"bradleymeck","email":"bradley.meck@gmail.com"},"maintainers":[{"name":"bradleymeck","email":"bradley.meck@gmail.com"}],"dist":{"shasum":"125c375e350e6563bd1fbe7645142308302b8ded","tarball":"https://registry.npmjs.org/cookiejar/-/cookiejar-2.0.0.tgz"},"directories":{}},"2.0.1":{"name":"cookiejar","version":"2.0.1","author":{"name":"bradleymeck"},"main":"cookiejar.js","description":"simple persistent cookiejar system","license":"MIT","jshintConfig":{"node":true},"scripts":{"prepublish":"jshint cookiejar.js && git tag $npm_package_version && git push origin master && git push origin --tags","test":"tests/test.js"},"repository":{"type":"git","url":"https://github.com/bmeck/node-cookiejar.git"},"bugs":{"url":"https://github.com/bmeck/node-cookiejar/issues"},"homepage":"https://github.com/bmeck/node-cookiejar","_id":"cookiejar@2.0.1","_shasum":"3d12752f6adf68a892f332433492bd5812bb668f","_from":".","_npmVersion":"1.4.9","_npmUser":{"name":"bradleymeck","email":"bradley.meck@gmail.com"},"maintainers":[{"name":"bradleymeck","email":"bradley.meck@gmail.com"}],"dist":{"shasum":"3d12752f6adf68a892f332433492bd5812bb668f","tarball":"https://registry.npmjs.org/cookiejar/-/cookiejar-2.0.1.tgz"},"directories":{}},"2.0.2":{"name":"cookiejar","version":"2.0.2","author":{"name":"bradleymeck"},"main":"cookiejar.js","description":"simple persistent cookiejar system","license":"MIT","jshintConfig":{"node":true},"scripts":{"test":"node tests/test.js"},"repository":{"type":"git","url":"git+https://github.com/bmeck/node-cookiejar.git"},"devDependencies":{"jshint":"^2.8.0"},"gitHead":"954216457e55007f1a1e7d10d1760909cfc07d5d","bugs":{"url":"https://github.com/bmeck/node-cookiejar/issues"},"homepage":"https://github.com/bmeck/node-cookiejar#readme","_id":"cookiejar@2.0.2","_shasum":"8c5930c06b1186b776a588df7da54ef5d5e372e2","_from":".","_npmVersion":"2.13.3","_nodeVersion":"5.0.0-pre","_npmUser":{"name":"bradleymeck","email":"bradley.meck@gmail.com"},"dist":{"shasum":"8c5930c06b1186b776a588df7da54ef5d5e372e2","tarball":"https://registry.npmjs.org/cookiejar/-/cookiejar-2.0.2.tgz"},"maintainers":[{"name":"bradleymeck","email":"bradley.meck@gmail.com"}],"directories":{}},"2.0.3":{"name":"cookiejar","version":"2.0.3","author":{"name":"bradleymeck"},"main":"cookiejar.js","description":"simple persistent cookiejar system","license":"MIT","jshintConfig":{"node":true},"scripts":{"prepublish":"jshint cookiejar.js && git tag $npm_package_version && git push origin master && git push origin --tags","test":"node tests/test.js"},"repository":{"type":"git","url":"git+https://github.com/bmeck/node-cookiejar.git"},"dependencies":{"jshint":"^2.8.0"},"gitHead":"943562d622463982c0f9d28a48205851a7ff2200","bugs":{"url":"https://github.com/bmeck/node-cookiejar/issues"},"homepage":"https://github.com/bmeck/node-cookiejar#readme","_id":"cookiejar@2.0.3","_shasum":"30b14904a70c861d2bc5cb9a93268d6542109241","_from":".","_npmVersion":"2.14.2","_nodeVersion":"4.0.0-pre","_npmUser":{"name":"bradleymeck","email":"bradley.meck@gmail.com"},"dist":{"shasum":"30b14904a70c861d2bc5cb9a93268d6542109241","tarball":"https://registry.npmjs.org/cookiejar/-/cookiejar-2.0.3.tgz"},"maintainers":[{"name":"bradleymeck","email":"bradley.meck@gmail.com"}],"directories":{}},"2.0.4":{"name":"cookiejar","version":"2.0.4","author":{"name":"bradleymeck"},"main":"cookiejar.js","description":"simple persistent cookiejar system","license":"MIT","jshintConfig":{"node":true},"scripts":{"prepublish":"jshint cookiejar.js && git tag $npm_package_version && git push origin master && git push origin --tags","test":"node tests/test.js"},"repository":{"type":"git","url":"git+https://github.com/bmeck/node-cookiejar.git"},"dependencies":{"jshint":"^2.8.0"},"gitHead":"16ccebefcd9bf06cbb1f1bf72bb72139a8cf2a08","bugs":{"url":"https://github.com/bmeck/node-cookiejar/issues"},"homepage":"https://github.com/bmeck/node-cookiejar#readme","_id":"cookiejar@2.0.4","_shasum":"4f6e79dffc86bc2271dd39862a9c388cbc9983dd","_from":".","_npmVersion":"2.14.0","_nodeVersion":"0.12.7","_npmUser":{"name":"andyburke","email":"aburke@bitflood.org"},"maintainers":[{"name":"andyburke","email":"aburke@bitflood.org"},{"name":"bradleymeck","email":"bradley.meck@gmail.com"}],"dist":{"shasum":"4f6e79dffc86bc2271dd39862a9c388cbc9983dd","tarball":"https://registry.npmjs.org/cookiejar/-/cookiejar-2.0.4.tgz"},"directories":{}},"2.0.6":{"name":"cookiejar","version":"2.0.6","author":{"name":"bradleymeck"},"main":"cookiejar.js","description":"simple persistent cookiejar system","license":"MIT","jshintConfig":{"node":true},"scripts":{"test":"node tests/test.js"},"repository":{"type":"git","url":"git+https://github.com/bmeck/node-cookiejar.git"},"devDependencies":{"jshint":"^2.8.0"},"gitHead":"3c3d43c39dc3c6928354873d43f3ec2895e26937","bugs":{"url":"https://github.com/bmeck/node-cookiejar/issues"},"homepage":"https://github.com/bmeck/node-cookiejar#readme","_id":"cookiejar@2.0.6","_shasum":"0abf356ad00d1c5a219d88d44518046dd026acfe","_from":".","_npmVersion":"3.3.12","_nodeVersion":"6.0.0-pre","_npmUser":{"name":"bradleymeck","email":"bradley.meck@gmail.com"},"dist":{"shasum":"0abf356ad00d1c5a219d88d44518046dd026acfe","tarball":"https://registry.npmjs.org/cookiejar/-/cookiejar-2.0.6.tgz"},"maintainers":[{"name":"andyburke","email":"aburke@bitflood.org"},{"name":"bradleymeck","email":"bradley.meck@gmail.com"}],"directories":{}}},"maintainers":[{"name":"andyburke","email":"aburke@bitflood.org"},{"name":"bradleymeck","email":"bradley.meck@gmail.com"}],"author":{"name":"bradleymeck"},"description":"simple persistent cookiejar system","time":{"modified":"2015-11-11T20:44:26.425Z","created":"2011-03-28T13:55:20.875Z","1.0.0":"2011-03-28T13:55:20.875Z","1.0.3":"2011-03-28T13:55:20.875Z","1.0.5":"2011-03-28T13:55:20.875Z","1.1.0":"2011-03-28T13:55:20.875Z","1.1.1":"2011-03-28T13:55:20.875Z","1.2.0":"2011-03-28T13:55:20.875Z","1.3.0":"2011-05-24T11:42:07.698Z","1.3.1":"2014-02-20T14:52:56.934Z","1.3.2":"2014-04-22T14:36:35.883Z","2.0.0":"2014-06-19T19:03:45.536Z","2.0.1":"2014-07-03T20:55:00.579Z","2.0.2":"2015-09-08T20:33:58.123Z","2.0.3":"2015-09-14T15:55:04.320Z","2.0.4":"2015-10-20T18:59:36.573Z","2.0.6":"2015-11-11T20:44:26.425Z"},"readme":"#CookieJar\n\nSimple robust cookie library\n\n##Exports\n\n###CookieAccessInfo(domain,path,secure,script)\n\n    class to determine matching qualities of a cookie\n\n#####Properties\n\n* String domain - domain to match\n* String path - path to match\n* Boolean secure - access is secure (ssl generally)\n* Boolean script - access is from a script\n\n\n###Cookie(cookiestr_or_cookie, request_domain, request_path)\n\n    turns input into a Cookie (singleton if given a Cookie)\n    the `request_domain` argument is used to default the domain if it is not explicit in the cookie string \n    the `request_path` argument is used to set the path if it is not explicit in a cookie String.\n\n    explicit domains/paths will cascade, implied domains/paths must *exactly* match (see http://en.wikipedia.org/wiki/HTTP_cookie#Domain_and_Pat)\n\n#####Properties\n\n* String name - name of the cookie\n* String value - string associated with the cookie\n* String domain - domain to match (on a cookie a '.' at the start means a wildcard matching anything ending in the rest)\n* Boolean explicit_domain - if the domain was explicitly set via the cookie string\n* String path - base path to match (matches any path starting with this '/' is root)\n* Boolean explicit_path - if the path was explicitly set via the cookie string\n* Boolean noscript - if it should be kept from scripts\n* Boolean secure - should it only be transmitted over secure means\n* Number expiration_date - number of millis since 1970 at which this should be removed\n\n#####Methods\n\n* String toString() - the __set-cookie:__ string for this cookie\n* String toValueString() - the __cookie:__ string for this cookie\n* Cookie parse(cookiestr, request_domain, request_path) - parses the string onto this cookie or a new one if called directly\n* Boolean matches(access_info) - returns true if the access_info allows retrieval of this cookie\n* Boolean collidesWith(cookie) - returns true if the cookies cannot exist in the same space (domain and path match)\n\n\n###CookieJar()\n\n    class to hold numerous cookies from multiple domains correctly\n\n#####Methods\n\n* Cookie setCookie(cookie, request_domain, request_path) - add a cookie to the jar\n* Cookie[] setCookies(cookiestr_or_list, request_domain, request_path) - add a large number of cookies to the jar\n* Cookie getCookie(cookie_name,access_info) - get a cookie with the name and access_info matching\n* Cookie[] getCookies(access_info) - grab all cookies matching this access_info\n","readmeFilename":"readme.md","repository":{"type":"git","url":"git+https://github.com/bmeck/node-cookiejar.git"},"license":"MIT","homepage":"https://github.com/bmeck/node-cookiejar#readme","bugs":{"url":"https://github.com/bmeck/node-cookiejar/issues"},"users":{"dgarlitt":true},"_attachments":{},"_etag":"\"EK30E2QH346UYRODXMRLT4O72\""}