{"_id":"follow-redirects","_rev":"19-83b59ea538cde170a036469225b2b3d4","name":"follow-redirects","description":"HTTP and HTTPS modules that follow redirects.","dist-tags":{"latest":"0.1.0"},"versions":{"0.0.1":{"name":"follow-redirects","version":"0.0.1","description":"HTTP and HTTPS modules that follow redirects.","main":"index.js","scripts":{"test":"echo \"Error: no test specified\" && exit 1"},"repository":{"type":"git","url":"git@github.com:olalonde/follow-redirects.git"},"homepage":"","keywords":["http","https","url","redirect","client","location","utility"],"author":{"name":"Olivier Lalonde","email":"olalonde@gmail.com","url":"http://www.syskall.com"},"dependencies":{"underscore":""},"devDependencies":{"colors":""},"license":"BSD","_id":"follow-redirects@0.0.1","dist":{"shasum":"b0b9078dc855b13a7acfebcb099b9f98f2366772","tarball":"https://registry.npmjs.org/follow-redirects/-/follow-redirects-0.0.1.tgz"},"_npmVersion":"1.1.62","_npmUser":{"name":"olalonde","email":"olalonde@gmail.com"},"maintainers":[{"name":"olalonde","email":"olalonde@gmail.com"}],"directories":{}},"0.0.2":{"name":"follow-redirects","version":"0.0.2","description":"HTTP and HTTPS modules that follow redirects.","main":"index.js","scripts":{"test":"echo \"Error: no test specified\" && exit 1"},"repository":{"type":"git","url":"git@github.com:olalonde/follow-redirects.git"},"homepage":"","keywords":["http","https","url","redirect","client","location","utility"],"author":{"name":"Olivier Lalonde","email":"olalonde@gmail.com","url":"http://www.syskall.com"},"dependencies":{"underscore":""},"devDependencies":{"colors":""},"license":"BSD","_id":"follow-redirects@0.0.2","dist":{"shasum":"06c81345f422a3bfd93583bd0b6c0daa58cb54b9","tarball":"https://registry.npmjs.org/follow-redirects/-/follow-redirects-0.0.2.tgz"},"_npmVersion":"1.1.62","_npmUser":{"name":"olalonde","email":"olalonde@gmail.com"},"maintainers":[{"name":"olalonde","email":"olalonde@gmail.com"}],"directories":{}},"0.0.3":{"name":"follow-redirects","version":"0.0.3","description":"HTTP and HTTPS modules that follow redirects.","main":"index.js","scripts":{"test":"echo \"Error: no test specified\" && exit 1"},"repository":{"type":"git","url":"git@github.com:olalonde/follow-redirects.git"},"homepage":"","keywords":["http","https","url","redirect","client","location","utility"],"author":{"name":"Olivier Lalonde","email":"olalonde@gmail.com","url":"http://www.syskall.com"},"dependencies":{"underscore":""},"devDependencies":{"colors":""},"license":"BSD","_id":"follow-redirects@0.0.3","dist":{"shasum":"6ce67a24db1fe13f226c1171a72a7ef2b17b8f65","tarball":"https://registry.npmjs.org/follow-redirects/-/follow-redirects-0.0.3.tgz"},"_npmVersion":"1.1.62","_npmUser":{"name":"olalonde","email":"olalonde@gmail.com"},"maintainers":[{"name":"olalonde","email":"olalonde@gmail.com"}],"directories":{}},"0.0.4":{"name":"follow-redirects","version":"0.0.4","description":"HTTP and HTTPS modules that follow redirects.","main":"index.js","scripts":{"test":"echo \"Error: no test specified\" && exit 1"},"repository":{"type":"git","url":"git@github.com:olalonde/follow-redirects.git"},"homepage":"https://github.com/olalonde/follow-redirects","keywords":["http","https","url","redirect","client","location","utility"],"author":{"name":"Olivier Lalonde","email":"olalonde@gmail.com","url":"http://www.syskall.com"},"dependencies":{"underscore":""},"devDependencies":{"colors":""},"license":"MIT","gitHead":"0eb72aca9f61ffdf0b064b3582a4591756890853","bugs":{"url":"https://github.com/olalonde/follow-redirects/issues"},"_id":"follow-redirects@0.0.4","_shasum":"78d2faec253da7bbd4bbb6733e05132a6ae9b483","_from":".","_npmVersion":"1.4.28","_npmUser":{"name":"olalonde","email":"olalonde@gmail.com"},"maintainers":[{"name":"olalonde","email":"olalonde@gmail.com"}],"dist":{"shasum":"78d2faec253da7bbd4bbb6733e05132a6ae9b483","tarball":"https://registry.npmjs.org/follow-redirects/-/follow-redirects-0.0.4.tgz"},"directories":{}},"0.0.5":{"name":"follow-redirects","version":"0.0.5","description":"HTTP and HTTPS modules that follow redirects.","main":"index.js","scripts":{"test":"echo \"Error: no test specified\" && exit 1"},"repository":{"type":"git","url":"git@github.com:olalonde/follow-redirects.git"},"homepage":"https://github.com/olalonde/follow-redirects","keywords":["http","https","url","redirect","client","location","utility"],"author":{"name":"Olivier Lalonde","email":"olalonde@gmail.com","url":"http://www.syskall.com"},"dependencies":{"debug":"^2.2.0","underscore":""},"devDependencies":{"colors":""},"license":"MIT","gitHead":"1dd1218dbbcbea595b00c107a7fc04aab17e900d","bugs":{"url":"https://github.com/olalonde/follow-redirects/issues"},"_id":"follow-redirects@0.0.5","_shasum":"c4d40dddfd8a9349e052c50c00222a5e393bae32","_from":".","_npmVersion":"1.4.28","_npmUser":{"name":"olalonde","email":"olalonde@gmail.com"},"maintainers":[{"name":"olalonde","email":"olalonde@gmail.com"}],"dist":{"shasum":"c4d40dddfd8a9349e052c50c00222a5e393bae32","tarball":"https://registry.npmjs.org/follow-redirects/-/follow-redirects-0.0.5.tgz"},"directories":{}},"0.0.6":{"name":"follow-redirects","version":"0.0.6","description":"HTTP and HTTPS modules that follow redirects.","main":"index.js","scripts":{"test":"npm run cover && npm run lint && npm run style","lint":"jshint *.js test/*.js test/**/*.js","style":"jscs *.js && jscs test/*.js test/**/*.js --config=test/.jscsrc","cover":"BLUEBIRD_DEBUG=1 istanbul cover ./node_modules/.bin/_mocha","debug":"BLUEBIRD_DEBUG=1 mocha"},"repository":{"type":"git","url":"git@github.com:olalonde/follow-redirects.git"},"homepage":"https://github.com/olalonde/follow-redirects","bugs":{"url":"https://github.com/olalonde/follow-redirects/issues"},"keywords":["http","https","url","redirect","client","location","utility"],"author":{"name":"Olivier Lalonde","email":"olalonde@gmail.com","url":"http://www.syskall.com"},"contributors":[{"name":"James Talmage","email":"james@talmage.io"}],"files":["index.js","create.js","http.js","https.js"],"dependencies":{"debug":"^2.2.0"},"devDependencies":{"bluebird":"^2.9.30","concat-stream":"^1.5.0","coveralls":"^2.11.2","express":"^4.13.0","istanbul":"^0.3.17","jscs":"^1.13.1","jshint":"^2.8.0","mocha":"^2.2.5","semver":"~4.3.6"},"license":"MIT","gitHead":"795bae039c7a756dbed9ce7c4a45cf2d2ed7dd83","_id":"follow-redirects@0.0.6","_shasum":"a3d57beaea728d96a5dbb6f1e790351d2ee18331","_from":".","_npmVersion":"1.4.28","_npmUser":{"name":"olalonde","email":"olalonde@gmail.com"},"maintainers":[{"name":"olalonde","email":"olalonde@gmail.com"}],"dist":{"shasum":"a3d57beaea728d96a5dbb6f1e790351d2ee18331","tarball":"https://registry.npmjs.org/follow-redirects/-/follow-redirects-0.0.6.tgz"},"directories":{}},"0.0.7":{"name":"follow-redirects","version":"0.0.7","description":"HTTP and HTTPS modules that follow redirects.","main":"index.js","scripts":{"test":"npm run cover && npm run lint && npm run style","lint":"jshint *.js test/*.js test/**/*.js","style":"jscs *.js && jscs test/*.js test/**/*.js --config=test/.jscsrc","cover":"BLUEBIRD_DEBUG=1 istanbul cover ./node_modules/.bin/_mocha","debug":"BLUEBIRD_DEBUG=1 mocha"},"repository":{"type":"git","url":"git+ssh://git@github.com/olalonde/follow-redirects.git"},"homepage":"https://github.com/olalonde/follow-redirects","bugs":{"url":"https://github.com/olalonde/follow-redirects/issues"},"keywords":["http","https","url","redirect","client","location","utility"],"author":{"name":"Olivier Lalonde","email":"olalonde@gmail.com","url":"http://www.syskall.com"},"contributors":[{"name":"James Talmage","email":"james@talmage.io"}],"files":["index.js","create.js","http.js","https.js"],"dependencies":{"debug":"^2.2.0","stream-consume":"^0.1.0"},"devDependencies":{"bluebird":"^2.9.30","concat-stream":"^1.5.0","coveralls":"^2.11.2","express":"^4.13.0","istanbul":"^0.3.17","jscs":"^1.13.1","jshint":"^2.8.0","mocha":"^2.2.5","semver":"~4.3.6"},"license":"MIT","gitHead":"5137f3958a179f0bf9310886edb77efd3b85a208","_id":"follow-redirects@0.0.7","_shasum":"34b90bab2a911aa347571da90f22bd36ecd8a919","_from":".","_npmVersion":"2.14.2","_nodeVersion":"0.12.7","_npmUser":{"name":"james.talmage","email":"james@talmage.io"},"dist":{"shasum":"34b90bab2a911aa347571da90f22bd36ecd8a919","tarball":"https://registry.npmjs.org/follow-redirects/-/follow-redirects-0.0.7.tgz"},"maintainers":[{"name":"olalonde","email":"olalonde@gmail.com"},{"name":"james.talmage","email":"james@talmage.io"}],"directories":{}},"0.1.0":{"name":"follow-redirects","version":"0.1.0","description":"HTTP and HTTPS modules that follow redirects.","main":"index.js","scripts":{"test":"npm run cover && npm run lint && npm run style","lint":"jshint *.js test/*.js test/**/*.js","style":"jscs *.js && jscs test/*.js test/**/*.js --config=test/.jscsrc","cover":"BLUEBIRD_DEBUG=1 istanbul cover ./node_modules/.bin/_mocha","debug":"BLUEBIRD_DEBUG=1 mocha"},"repository":{"type":"git","url":"git+ssh://git@github.com/olalonde/follow-redirects.git"},"homepage":"https://github.com/olalonde/follow-redirects","bugs":{"url":"https://github.com/olalonde/follow-redirects/issues"},"keywords":["http","https","url","redirect","client","location","utility"],"author":{"name":"Olivier Lalonde","email":"olalonde@gmail.com","url":"http://www.syskall.com"},"contributors":[{"name":"James Talmage","email":"james@talmage.io"}],"files":["index.js","create.js","http.js","https.js"],"dependencies":{"debug":"^2.2.0","stream-consume":"^0.1.0"},"devDependencies":{"bluebird":"^2.9.30","concat-stream":"^1.5.0","coveralls":"^2.11.2","express":"^4.13.0","istanbul":"^0.3.17","jscs":"^1.13.1","jshint":"^2.8.0","mocha":"^2.2.5","semver":"~4.3.6"},"license":"MIT","gitHead":"20537d21a1e4eb9371a0c2d74cff5a041ee2e22a","_id":"follow-redirects@0.1.0","_shasum":"8333fbee65d2fa8585241ebb1372fc01e5b1f671","_from":".","_npmVersion":"3.8.2","_nodeVersion":"5.9.0","_npmUser":{"name":"jamestalmage","email":"james@talmage.io"},"dist":{"shasum":"8333fbee65d2fa8585241ebb1372fc01e5b1f671","tarball":"https://registry.npmjs.org/follow-redirects/-/follow-redirects-0.1.0.tgz"},"maintainers":[{"name":"jamestalmage","email":"james@talmage.io"},{"name":"olalonde","email":"olalonde@gmail.com"}],"_npmOperationalInternal":{"host":"packages-12-west.internal.npmjs.com","tmp":"tmp/follow-redirects-0.1.0.tgz_1460316696773_0.05581280658952892"},"directories":{}}},"readme":"## Follow Redirects\n\nDrop in replacement for Nodes `http` and `https` that automatically follows redirects.\n\n[![Build Status](https://travis-ci.org/olalonde/follow-redirects.svg?branch=master)](https://travis-ci.org/olalonde/follow-redirects)\n[![Coverage Status](https://coveralls.io/repos/olalonde/follow-redirects/badge.svg?branch=master)](https://coveralls.io/r/olalonde/follow-redirects?branch=master)\n[![Code Climate](https://codeclimate.com/github/olalonde/follow-redirects/badges/gpa.svg)](https://codeclimate.com/github/olalonde/follow-redirects)\n[![Dependency Status](https://david-dm.org/olalonde/follow-redirects.svg)](https://david-dm.org/olalonde/follow-redirects)\n[![devDependency Status](https://david-dm.org/olalonde/follow-redirects/dev-status.svg)](https://david-dm.org/olalonde/follow-redirects#info=devDependencies)\n\n[![NPM](https://nodei.co/npm/follow-redirects.png?downloads=true)](https://nodei.co/npm/follow-redirects/)\n\n`follow-redirects` provides [request](https://nodejs.org/api/http.html#http_http_request_options_callback) and [get](https://nodejs.org/api/http.html#http_http_get_options_callback)\n methods that behave identically to those found on the native [http](https://nodejs.org/api/http.html#http_http_request_options_callback) and [https](https://nodejs.org/api/https.html#https_https_request_options_callback)\n modules, with the exception that they will seamlessly follow redirects.\n\n```javascript\nvar http = require('follow-redirects').http;\nvar https = require('follow-redirects').https;\n\nhttp.get('http://bit.ly/900913', function (res) {\n  res.on('data', function (chunk) {\n    console.log(chunk);\n  });\n}).on('error', function (err) {\n  console.error(err);\n});\n```\n\nBy default the number of redirects is limited to 5, but you can modify that globally or per request.\n\n```javascript\nrequire('follow-redirects').maxRedirects = 10;   // Has global affect (be careful!)\n\nhttps.request({\n  host: 'bitly.com',\n  path: '/UHfDGO',\n  maxRedirects: 3   // per request setting\n}, function (res) {/* ... */});\n```\n\nYou can inspect the redirection chain from the `fetchedUrls` array on the `response`.\nThe array is populated in reverse order, so the original url you requested will be the\nlast element, while the final redirection point will be at index 0.\n\n```javascript\nhttps.request({\n  host: 'bitly.com',\n  path: '/UHfDGO',\n}, function (res) {\n  console.log(res.fetchedUrls);\n  // [ 'http://duckduckgo.com/robots.txt',  'http://bitly.com/UHfDGO' ]\n});\n```\n\n## Browserify Usage\n\nDue to the way `XMLHttpRequest` works, the `browserify` versions of `http` and `https` already follow redirects.\n If you are *only* targetting the browser, then this library has little value for you. If you want to write cross\n platform code for node and the browser, `follow-redirects` provides a great solution for making the native node\n modules behave the same as they do in browserified builds in the browser. To avoid bundling unnecessary code\n you should tell browserify to swap out `follow-redirects` with the standard modules when bundling.\n To make this easier, you need to change how you require the modules:\n\n```javascript\nvar http = require('follow-redirects/http');\nvar https = require('follow-redirects/https');\n```\n\nYou can then replace `follow-redirects` in your browserify configuration like so:\n\n```javascript\n\"browser\": {\n  \"follow-redirects/http\"  : \"http\",\n  \"follow-redirects/https\" : \"https\"\n}\n```\n\nThe `browserify-http` module has not kept pace with node development, and no long behaves identically to the native\n module when running in the browser. If you are experiencing problems, you may want to check out\n [browserify-http-2](https://www.npmjs.com/package/http-browserify-2). It is more actively maintained and\n attempts to address a few of the shortcomings of `browserify-http`. In that case, your browserify config should\n look something like this:\n\n```javascript\n\"browser\": {\n  \"follow-redirects/http\"  : \"browserify-http-2/http\",\n  \"follow-redirects/https\" : \"browserify-http-2/https\"\n}\n```\n\n## Contributing\n\nPull Requests are always welcome. Please [file an issue](https://github.com/olalonde/follow-redirects/issues)\n detailing your proposal before you invest your valuable time. Additional features and bug fixes should be accompanied\n by tests. You can run the test suite locally with a simple `npm test` command.\n\n## Debug Logging\n\n`follow-redirects` uses the excellent [debug](https://www.npmjs.com/package/debug) for logging. To turn on logging\n set the environment variable `DEBUG=follow-redirects` for debug output from just this module. When running the test\n suite it is sometimes advantageous to set `DEBUG=*` to see output from the express server as well.\n\n## Authors\n\nOlivier Lalonde (olalonde@gmail.com)\n\nJames Talmage (james@talmage.io)\n\n## License\n\nMIT: [http://olalonde.mit-license.org](http://olalonde.mit-license.org)\n","maintainers":[{"name":"jamestalmage","email":"james@talmage.io"},{"name":"olalonde","email":"olalonde@gmail.com"}],"time":{"modified":"2016-04-10T19:31:39.368Z","created":"2012-11-15T22:23:37.885Z","0.0.1":"2012-11-15T22:23:44.078Z","0.0.2":"2012-11-21T00:14:20.978Z","0.0.3":"2012-11-29T08:19:21.319Z","0.0.4":"2015-07-01T14:43:59.128Z","0.0.5":"2015-07-01T15:27:15.970Z","0.0.6":"2015-07-04T13:26:09.166Z","0.0.7":"2015-09-10T01:41:18.073Z","0.1.0":"2016-04-10T19:31:39.368Z"},"author":{"name":"Olivier Lalonde","email":"olalonde@gmail.com","url":"http://www.syskall.com"},"repository":{"type":"git","url":"git+ssh://git@github.com/olalonde/follow-redirects.git"},"users":{"antongorodezkiy":true,"eklem":true,"alejcerro":true,"tarkeshwar":true},"homepage":"https://github.com/olalonde/follow-redirects","keywords":["http","https","url","redirect","client","location","utility"],"bugs":{"url":"https://github.com/olalonde/follow-redirects/issues"},"license":"MIT","readmeFilename":"README.md","contributors":[{"name":"James Talmage","email":"james@talmage.io"}],"_attachments":{},"_etag":"\"8GEBBW3L6JAN7NFKYFJCQBAN\""}