{"_id":"analytics-node","_rev":"54-95d23dd92c0b19be70c21789e6766ef9","name":"analytics-node","description":"The hassle-free way to integrate analytics into any node application.","dist-tags":{"latest":"2.1.0"},"versions":{"0.2.4":{"name":"analytics-node","version":"0.2.4","description":"An official Segment.io client driver for node","repository":{"type":"git","url":"git://github.com/segmentio/analytics-node"},"keywords":["analytics","segment.io","segmentio","client","driver","analytics"],"authors":"Ilya Volodarsky <ilya@segment.io>, Calvin French-Owen <calvin@segment.io>","engines":{"node":">= 0.8.x"},"main":"./lib/analytics","dependencies":{"underscore":"*","request":"*"},"devDependencies":{"mocha":"*","should":"*"},"scripts":{"test":"make test"},"_id":"analytics-node@0.2.4","dist":{"shasum":"25ef7ed84f6c57a070c57b3f3c705a1ea6d4e90f","tarball":"https://registry.npmjs.org/analytics-node/-/analytics-node-0.2.4.tgz"},"_npmVersion":"1.1.69","_npmUser":{"name":"ivolo","email":"ivolo@mit.edu"},"maintainers":[{"name":"ivolo","email":"ivolo@mit.edu"}],"directories":{}},"0.2.5":{"name":"analytics-node","version":"0.2.5","description":"The hassle-free way to integrate analytics into any node application.","repository":{"type":"git","url":"git://github.com/segmentio/analytics-node"},"keywords":["analytics","segment.io","segmentio","client","driver","analytics"],"authors":"Ilya Volodarsky <ilya@segment.io>, Calvin French-Owen <calvin@segment.io>","engines":{"node":">= 0.8.x"},"main":"./lib/analytics","dependencies":{"underscore":"*","request":"*"},"devDependencies":{"mocha":"*","should":"*"},"scripts":{"test":"make test"},"_id":"analytics-node@0.2.5","dist":{"shasum":"f159e0b3cbfbbbe300939a70441d1605c3a401a0","tarball":"https://registry.npmjs.org/analytics-node/-/analytics-node-0.2.5.tgz"},"_npmVersion":"1.1.69","_npmUser":{"name":"ivolo","email":"ivolo@mit.edu"},"maintainers":[{"name":"ivolo","email":"ivolo@mit.edu"}],"directories":{}},"0.2.6":{"name":"analytics-node","version":"0.2.6","description":"The hassle-free way to integrate analytics into any node application.","repository":{"type":"git","url":"git://github.com/segmentio/analytics-node"},"keywords":["analytics","segment.io","segmentio","client","driver","analytics"],"authors":"Ilya Volodarsky <ilya@segment.io>, Calvin French-Owen <calvin@segment.io>","engines":{"node":">= 0.8.x"},"main":"./lib/analytics","dependencies":{"underscore":"*","request":"*"},"devDependencies":{"mocha":"*","should":"*"},"scripts":{"test":"make test"},"_id":"analytics-node@0.2.6","dist":{"shasum":"8db93dde59cfcec2f7789a67f52d0ebb48087760","tarball":"https://registry.npmjs.org/analytics-node/-/analytics-node-0.2.6.tgz"},"_npmVersion":"1.1.69","_npmUser":{"name":"ivolo","email":"ivolo@mit.edu"},"maintainers":[{"name":"ivolo","email":"ivolo@mit.edu"}],"directories":{}},"0.2.7":{"name":"analytics-node","version":"0.2.7","description":"The hassle-free way to integrate analytics into any node application.","repository":{"type":"git","url":"git://github.com/segmentio/analytics-node"},"keywords":["analytics","segment.io","segmentio","client","driver","analytics"],"authors":"Ilya Volodarsky <ilya@segment.io>, Calvin French-Owen <calvin@segment.io>","engines":{"node":">= 0.8.x"},"main":"./lib/analytics","dependencies":{"underscore":"*","request":"*"},"devDependencies":{"mocha":"*","should":"*"},"scripts":{"test":"make test"},"_id":"analytics-node@0.2.7","dist":{"shasum":"2d7574b443cb12ee5b4dd6680709b9e707b58ac9","tarball":"https://registry.npmjs.org/analytics-node/-/analytics-node-0.2.7.tgz"},"_npmVersion":"1.1.69","_npmUser":{"name":"ivolo","email":"ivolo@mit.edu"},"maintainers":[{"name":"ivolo","email":"ivolo@mit.edu"}],"directories":{}},"0.2.8":{"name":"analytics-node","version":"0.2.8","description":"The hassle-free way to integrate analytics into any node application.","repository":{"type":"git","url":"git://github.com/segmentio/analytics-node"},"keywords":["analytics","segment.io","segmentio","client","driver","analytics"],"authors":"Ilya Volodarsky <ilya@segment.io>, Calvin French-Owen <calvin@segment.io>","engines":{"node":">= 0.8.x"},"main":"./lib","dependencies":{"underscore":"*","request":"*"},"devDependencies":{"mocha":"*","should":"*"},"scripts":{"test":"make test"},"_id":"analytics-node@0.2.8","dist":{"shasum":"007f689120fb15a0b57835f6d4440fa6790cffc4","tarball":"https://registry.npmjs.org/analytics-node/-/analytics-node-0.2.8.tgz"},"_npmVersion":"1.1.69","_npmUser":{"name":"ivolo","email":"ivolo@mit.edu"},"maintainers":[{"name":"ivolo","email":"ivolo@mit.edu"}],"directories":{}},"0.2.9":{"name":"analytics-node","version":"0.2.9","description":"The hassle-free way to integrate analytics into any node application.","repository":{"type":"git","url":"git://github.com/segmentio/analytics-node"},"keywords":["analytics","segment.io","segmentio","client","driver","analytics"],"authors":"Ilya Volodarsky <ilya@segment.io>, Calvin French-Owen <calvin@segment.io>","engines":{"node":">= 0.8.x"},"main":"./lib","dependencies":{"underscore":"1.4.3","request":"2.12.0"},"devDependencies":{"mocha":"1.8.1","should":"1.2.1"},"scripts":{"test":"make test"},"_id":"analytics-node@0.2.9","dist":{"shasum":"be990601d59f946c7c101a0f3e09a28b5950a1e0","tarball":"https://registry.npmjs.org/analytics-node/-/analytics-node-0.2.9.tgz"},"_npmVersion":"1.1.69","_npmUser":{"name":"ivolo","email":"ivolo@mit.edu"},"maintainers":[{"name":"ivolo","email":"ivolo@mit.edu"}],"directories":{}},"0.3.0":{"name":"analytics-node","version":"0.3.0","description":"The hassle-free way to integrate analytics into any node application.","repository":{"type":"git","url":"git://github.com/segmentio/analytics-node"},"keywords":["analytics","segment.io","segmentio","client","driver","analytics"],"authors":"Ilya Volodarsky <ilya@segment.io>, Calvin French-Owen <calvin@segment.io>","engines":{"node":">= 0.8.x"},"main":"./lib","dependencies":{"underscore":"1.4.3","request":"2.12.0"},"devDependencies":{"mocha":"1.8.1","should":"1.2.1"},"scripts":{"test":"make test"},"_id":"analytics-node@0.3.0","dist":{"shasum":"b1de7645262b6cfceae2db5985d816f69d6e5e1e","tarball":"https://registry.npmjs.org/analytics-node/-/analytics-node-0.3.0.tgz"},"_npmVersion":"1.1.69","_npmUser":{"name":"ivolo","email":"ivolo@mit.edu"},"maintainers":[{"name":"ivolo","email":"ivolo@mit.edu"}],"directories":{}},"0.4.0":{"name":"analytics-node","version":"0.4.0","description":"The hassle-free way to integrate analytics into any node application.","repository":{"type":"git","url":"git://github.com/segmentio/analytics-node"},"keywords":["analytics","segment.io","segmentio","client","driver","analytics"],"authors":"Ilya Volodarsky <ilya@segment.io>, Calvin French-Owen <calvin@segment.io>","engines":{"node":">= 0.8.x"},"main":"./lib","dependencies":{"underscore":"1.4.3","request":"2.12.0"},"devDependencies":{"mocha":"1.8.1","should":"1.2.1"},"scripts":{"test":"make test"},"_id":"analytics-node@0.4.0","dist":{"shasum":"7b728686190ffcf5e2485b5d7726a156233b8c98","tarball":"https://registry.npmjs.org/analytics-node/-/analytics-node-0.4.0.tgz"},"_from":".","_npmVersion":"1.2.14","_npmUser":{"name":"ivolo","email":"ivolo@mit.edu"},"maintainers":[{"name":"ivolo","email":"ivolo@mit.edu"}],"directories":{}},"0.5.0":{"name":"analytics-node","version":"0.5.0","description":"The hassle-free way to integrate analytics into any node application.","repository":{"type":"git","url":"git://github.com/segmentio/analytics-node"},"keywords":["analytics","segment.io","segmentio","client","driver","analytics"],"authors":"Ilya Volodarsky <ilya@segment.io>, Calvin French-Owen <calvin@segment.io>","engines":{"node":">= 0.8.x"},"main":"./lib","dependencies":{"underscore":"1.4.3","request":"2.12.0"},"devDependencies":{"mocha":"1.8.1","should":"1.2.1"},"scripts":{"test":"make test"},"_id":"analytics-node@0.5.0","dist":{"shasum":"6f78143a913c3a94882e76161b6c1542981b8c90","tarball":"https://registry.npmjs.org/analytics-node/-/analytics-node-0.5.0.tgz"},"_from":".","_npmVersion":"1.2.18","_npmUser":{"name":"segmentio","email":"friends@segment.io"},"maintainers":[{"name":"ivolo","email":"ivolo@mit.edu"},{"name":"segmentio","email":"friends@segment.io"}],"directories":{}},"0.6.0":{"name":"analytics-node","version":"0.6.0","description":"The hassle-free way to integrate analytics into any node application.","repository":{"type":"git","url":"git://github.com/segmentio/analytics-node"},"keywords":["analytics","segment.io","segmentio","client","driver","analytics"],"authors":"Ilya Volodarsky <ilya@segment.io>, Calvin French-Owen <calvin@segment.io>","engines":{"node":">= 0.8.x"},"main":"./lib","dependencies":{"underscore":"1.4.3","request":"2.12.0"},"devDependencies":{"mocha":"1.8.1","should":"1.2.1"},"scripts":{"test":"make test"},"bugs":{"url":"https://github.com/segmentio/analytics-node/issues"},"homepage":"https://github.com/segmentio/analytics-node","_id":"analytics-node@0.6.0","dist":{"shasum":"69f08ba8287222d00fcfa36f72a851d921b2fe4b","tarball":"https://registry.npmjs.org/analytics-node/-/analytics-node-0.6.0.tgz"},"_from":".","_npmVersion":"1.3.25","_npmUser":{"name":"segmentio","email":"friends@segment.io"},"maintainers":[{"name":"ivolo","email":"ivolo@mit.edu"},{"name":"segmentio","email":"friends@segment.io"}],"directories":{}},"1.0.0":{"name":"analytics-node","repository":{"type":"git","url":"git://github.com/segmentio/analytics-node"},"version":"1.0.0","description":"The hassle-free way to integrate analytics into any node application.","keywords":["analytics","segment.io","segmentio","client","driver","analytics"],"main":"lib/index.js","dependencies":{"component-type":"~1.0.0","join-component":"~1.0.0","superagent":"~0.16.0","debug":"~0.7.4","uid":"0.0.2"},"devDependencies":{"mocha":"1.8.1","express":"~3.4.8"},"engines":{"node":">= 0.8.x"},"scripts":{"test":"make test"},"bugs":{"url":"https://github.com/segmentio/analytics-node/issues"},"homepage":"https://github.com/segmentio/analytics-node","_id":"analytics-node@1.0.0","dist":{"shasum":"4da27758f2b62df203c9b83d2f9ec131b9f152d1","tarball":"https://registry.npmjs.org/analytics-node/-/analytics-node-1.0.0.tgz"},"_from":".","_npmVersion":"1.4.3","_npmUser":{"name":"segmentio","email":"friends@segment.io"},"maintainers":[{"name":"ivolo","email":"ivolo@mit.edu"},{"name":"segmentio","email":"friends@segment.io"}],"directories":{}},"1.0.1":{"name":"analytics-node","repository":{"type":"git","url":"git://github.com/segmentio/analytics-node"},"version":"1.0.1","description":"The hassle-free way to integrate analytics into any node application.","keywords":["analytics","segment.io","segmentio","client","driver","analytics"],"main":"lib/index.js","dependencies":{"clone":"~0.1.17","component-type":"~1.0.0","join-component":"~1.0.0","superagent":"~0.16.0","debug":"~0.7.4","uid":"0.0.2"},"devDependencies":{"mocha":"1.8.1","express":"~3.4.8"},"engines":{"node":">= 0.8.x"},"scripts":{"test":"make test"},"gitHead":"59b72a02af4a818469578a716fa4b0fd03219831","bugs":{"url":"https://github.com/segmentio/analytics-node/issues"},"homepage":"https://github.com/segmentio/analytics-node","_id":"analytics-node@1.0.1","_shasum":"22f3f5cb50fe825383161adcbe3cb005dc0efe1e","_from":".","_npmVersion":"1.4.20","_npmUser":{"name":"segmentio","email":"friends@segment.io"},"maintainers":[{"name":"ivolo","email":"ivolo@mit.edu"},{"name":"segmentio","email":"friends@segment.io"}],"dist":{"shasum":"22f3f5cb50fe825383161adcbe3cb005dc0efe1e","tarball":"https://registry.npmjs.org/analytics-node/-/analytics-node-1.0.1.tgz"},"directories":{}},"1.0.2":{"name":"analytics-node","repository":{"type":"git","url":"git://github.com/segmentio/analytics-node"},"version":"1.0.2","description":"The hassle-free way to integrate analytics into any node application.","keywords":["analytics","segment.io","segmentio","client","driver","analytics"],"main":"lib/index.js","dependencies":{"clone":"~0.1.17","component-type":"~1.0.0","join-component":"~1.0.0","superagent":"~0.16.0","debug":"~1.0.4","uid":"0.0.2"},"devDependencies":{"mocha":"1.8.1","express":"~3.4.8"},"engines":{"node":">= 0.8.x"},"scripts":{"test":"make test"},"gitHead":"0d63d589b3ed0ec1cde75454f6e72e896cacb825","bugs":{"url":"https://github.com/segmentio/analytics-node/issues"},"homepage":"https://github.com/segmentio/analytics-node","_id":"analytics-node@1.0.2","_shasum":"a12c332eed223928a2f954952eb2ec685a989e55","_from":".","_npmVersion":"1.4.14","_npmUser":{"name":"segmentio","email":"friends@segment.io"},"maintainers":[{"name":"ivolo","email":"ivolo@mit.edu"},{"name":"segmentio","email":"friends@segment.io"}],"dist":{"shasum":"a12c332eed223928a2f954952eb2ec685a989e55","tarball":"https://registry.npmjs.org/analytics-node/-/analytics-node-1.0.2.tgz"},"directories":{}},"1.0.3":{"name":"analytics-node","repository":{"type":"git","url":"git://github.com/segmentio/analytics-node"},"version":"1.0.3","description":"The hassle-free way to integrate analytics into any node application.","keywords":["analytics","segment.io","segmentio","client","driver","analytics"],"main":"lib/index.js","dependencies":{"clone":"~0.1.17","component-type":"~1.0.0","join-component":"~1.0.0","superagent":"~0.16.0","debug":"~1.0.4","uid":"0.0.2"},"devDependencies":{"mocha":"1.8.1","express":"~3.4.8"},"engines":{"node":">= 0.8.x"},"scripts":{"test":"make test"},"gitHead":"49af7c997cfe67462b4394f428ac85da48a9b74c","bugs":{"url":"https://github.com/segmentio/analytics-node/issues"},"homepage":"https://github.com/segmentio/analytics-node","_id":"analytics-node@1.0.3","_shasum":"e93a632e2f8b89235c8a46c4fde384cdeed3777d","_from":".","_npmVersion":"1.4.14","_npmUser":{"name":"segmentio","email":"friends@segment.io"},"maintainers":[{"name":"ivolo","email":"ivolo@mit.edu"},{"name":"segmentio","email":"friends@segment.io"}],"dist":{"shasum":"e93a632e2f8b89235c8a46c4fde384cdeed3777d","tarball":"https://registry.npmjs.org/analytics-node/-/analytics-node-1.0.3.tgz"},"directories":{}},"1.0.4":{"name":"analytics-node","repository":{"type":"git","url":"git://github.com/segmentio/analytics-node"},"version":"1.0.4","description":"The hassle-free way to integrate analytics into any node application.","keywords":["analytics","segment.io","segmentio","client","driver","analytics"],"main":"lib/index.js","dependencies":{"clone":"~0.1.17","component-type":"~1.0.0","join-component":"~1.0.0","lodash":"~2.4.1","superagent":"~0.16.0","debug":"~1.0.4","uid":"0.0.2"},"devDependencies":{"mocha":"1.8.1","express":"~3.4.8"},"engines":{"node":">= 0.8.x"},"scripts":{"test":"make test"},"gitHead":"a608e5f3d8cbeb7cfc550db2e7609dc42bdbee5f","bugs":{"url":"https://github.com/segmentio/analytics-node/issues"},"homepage":"https://github.com/segmentio/analytics-node","_id":"analytics-node@1.0.4","_shasum":"4ff572446ae7886212eb9af5f83d2f0e26450d5d","_from":".","_npmVersion":"1.4.14","_npmUser":{"name":"segmentio","email":"friends@segment.io"},"maintainers":[{"name":"ivolo","email":"ivolo@mit.edu"},{"name":"segmentio","email":"friends@segment.io"}],"dist":{"shasum":"4ff572446ae7886212eb9af5f83d2f0e26450d5d","tarball":"https://registry.npmjs.org/analytics-node/-/analytics-node-1.0.4.tgz"},"directories":{}},"1.1.0":{"name":"analytics-node","repository":{"type":"git","url":"git://github.com/segmentio/analytics-node"},"version":"1.1.0","description":"The hassle-free way to integrate analytics into any node application.","keywords":["analytics","segment.io","segmentio","client","driver","analytics"],"main":"lib/index.js","dependencies":{"clone":"~0.1.17","component-type":"~1.0.0","join-component":"~1.0.0","lodash":"~2.4.1","superagent":"~0.16.0","superagent-proxy":"~0.3.1","debug":"~1.0.4","uid":"0.0.2"},"devDependencies":{"mocha":"1.8.1","express":"~3.4.8","http-proxy":"~1.3.0"},"engines":{"node":">= 0.8.x"},"scripts":{"test":"make test"},"gitHead":"74ca745391b9c7b02ca4a4252a74ea586414f547","bugs":{"url":"https://github.com/segmentio/analytics-node/issues"},"homepage":"https://github.com/segmentio/analytics-node","_id":"analytics-node@1.1.0","_shasum":"eb8a79ce7cccae54ebe64904297af3734e00f4c0","_from":".","_npmVersion":"2.0.0-alpha-5","_npmUser":{"name":"travisjeffery","email":"tj@travisjeffery.com"},"maintainers":[{"name":"ivolo","email":"ivolo@mit.edu"},{"name":"segmentio","email":"friends@segment.io"},{"name":"travisjeffery","email":"tj@travisjeffery.com"}],"dist":{"shasum":"eb8a79ce7cccae54ebe64904297af3734e00f4c0","tarball":"https://registry.npmjs.org/analytics-node/-/analytics-node-1.1.0.tgz"},"directories":{}},"1.1.1":{"name":"analytics-node","repository":{"type":"git","url":"git://github.com/segmentio/analytics-node"},"version":"1.1.1","description":"The hassle-free way to integrate analytics into any node application.","keywords":["analytics","segment.io","segmentio","client","driver","analytics"],"main":"lib/index.js","dependencies":{"clone":"~0.1.17","component-type":"~1.0.0","join-component":"~1.0.0","lodash":"~2.4.1","superagent":"~0.19.1","superagent-proxy":"~0.3.1","superagent-retry":"~0.4.0","debug":"~1.0.4","uid":"0.0.2"},"devDependencies":{"mocha":"1.8.1","express":"~3.4.8","http-proxy":"~1.3.0","async":"~0.9.0"},"engines":{"node":">= 0.8.x"},"scripts":{"test":"make test"},"license":"MIT","bugs":{"url":"https://github.com/segmentio/analytics-node/issues"},"homepage":"https://github.com/segmentio/analytics-node","_id":"analytics-node@1.1.1","_shasum":"7cd2b50d8179a90d85c73a6381d77cb738fe0caa","_from":".","_npmVersion":"1.4.9","_npmUser":{"name":"travisjeffery","email":"tj@travisjeffery.com"},"maintainers":[{"name":"ivolo","email":"ivolo@mit.edu"},{"name":"segmentio","email":"friends@segment.io"},{"name":"travisjeffery","email":"tj@travisjeffery.com"}],"dist":{"shasum":"7cd2b50d8179a90d85c73a6381d77cb738fe0caa","tarball":"https://registry.npmjs.org/analytics-node/-/analytics-node-1.1.1.tgz"},"directories":{}},"1.2.0":{"name":"analytics-node","repository":{"type":"git","url":"git://github.com/segmentio/analytics-node"},"version":"1.2.0","description":"The hassle-free way to integrate analytics into any node application.","keywords":["analytics","segment.io","segmentio","client","driver","analytics"],"main":"lib/index.js","browserify":{"transform":["brfs"]},"dependencies":{"clone":"~0.1.17","component-type":"~1.0.0","join-component":"~1.0.0","lodash":"~2.4.1","superagent":"~0.19.1","superagent-proxy":"~0.3.1","superagent-retry":"~0.4.0","debug":"~1.0.4","uid":"0.0.2"},"devDependencies":{"async":"~0.9.0","browserify":"^8.1.3","express":"~3.4.8","http-proxy":"~1.3.0","mocha":"1.8.1","brfs":"^1.3.0"},"engines":{"node":">= 0.8.x"},"scripts":{"test":"make test"},"license":"MIT","bugs":{"url":"https://github.com/segmentio/analytics-node/issues"},"homepage":"https://github.com/segmentio/analytics-node","_id":"analytics-node@1.2.0","_shasum":"8958f3159d59dcaef2af75c474f96e9c6a47d42f","_from":".","_npmVersion":"1.4.9","_npmUser":{"name":"travisjeffery","email":"tj@travisjeffery.com"},"maintainers":[{"name":"ivolo","email":"ivolo@mit.edu"},{"name":"segmentio","email":"friends@segment.io"},{"name":"travisjeffery","email":"tj@travisjeffery.com"}],"dist":{"shasum":"8958f3159d59dcaef2af75c474f96e9c6a47d42f","tarball":"https://registry.npmjs.org/analytics-node/-/analytics-node-1.2.0.tgz"},"directories":{}},"1.2.2":{"name":"analytics-node","repository":{"type":"git","url":"git://github.com/segmentio/analytics-node"},"version":"1.2.2","description":"The hassle-free way to integrate analytics into any node application.","keywords":["analytics","segment.io","segmentio","client","driver","analytics"],"main":"lib/index.js","browserify":{"transform":["brfs"]},"dependencies":{"clone":"~0.1.17","component-type":"~1.0.0","join-component":"~1.0.0","lodash":"~2.4.1","superagent":"~0.19.1","superagent-proxy":"~0.3.1","superagent-retry":"~0.4.0","debug":"~1.0.4","uid":"0.0.2"},"devDependencies":{"async":"~0.9.0","browserify":"^8.1.3","express":"~3.4.8","http-proxy":"~1.3.0","mocha":"1.8.1","brfs":"^1.3.0"},"engines":{"node":">= 0.8.x"},"scripts":{"test":"make test"},"license":"MIT","bugs":{"url":"https://github.com/segmentio/analytics-node/issues"},"homepage":"https://github.com/segmentio/analytics-node","_id":"analytics-node@1.2.2","_shasum":"322d2546af4ed566ba914468b6ea39636008c5b5","_from":".","_npmVersion":"1.4.9","_npmUser":{"name":"travisjeffery","email":"tj@travisjeffery.com"},"maintainers":[{"name":"ivolo","email":"ivolo@mit.edu"},{"name":"segmentio","email":"friends@segment.io"},{"name":"travisjeffery","email":"tj@travisjeffery.com"}],"dist":{"shasum":"322d2546af4ed566ba914468b6ea39636008c5b5","tarball":"https://registry.npmjs.org/analytics-node/-/analytics-node-1.2.2.tgz"},"directories":{}},"2.0.0":{"name":"analytics-node","repository":{"type":"git","url":"git://github.com/segmentio/analytics-node"},"version":"2.0.0","description":"The hassle-free way to integrate analytics into any node application.","keywords":["analytics","segment.io","segmentio","client","driver"],"main":"lib/index.js","browserify":{"transform":["brfs"]},"dependencies":{"clone":"~0.1.17","component-type":"~1.0.0","join-component":"~1.0.0","lodash":"~2.4.1","superagent":"~0.19.1","superagent-proxy":"~0.3.1","superagent-retry":"~0.4.0","debug":"~1.0.4","uid":"0.0.2"},"devDependencies":{"async":"~0.9.0","browserify":"^8.1.3","express":"~3.4.8","http-proxy":"~1.11.1","mocha":"1.8.1","brfs":"^1.3.0"},"engines":{"node":">= 0.8.x"},"scripts":{"test":"make test"},"license":"MIT","gitHead":"d9bf45f880a92036331407553cc835b42d5fbd1c","bugs":{"url":"https://github.com/segmentio/analytics-node/issues"},"homepage":"https://github.com/segmentio/analytics-node","_id":"analytics-node@2.0.0","_shasum":"0904d65e4a8f0c1c0fd791fd26073715d3494ca7","_from":".","_npmVersion":"2.11.3","_nodeVersion":"0.12.7","_npmUser":{"name":"travisjeffery","email":"tj@travisjeffery.com"},"maintainers":[{"name":"ivolo","email":"ivolo@mit.edu"},{"name":"segmentio","email":"friends@segment.io"},{"name":"travisjeffery","email":"tj@travisjeffery.com"}],"dist":{"shasum":"0904d65e4a8f0c1c0fd791fd26073715d3494ca7","tarball":"https://registry.npmjs.org/analytics-node/-/analytics-node-2.0.0.tgz"},"directories":{}},"2.0.1":{"name":"analytics-node","repository":{"type":"git","url":"git://github.com/segmentio/analytics-node.git"},"version":"2.0.1","description":"The hassle-free way to integrate analytics into any node application.","keywords":["analytics","segment.io","segmentio","client","driver"],"main":"lib/index.js","browserify":{"transform":["brfs"]},"dependencies":{"clone":"~0.1.17","component-type":"~1.0.0","join-component":"~1.0.0","lodash":"~2.4.1","superagent":"^1.4.0","superagent-proxy":"^1.0.0","superagent-retry":"^0.5.1","debug":"^2.2.0","uid":"0.0.2"},"devDependencies":{"async":"~0.9.0","brfs":"^1.3.0","browserify":"^8.1.3","express":"~3.4.8","http-proxy":"~1.11.1","mocha":"1.8.1","nsp":"^2.0.2"},"engines":{"node":">= 0.12.x"},"scripts":{"test":"make test"},"license":"MIT","gitHead":"c647ab5aab41333ecafef236e5fe8c4848faf920","bugs":{"url":"https://github.com/segmentio/analytics-node/issues"},"homepage":"https://github.com/segmentio/analytics-node#readme","_id":"analytics-node@2.0.1","_shasum":"728436f95e0afb04f7d5899cb3c0ba03bb7eecc4","_from":".","_npmVersion":"2.14.4","_nodeVersion":"4.1.2","_npmUser":{"name":"segmentio","email":"tools@segment.com"},"dist":{"shasum":"728436f95e0afb04f7d5899cb3c0ba03bb7eecc4","tarball":"https://registry.npmjs.org/analytics-node/-/analytics-node-2.0.1.tgz"},"maintainers":[{"name":"ivolo","email":"ivolo@mit.edu"},{"name":"segmentio","email":"friends@segment.io"},{"name":"travisjeffery","email":"tj@travisjeffery.com"}],"directories":{}},"2.0.2":{"name":"analytics-node","repository":{"type":"git","url":"git://github.com/segmentio/analytics-node.git"},"version":"2.0.2","description":"The hassle-free way to integrate analytics into any node application.","keywords":["analytics","segment.io","segmentio","client","driver"],"main":"lib/index.js","browserify":{"transform":["brfs"]},"dependencies":{"clone":"~0.1.17","component-type":"~1.0.0","crypto-token":"^1.0.1","debug":"^2.2.0","join-component":"~1.0.0","lodash":"~2.4.1","superagent":"^1.4.0","superagent-proxy":"^1.0.0","superagent-retry":"^0.5.1"},"devDependencies":{"async":"~0.9.0","brfs":"^1.3.0","browserify":"^8.1.3","express":"~3.4.8","http-proxy":"~1.11.1","mocha":"1.8.1","nsp":"^2.0.2"},"engines":{"node":">= 0.12.x"},"scripts":{"test":"make test"},"license":"MIT","gitHead":"b5580778d6abc9f2cb3c46e301980aafbec07df9","bugs":{"url":"https://github.com/segmentio/analytics-node/issues"},"homepage":"https://github.com/segmentio/analytics-node#readme","_id":"analytics-node@2.0.2","_shasum":"cdf9c99ed555dae7d3cdc989c69bf51aa6c5e12c","_from":".","_npmVersion":"2.14.12","_nodeVersion":"4.2.4","_npmUser":{"name":"segment","email":"tools+npm@segment.com"},"dist":{"shasum":"cdf9c99ed555dae7d3cdc989c69bf51aa6c5e12c","tarball":"https://registry.npmjs.org/analytics-node/-/analytics-node-2.0.2.tgz"},"maintainers":[{"name":"ivolo","email":"ilya@segment.io"},{"name":"segment","email":"tools+npm@segment.com"},{"name":"segmentio","email":"tools@segment.com"}],"_npmOperationalInternal":{"host":"packages-13-west.internal.npmjs.com","tmp":"tmp/analytics-node-2.0.2.tgz_1456963846892_0.22770578763447702"},"directories":{}},"2.1.0":{"name":"analytics-node","repository":{"type":"git","url":"git://github.com/segmentio/analytics-node.git"},"version":"2.1.0","description":"The hassle-free way to integrate analytics into any node application.","keywords":["analytics","segment.io","segmentio","client","driver"],"main":"lib/index.js","browserify":{"transform":["brfs"]},"bin":{"analytics":"bin/analytics"},"dependencies":{"clone":"~0.1.17","commander":"^2.9.0","component-type":"~1.0.0","crypto-token":"^1.0.1","debug":"^2.2.0","join-component":"~1.0.0","lodash":"~2.4.1","superagent":"^1.4.0","superagent-proxy":"^1.0.0","superagent-retry":"^0.5.1"},"devDependencies":{"async":"~0.9.0","brfs":"^1.3.0","browserify":"^8.1.3","express":"~3.4.8","http-proxy":"~1.11.1","mocha":"1.8.1","nsp":"^2.0.2"},"engines":{"node":">= 0.12.x"},"scripts":{"test":"make test"},"license":"MIT","gitHead":"137c82dbcd63aa8e3b062c8efc43a4f91c1bb33f","bugs":{"url":"https://github.com/segmentio/analytics-node/issues"},"homepage":"https://github.com/segmentio/analytics-node#readme","_id":"analytics-node@2.1.0","_shasum":"f2bb60ab450327ecdbc5fbc42cfeaa4a96e3b00a","_from":".","_npmVersion":"2.14.20","_nodeVersion":"4.4.1","_npmUser":{"name":"segment","email":"tools+npm@segment.com"},"dist":{"shasum":"f2bb60ab450327ecdbc5fbc42cfeaa4a96e3b00a","tarball":"https://registry.npmjs.org/analytics-node/-/analytics-node-2.1.0.tgz"},"maintainers":[{"name":"ivolo","email":"ilya@segment.io"},{"name":"segment","email":"tools+npm@segment.com"},{"name":"segmentio","email":"tools@segment.com"}],"_npmOperationalInternal":{"host":"packages-12-west.internal.npmjs.com","tmp":"tmp/analytics-node-2.1.0.tgz_1459490626212_0.030928539810702205"},"directories":{}}},"readme":"\n#analytics-node\n\n[![Build Status](https://api.travis-ci.org/segmentio/analytics-node.svg?branch=master)](https://travis-ci.org/segmentio/analytics-node)\n\nA node.js client for [Segment](https://segment.com) — The hassle-free way to integrate analytics into any application.\n\n## Installation\n\n```bash\n$ npm install --save analytics-node\n```\n\n## Documentation\n\nDocumentation is available at [https://segment.com/libraries/node](https://segment.com/libraries/node).\n\n## License (MIT)\n\n    WWWWWW||WWWWWW\n     W W W||W W W\n          ||\n        ( OO )__________\n         /  |           \\\n        /o o|    MIT     \\\n        \\___/||_||__||_|| *\n             || ||  || ||\n            _||_|| _||_||\n           (__|__|(__|__|\n\nCopyright &copy; 2013 Segment Inc. \\<friends@segment.com\\>\n\nPermission is hereby granted, free of charge, to any person obtaining a copy of this software and associated documentation files (the 'Software'), to deal in the Software without restriction, including without limitation the rights to use, copy, modify, merge, publish, distribute, sublicense, and/or sell copies of the Software, and to permit persons to whom the Software is furnished to do so, subject to the following conditions:\n\nThe above copyright notice and this permission notice shall be included in all copies or substantial portions of the Software.\n\nTHE SOFTWARE IS PROVIDED 'AS IS', WITHOUT WARRANTY OF ANY KIND, EXPRESS OR IMPLIED, INCLUDING BUT NOT LIMITED TO THE WARRANTIES OF MERCHANTABILITY, FITNESS FOR A PARTICULAR PURPOSE AND NONINFRINGEMENT. IN NO EVENT SHALL THE AUTHORS OR COPYRIGHT HOLDERS BE LIABLE FOR ANY CLAIM, DAMAGES OR OTHER LIABILITY, WHETHER IN AN ACTION OF CONTRACT, TORT OR OTHERWISE, ARISING FROM, OUT OF OR IN CONNECTION WITH THE SOFTWARE OR THE USE OR OTHER DEALINGS IN THE SOFTWARE.\n","maintainers":[{"name":"ivolo","email":"ilya@segment.io"},{"name":"segment","email":"tools+npm@segment.com"},{"name":"segmentio","email":"tools@segment.com"}],"time":{"modified":"2016-04-01T06:03:46.702Z","created":"2013-01-10T08:06:45.593Z","0.2.4":"2013-01-10T08:06:46.529Z","0.2.5":"2013-01-10T21:23:38.909Z","0.2.6":"2013-01-10T23:21:49.942Z","0.2.7":"2013-01-12T04:15:51.277Z","0.2.8":"2013-01-12T04:44:34.854Z","0.2.9":"2013-01-17T22:00:37.368Z","0.3.0":"2013-02-19T23:23:40.019Z","0.4.0":"2013-04-02T04:38:12.323Z","0.5.0":"2013-04-24T22:26:28.837Z","0.6.0":"2014-02-20T02:46:26.897Z","1.0.0":"2014-05-18T19:19:38.716Z","1.0.1":"2014-07-14T20:06:53.736Z","1.0.2":"2014-07-23T20:47:07.827Z","1.0.3":"2014-08-06T04:52:55.282Z","1.0.4":"2014-08-14T18:36:55.459Z","1.1.0":"2014-08-22T19:05:40.742Z","1.1.1":"2015-02-03T17:32:04.338Z","1.2.0":"2015-02-18T22:32:55.941Z","1.2.2":"2015-03-19T22:11:07.095Z","2.0.0":"2015-09-21T18:05:46.519Z","2.0.1":"2015-12-11T06:38:26.763Z","2.0.2":"2016-03-03T00:10:47.760Z","2.1.0":"2016-04-01T06:03:46.702Z"},"repository":{"type":"git","url":"git://github.com/segmentio/analytics-node.git"},"readmeFilename":"README.md","homepage":"https://github.com/segmentio/analytics-node#readme","keywords":["analytics","segment.io","segmentio","client","driver"],"bugs":{"url":"https://github.com/segmentio/analytics-node/issues"},"license":"MIT","users":{"neilkrishnan":true,"mrwest808":true},"_attachments":{},"_etag":"\"EG0I9M65XSQQ4M68QXYFXYUBQ\""}