{"_id":"detective","_rev":"68-f624404f8e3b7c7f1336f2eb15b86c0b","name":"detective","description":"find all require() calls by walking the AST","dist-tags":{"latest":"4.3.1"},"versions":{"0.0.0":{"name":"detective","description":"Find all calls to require() no matter how crazily nested using a proper walk of the AST","version":"0.0.0","repository":{"type":"git","url":"git://github.com/substack/node-detective.git"},"main":"index.js","keywords":["require","source","analyze","ast"],"directories":{"lib":".","example":"example","test":"test"},"scripts":{"test":"expresso"},"dependencies":{"burrito":"0.2.x"},"devDependencies":{"expresso":"=0.7.x"},"engines":{"node":">=0.4.0"},"license":"MIT","author":{"name":"James Halliday","email":"mail@substack.net","url":"http://substack.net"},"_id":"detective@0.0.0","_engineSupported":true,"_npmVersion":"1.0.10","_nodeVersion":"v0.5.0-pre","_defaultsLoaded":true,"dist":{"shasum":"ee9734f295d887bfeb35e01fa20cc4058c14be2c","tarball":"https://registry.npmjs.org/detective/-/detective-0.0.0.tgz"}},"0.0.1":{"name":"detective","description":"Find all calls to require() no matter how crazily nested using a proper walk of the AST","version":"0.0.1","repository":{"type":"git","url":"git://github.com/substack/node-detective.git"},"main":"index.js","keywords":["require","source","analyze","ast"],"directories":{"lib":".","example":"example","test":"test"},"scripts":{"test":"expresso"},"dependencies":{"burrito":"0.2.x"},"devDependencies":{"expresso":"=0.7.x"},"engines":{"node":">=0.4.0"},"license":"MIT","author":{"name":"James Halliday","email":"mail@substack.net","url":"http://substack.net"},"_id":"detective@0.0.1","_engineSupported":true,"_npmVersion":"1.0.10","_nodeVersion":"v0.5.0-pre","_defaultsLoaded":true,"dist":{"shasum":"702413d1d9fbb879da942313936879d3a4ace810","tarball":"https://registry.npmjs.org/detective/-/detective-0.0.1.tgz"}},"0.0.2":{"name":"detective","description":"Find all calls to require() no matter how crazily nested using a proper walk of the AST","version":"0.0.2","repository":{"type":"git","url":"git://github.com/substack/node-detective.git"},"main":"index.js","keywords":["require","source","analyze","ast"],"directories":{"lib":".","example":"example","test":"test"},"scripts":{"test":"expresso"},"dependencies":{"burrito":"0.2.x"},"devDependencies":{"expresso":"=0.7.x"},"engines":{"node":">=0.4.0"},"license":"MIT","author":{"name":"James Halliday","email":"mail@substack.net","url":"http://substack.net"},"_id":"detective@0.0.2","_engineSupported":true,"_npmVersion":"1.0.10","_nodeVersion":"v0.5.0-pre","_defaultsLoaded":true,"dist":{"shasum":"b1c16267b4b8aff2076c29a05bcbc1981c117987","tarball":"https://registry.npmjs.org/detective/-/detective-0.0.2.tgz"},"maintainers":[{"name":"substack","email":"mail@substack.net"}]},"0.0.3":{"name":"detective","description":"Find all calls to require() no matter how crazily nested using a proper walk of the AST","version":"0.0.3","repository":{"type":"git","url":"git://github.com/substack/node-detective.git"},"main":"index.js","keywords":["require","source","analyze","ast"],"directories":{"lib":".","example":"example","test":"test"},"scripts":{"test":"expresso"},"dependencies":{"burrito":"0.2.x"},"devDependencies":{"expresso":"=0.7.x"},"engines":{"node":">=0.4.0"},"license":"MIT","author":{"name":"James Halliday","email":"mail@substack.net","url":"http://substack.net"},"_id":"detective@0.0.3","_engineSupported":true,"_npmVersion":"1.0.10","_nodeVersion":"v0.5.0-pre","_defaultsLoaded":true,"dist":{"shasum":"c51e7d02b328676ef801e971019fda3ac78266b0","tarball":"https://registry.npmjs.org/detective/-/detective-0.0.3.tgz"},"maintainers":[{"name":"substack","email":"mail@substack.net"}]},"0.0.4":{"name":"detective","description":"Find all calls to require() no matter how crazily nested using a proper walk of the AST","version":"0.0.4","repository":{"type":"git","url":"git://github.com/substack/node-detective.git"},"main":"index.js","keywords":["require","source","analyze","ast"],"directories":{"lib":".","example":"example","test":"test"},"scripts":{"test":"expresso"},"dependencies":{"burrito":"0.2.x"},"devDependencies":{"expresso":"=0.7.x"},"engines":{"node":">=0.4.0"},"license":"MIT","author":{"name":"James Halliday","email":"mail@substack.net","url":"http://substack.net"},"_npmUser":{"name":"substack","email":"mail@substack.net"},"_id":"detective@0.0.4","_engineSupported":true,"_npmVersion":"1.0.106","_nodeVersion":"v0.4.12","_defaultsLoaded":true,"dist":{"shasum":"fca0be0bbae435ef756aadb14c7837776b851cea","tarball":"https://registry.npmjs.org/detective/-/detective-0.0.4.tgz"},"maintainers":[{"name":"substack","email":"mail@substack.net"}]},"0.1.0":{"name":"detective","description":"Find all calls to require() no matter how crazily nested using a proper walk of the AST","version":"0.1.0","repository":{"type":"git","url":"git://github.com/substack/node-detective.git"},"main":"index.js","keywords":["require","source","analyze","ast"],"directories":{"lib":".","example":"example","test":"test"},"scripts":{"test":"tap test/*.js"},"dependencies":{"uglify-js":"~1.2.5"},"devDependencies":{"tap":"~0.2.3"},"engines":{"node":">=0.4.0"},"license":"MIT","author":{"name":"James Halliday","email":"mail@substack.net","url":"http://substack.net"},"_npmUser":{"name":"substack","email":"mail@substack.net"},"_id":"detective@0.1.0","optionalDependencies":{},"_engineSupported":true,"_npmVersion":"1.1.1","_nodeVersion":"v0.6.11","_defaultsLoaded":true,"dist":{"shasum":"79a8248574d2c44951389a90650cf4ce5e5e6cbf","tarball":"https://registry.npmjs.org/detective/-/detective-0.1.0.tgz"},"maintainers":[{"name":"substack","email":"mail@substack.net"}]},"0.1.1":{"name":"detective","description":"Find all calls to require() no matter how crazily nested using a proper walk of the AST","version":"0.1.1","repository":{"type":"git","url":"git://github.com/substack/node-detective.git"},"main":"index.js","keywords":["require","source","analyze","ast"],"directories":{"lib":".","example":"example","test":"test"},"scripts":{"test":"tap test/*.js"},"dependencies":{"uglify-js":"~1.2.5"},"devDependencies":{"tap":"~0.2.3"},"engines":{"node":">=0.4.0"},"license":"MIT","author":{"name":"James Halliday","email":"mail@substack.net","url":"http://substack.net"},"_npmUser":{"name":"substack","email":"mail@substack.net"},"_id":"detective@0.1.1","optionalDependencies":{},"_engineSupported":true,"_npmVersion":"1.1.1","_nodeVersion":"v0.6.11","_defaultsLoaded":true,"dist":{"shasum":"f1e04fe973754c8907ae51edd3e230e380d76fe9","tarball":"https://registry.npmjs.org/detective/-/detective-0.1.1.tgz"},"maintainers":[{"name":"substack","email":"mail@substack.net"}]},"0.2.0":{"name":"detective","description":"Find all calls to require() no matter how crazily nested using a proper walk of the AST","version":"0.2.0","repository":{"type":"git","url":"git://github.com/substack/node-detective.git"},"main":"index.js","keywords":["require","source","analyze","ast"],"directories":{"lib":".","example":"example","test":"test"},"scripts":{"test":"tap test/*.js"},"dependencies":{"esprima":"~0.9.9"},"devDependencies":{"tap":"~0.2.6"},"engines":{"node":">=0.6.0"},"license":"MIT","author":{"name":"James Halliday","email":"mail@substack.net","url":"http://substack.net"},"_id":"detective@0.2.0","dist":{"shasum":"d46b5eb799ea82e51b8788f1ae37098b63119409","tarball":"https://registry.npmjs.org/detective/-/detective-0.2.0.tgz"},"maintainers":[{"name":"substack","email":"mail@substack.net"}]},"0.2.1":{"name":"detective","description":"Find all calls to require() no matter how crazily nested using a proper walk of the AST","version":"0.2.1","repository":{"type":"git","url":"git://github.com/substack/node-detective.git"},"main":"index.js","keywords":["require","source","analyze","ast"],"directories":{"lib":".","example":"example","test":"test"},"scripts":{"test":"tap test/*.js"},"dependencies":{"esprima":"~0.9.9"},"devDependencies":{"tap":"~0.2.6"},"engines":{"node":">=0.6.0"},"license":"MIT","author":{"name":"James Halliday","email":"mail@substack.net","url":"http://substack.net"},"_id":"detective@0.2.1","dist":{"shasum":"9ce92601fd223810c29432ad034f8c62d8b8654f","tarball":"https://registry.npmjs.org/detective/-/detective-0.2.1.tgz"},"maintainers":[{"name":"substack","email":"mail@substack.net"}]},"1.1.0":{"name":"detective","description":"Find all calls to require() no matter how crazily nested using a proper walk of the AST","version":"1.1.0","repository":{"type":"git","url":"git://github.com/substack/node-detective.git"},"main":"index.js","keywords":["require","source","analyze","ast"],"directories":{"lib":".","example":"example","test":"test"},"scripts":{"test":"tap test/*.js"},"dependencies":{"esprima":"~1.0.2"},"devDependencies":{"tap":"~0.2.6"},"engines":{"node":">=0.6.0"},"license":"MIT","author":{"name":"James Halliday","email":"mail@substack.net","url":"http://substack.net"},"_id":"detective@1.1.0","dist":{"shasum":"bdf3ca6f7e5d7c17b746031f24fc193fba7b51f8","tarball":"https://registry.npmjs.org/detective/-/detective-1.1.0.tgz"},"_from":".","_npmVersion":"1.2.2","_npmUser":{"name":"substack","email":"mail@substack.net"},"maintainers":[{"name":"substack","email":"mail@substack.net"}]},"2.0.0":{"name":"detective","description":"Find all calls to require() no matter how crazily nested using a proper walk of the AST","version":"2.0.0","repository":{"type":"git","url":"git://github.com/substack/node-detective.git"},"main":"index.js","keywords":["require","source","analyze","ast"],"scripts":{"test":"tap test/*.js"},"dependencies":{"esprima":"1.0.2","escodegen":"0.0.15"},"devDependencies":{"tap":"~0.4.0"},"license":"MIT","author":{"name":"James Halliday","email":"mail@substack.net","url":"http://substack.net"},"_id":"detective@2.0.0","dist":{"shasum":"5a47720e6ad59b763abb960be90e9e74a09d3cf9","tarball":"https://registry.npmjs.org/detective/-/detective-2.0.0.tgz"},"_from":".","_npmVersion":"1.2.2","_npmUser":{"name":"substack","email":"mail@substack.net"},"maintainers":[{"name":"substack","email":"mail@substack.net"}],"directories":{}},"2.1.0":{"name":"detective","description":"Find all calls to require() no matter how crazily nested using a proper walk of the AST","version":"2.1.0","repository":{"type":"git","url":"git://github.com/substack/node-detective.git"},"main":"index.js","keywords":["require","source","analyze","ast"],"scripts":{"test":"tap test/*.js"},"dependencies":{"esprima":"1.0.2","escodegen":"0.0.15"},"devDependencies":{"tap":"~0.4.0"},"license":"MIT","author":{"name":"James Halliday","email":"mail@substack.net","url":"http://substack.net"},"_id":"detective@2.1.0","dist":{"shasum":"d92c8bc4fdc4f887abcf8347edca38093842a028","tarball":"https://registry.npmjs.org/detective/-/detective-2.1.0.tgz"},"_from":".","_npmVersion":"1.2.2","_npmUser":{"name":"substack","email":"mail@substack.net"},"maintainers":[{"name":"substack","email":"mail@substack.net"}],"directories":{}},"2.1.1":{"name":"detective","description":"find all require() calls by walking the AST","version":"2.1.1","repository":{"type":"git","url":"git://github.com/substack/node-detective.git"},"main":"index.js","keywords":["require","source","analyze","ast"],"scripts":{"test":"tap test/*.js"},"dependencies":{"esprima":"1.0.2","escodegen":"0.0.15"},"devDependencies":{"tap":"~0.4.0"},"license":"MIT","author":{"name":"James Halliday","email":"mail@substack.net","url":"http://substack.net"},"_id":"detective@2.1.1","dist":{"shasum":"4f2e4407bc49280e5a1bc546586c786db88887d5","tarball":"https://registry.npmjs.org/detective/-/detective-2.1.1.tgz"},"_from":".","_npmVersion":"1.2.2","_npmUser":{"name":"substack","email":"mail@substack.net"},"maintainers":[{"name":"substack","email":"mail@substack.net"}],"directories":{}},"2.1.2":{"name":"detective","description":"find all require() calls by walking the AST","version":"2.1.2","repository":{"type":"git","url":"git://github.com/substack/node-detective.git"},"main":"index.js","keywords":["require","source","analyze","ast"],"scripts":{"test":"tap test/*.js"},"dependencies":{"esprima":"1.0.2","escodegen":"0.0.15"},"devDependencies":{"tap":"~0.4.0"},"license":"MIT","author":{"name":"James Halliday","email":"mail@substack.net","url":"http://substack.net"},"_id":"detective@2.1.2","dist":{"shasum":"d22ad9f18c82efb3f55fee2e244883da6bbb8e37","tarball":"https://registry.npmjs.org/detective/-/detective-2.1.2.tgz"},"_from":".","_npmVersion":"1.2.2","_npmUser":{"name":"substack","email":"mail@substack.net"},"maintainers":[{"name":"substack","email":"mail@substack.net"}],"directories":{}},"2.2.0":{"name":"detective","description":"find all require() calls by walking the AST","version":"2.2.0","repository":{"type":"git","url":"git://github.com/substack/node-detective.git"},"main":"index.js","keywords":["require","source","analyze","ast"],"scripts":{"test":"tap test/*.js"},"dependencies":{"esprima":"1.0.2","escodegen":"0.0.15"},"devDependencies":{"tap":"~0.4.0"},"license":"MIT","author":{"name":"James Halliday","email":"mail@substack.net","url":"http://substack.net"},"bugs":{"url":"https://github.com/substack/node-detective/issues"},"_id":"detective@2.2.0","dist":{"shasum":"f18d277271ddff287d39070c7dea96e07dae64be","tarball":"https://registry.npmjs.org/detective/-/detective-2.2.0.tgz"},"_from":".","_npmVersion":"1.3.7","_npmUser":{"name":"substack","email":"mail@substack.net"},"maintainers":[{"name":"substack","email":"mail@substack.net"}],"directories":{}},"2.3.0":{"name":"detective","description":"find all require() calls by walking the AST","version":"2.3.0","repository":{"type":"git","url":"git://github.com/substack/node-detective.git"},"main":"index.js","keywords":["require","source","analyze","ast"],"scripts":{"test":"tap test/*.js"},"dependencies":{"esprima":"1.0.2","escodegen":"0.0.15"},"devDependencies":{"tap":"~0.4.0"},"license":"MIT","author":{"name":"James Halliday","email":"mail@substack.net","url":"http://substack.net"},"bugs":{"url":"https://github.com/substack/node-detective/issues"},"homepage":"https://github.com/substack/node-detective","_id":"detective@2.3.0","dist":{"shasum":"21e7d2ca80f1af9291b8ffe4ca09b1a9dbdb5ae3","tarball":"https://registry.npmjs.org/detective/-/detective-2.3.0.tgz"},"_from":".","_npmVersion":"1.3.21","_npmUser":{"name":"substack","email":"mail@substack.net"},"maintainers":[{"name":"substack","email":"mail@substack.net"}],"directories":{}},"2.4.0":{"name":"detective","description":"find all require() calls by walking the AST","version":"2.4.0","repository":{"type":"git","url":"git://github.com/substack/node-detective.git"},"main":"index.js","keywords":["require","source","analyze","ast"],"scripts":{"test":"tap test/*.js"},"dependencies":{"escodegen":"0.0.15","esprima-six":"0.0.3"},"devDependencies":{"tap":"~0.4.0"},"license":"MIT","author":{"name":"James Halliday","email":"mail@substack.net","url":"http://substack.net"},"bugs":{"url":"https://github.com/substack/node-detective/issues"},"homepage":"https://github.com/substack/node-detective","_id":"detective@2.4.0","dist":{"shasum":"28eb67756051963d34fb8e2eb39322a115451a75","tarball":"https://registry.npmjs.org/detective/-/detective-2.4.0.tgz"},"_from":".","_npmVersion":"1.3.21","_npmUser":{"name":"substack","email":"mail@substack.net"},"maintainers":[{"name":"substack","email":"mail@substack.net"}],"directories":{}},"2.4.1":{"name":"detective","description":"find all require() calls by walking the AST","version":"2.4.1","repository":{"type":"git","url":"git://github.com/substack/node-detective.git"},"main":"index.js","keywords":["require","source","analyze","ast"],"scripts":{"test":"tap test/*.js"},"dependencies":{"escodegen":"~1.1.0","esprima-six":"0.0.3"},"devDependencies":{"tap":"~0.4.0"},"license":"MIT","author":{"name":"James Halliday","email":"mail@substack.net","url":"http://substack.net"},"bugs":{"url":"https://github.com/substack/node-detective/issues"},"homepage":"https://github.com/substack/node-detective","_id":"detective@2.4.1","dist":{"shasum":"943b8eec4c346f6ac501de25da2ea1a57ed77819","tarball":"https://registry.npmjs.org/detective/-/detective-2.4.1.tgz"},"_from":".","_npmVersion":"1.4.3","_npmUser":{"name":"substack","email":"mail@substack.net"},"maintainers":[{"name":"substack","email":"mail@substack.net"}],"directories":{}},"3.0.0":{"name":"detective","description":"find all require() calls by walking the AST","version":"3.0.0","repository":{"type":"git","url":"git://github.com/substack/node-detective.git"},"main":"index.js","keywords":["require","source","analyze","ast"],"scripts":{"test":"tap test/*.js"},"dependencies":{"escodegen":"~1.1.0","esprima":"~1.0.4"},"devDependencies":{"tap":"~0.4.0"},"license":"MIT","author":{"name":"James Halliday","email":"mail@substack.net","url":"http://substack.net"},"bugs":{"url":"https://github.com/substack/node-detective/issues"},"homepage":"https://github.com/substack/node-detective","_id":"detective@3.0.0","dist":{"shasum":"e4bce70624ed12200fad0aef0166a901db0eb3b0","tarball":"https://registry.npmjs.org/detective/-/detective-3.0.0.tgz"},"_from":".","_npmVersion":"1.4.4","_npmUser":{"name":"substack","email":"mail@substack.net"},"maintainers":[{"name":"substack","email":"mail@substack.net"}],"directories":{}},"3.1.0":{"name":"detective","description":"find all require() calls by walking the AST","version":"3.1.0","repository":{"type":"git","url":"git://github.com/substack/node-detective.git"},"main":"index.js","keywords":["require","source","analyze","ast"],"scripts":{"test":"tap test/*.js"},"dependencies":{"escodegen":"~1.1.0","esprima-fb":"3001.1.0-dev-harmony-fb"},"devDependencies":{"tap":"~0.4.0"},"license":"MIT","author":{"name":"James Halliday","email":"mail@substack.net","url":"http://substack.net"},"bugs":{"url":"https://github.com/substack/node-detective/issues"},"homepage":"https://github.com/substack/node-detective","_id":"detective@3.1.0","dist":{"shasum":"77782444ab752b88ca1be2e9d0a0395f1da25eed","tarball":"https://registry.npmjs.org/detective/-/detective-3.1.0.tgz"},"_from":".","_npmVersion":"1.4.4","_npmUser":{"name":"substack","email":"mail@substack.net"},"maintainers":[{"name":"substack","email":"mail@substack.net"}],"directories":{}},"4.0.0":{"name":"detective","description":"find all require() calls by walking the AST","version":"4.0.0","repository":{"type":"git","url":"git://github.com/substack/node-detective.git"},"main":"index.js","keywords":["require","source","analyze","ast"],"scripts":{"test":"tap test/*.js"},"dependencies":{"acorn":"~0.9.0","defined":"0.0.0","escodegen":"^1.4.1"},"devDependencies":{"tap":"~0.4.0"},"license":"MIT","author":{"name":"James Halliday","email":"mail@substack.net","url":"http://substack.net"},"gitHead":"80124f1228354d378d7b0979c584b11fc0c273b8","bugs":{"url":"https://github.com/substack/node-detective/issues"},"homepage":"https://github.com/substack/node-detective","_id":"detective@4.0.0","_shasum":"9ffdb5555ddb1571fdbdc6f4ceac08e5e4cf8467","_from":".","_npmVersion":"2.1.3","_nodeVersion":"0.10.31","_npmUser":{"name":"substack","email":"mail@substack.net"},"maintainers":[{"name":"substack","email":"mail@substack.net"}],"dist":{"shasum":"9ffdb5555ddb1571fdbdc6f4ceac08e5e4cf8467","tarball":"https://registry.npmjs.org/detective/-/detective-4.0.0.tgz"},"directories":{}},"4.0.1":{"name":"detective","description":"find all require() calls by walking the AST","version":"4.0.1","repository":{"type":"git","url":"git://github.com/substack/node-detective.git"},"main":"index.js","keywords":["require","source","analyze","ast"],"scripts":{"test":"tap test/*.js"},"dependencies":{"acorn":"^1.0.3","defined":"0.0.0","escodegen":"^1.4.1"},"devDependencies":{"tap":"~0.4.0"},"license":"MIT","author":{"name":"James Halliday","email":"mail@substack.net","url":"http://substack.net"},"gitHead":"00851b64d0a2b97891406aa306cdddd09c0d16f6","bugs":{"url":"https://github.com/substack/node-detective/issues"},"homepage":"https://github.com/substack/node-detective","_id":"detective@4.0.1","_shasum":"5cd79d9b333ca178528b4cc85d0d99f95e36af59","_from":".","_npmVersion":"2.7.5","_nodeVersion":"1.6.3","_npmUser":{"name":"substack","email":"substack@gmail.com"},"dist":{"shasum":"5cd79d9b333ca178528b4cc85d0d99f95e36af59","tarball":"https://registry.npmjs.org/detective/-/detective-4.0.1.tgz"},"maintainers":[{"name":"substack","email":"mail@substack.net"}],"directories":{}},"4.0.2":{"name":"detective","description":"find all require() calls by walking the AST","version":"4.0.2","repository":{"type":"git","url":"git://github.com/substack/node-detective.git"},"main":"index.js","keywords":["require","source","analyze","ast"],"scripts":{"test":"tap test/*.js"},"dependencies":{"acorn":"^1.0.3","defined":"0.0.0","escodegen":"^1.4.1"},"devDependencies":{"tap":"~0.4.0"},"license":"MIT","author":{"name":"James Halliday","email":"mail@substack.net","url":"http://substack.net"},"gitHead":"75946ee23cb7abb974a2053235ecb2663b879c07","bugs":{"url":"https://github.com/substack/node-detective/issues"},"homepage":"https://github.com/substack/node-detective#readme","_id":"detective@4.0.2","_shasum":"eca2990cf7c603272b75d0bf6430149b45180da5","_from":".","_npmVersion":"2.9.0","_nodeVersion":"2.0.0","_npmUser":{"name":"substack","email":"substack@gmail.com"},"dist":{"shasum":"eca2990cf7c603272b75d0bf6430149b45180da5","tarball":"https://registry.npmjs.org/detective/-/detective-4.0.2.tgz"},"maintainers":[{"name":"substack","email":"substack@gmail.com"},{"name":"zertosh","email":"zertosh@gmail.com"}],"directories":{}},"4.0.3":{"name":"detective","description":"find all require() calls by walking the AST","version":"4.0.3","repository":{"type":"git","url":"git://github.com/substack/node-detective.git"},"main":"index.js","keywords":["require","source","analyze","ast"],"scripts":{"test":"tap test/*.js"},"dependencies":{"acorn":"^1.0.3","defined":"^1.0.0","escodegen":"^1.4.1"},"devDependencies":{"tap":"^1.0.0"},"license":"MIT","author":{"name":"James Halliday","email":"mail@substack.net","url":"http://substack.net"},"gitHead":"3888d8b92fe529df32be76c41632d14a0c388400","bugs":{"url":"https://github.com/substack/node-detective/issues"},"homepage":"https://github.com/substack/node-detective#readme","_id":"detective@4.0.3","_shasum":"6b6289ed545fec2bac52be30006eb79694a312d2","_from":".","_npmVersion":"2.10.1","_nodeVersion":"0.10.38","_npmUser":{"name":"zertosh","email":"zertosh@gmail.com"},"maintainers":[{"name":"substack","email":"substack@gmail.com"},{"name":"zertosh","email":"zertosh@gmail.com"}],"dist":{"shasum":"6b6289ed545fec2bac52be30006eb79694a312d2","tarball":"https://registry.npmjs.org/detective/-/detective-4.0.3.tgz"},"directories":{}},"4.1.0":{"name":"detective","description":"find all require() calls by walking the AST","version":"4.1.0","repository":{"type":"git","url":"git://github.com/substack/node-detective.git"},"main":"index.js","keywords":["require","source","analyze","ast"],"scripts":{"test":"tap test/*.js"},"dependencies":{"acorn":"^1.0.3","defined":"^1.0.0","escodegen":"^1.4.1"},"devDependencies":{"tap":"^1.0.0"},"license":"MIT","author":{"name":"James Halliday","email":"mail@substack.net","url":"http://substack.net"},"gitHead":"a220299ec75d99302ccca3647c928932a7b18fc1","bugs":{"url":"https://github.com/substack/node-detective/issues"},"homepage":"https://github.com/substack/node-detective#readme","_id":"detective@4.1.0","_shasum":"7e8c5189bfb429bf392041e94ebe0599382aecac","_from":".","_npmVersion":"2.10.1","_nodeVersion":"0.10.38","_npmUser":{"name":"zertosh","email":"zertosh@gmail.com"},"maintainers":[{"name":"substack","email":"substack@gmail.com"},{"name":"zertosh","email":"zertosh@gmail.com"}],"dist":{"shasum":"7e8c5189bfb429bf392041e94ebe0599382aecac","tarball":"https://registry.npmjs.org/detective/-/detective-4.1.0.tgz"},"directories":{}},"4.1.1":{"name":"detective","description":"find all require() calls by walking the AST","version":"4.1.1","repository":{"type":"git","url":"git://github.com/substack/node-detective.git"},"main":"index.js","keywords":["require","source","analyze","ast"],"scripts":{"test":"tap test/*.js"},"dependencies":{"acorn":"^1.0.3","defined":"^1.0.0","escodegen":"^1.4.1"},"devDependencies":{"tap":"^1.0.0"},"license":"MIT","author":{"name":"James Halliday","email":"mail@substack.net","url":"http://substack.net"},"gitHead":"3f03dd4cf14e6d91a0eb9e322663065939fa73fe","bugs":{"url":"https://github.com/substack/node-detective/issues"},"homepage":"https://github.com/substack/node-detective#readme","_id":"detective@4.1.1","_shasum":"9c4bac1e9fb8bb34f7f18cae080ea1d03aff2cda","_from":".","_npmVersion":"2.11.0","_nodeVersion":"2.2.1","_npmUser":{"name":"zertosh","email":"zertosh@gmail.com"},"maintainers":[{"name":"substack","email":"substack@gmail.com"},{"name":"zertosh","email":"zertosh@gmail.com"}],"dist":{"shasum":"9c4bac1e9fb8bb34f7f18cae080ea1d03aff2cda","tarball":"https://registry.npmjs.org/detective/-/detective-4.1.1.tgz"},"directories":{}},"4.2.0":{"name":"detective","description":"find all require() calls by walking the AST","version":"4.2.0","repository":{"type":"git","url":"git://github.com/substack/node-detective.git"},"main":"index.js","keywords":["require","source","analyze","ast"],"scripts":{"test":"tap test/*.js"},"dependencies":{"acorn":"^1.0.3","defined":"^1.0.0","escodegen":"^1.4.1"},"devDependencies":{"tap":"^1.0.0"},"license":"MIT","author":{"name":"James Halliday","email":"mail@substack.net","url":"http://substack.net"},"gitHead":"c8e5be71ab28764ba306fa4e29702b37e4c924f9","bugs":{"url":"https://github.com/substack/node-detective/issues"},"homepage":"https://github.com/substack/node-detective#readme","_id":"detective@4.2.0","_shasum":"1617d85a5a526c0e6ed6e460b9daee84f72ce9b4","_from":".","_npmVersion":"2.13.2","_nodeVersion":"2.5.0","_npmUser":{"name":"zertosh","email":"zertosh@gmail.com"},"maintainers":[{"name":"substack","email":"substack@gmail.com"},{"name":"zertosh","email":"zertosh@gmail.com"}],"dist":{"shasum":"1617d85a5a526c0e6ed6e460b9daee84f72ce9b4","tarball":"https://registry.npmjs.org/detective/-/detective-4.2.0.tgz"},"directories":{}},"4.3.0":{"name":"detective","description":"find all require() calls by walking the AST","version":"4.3.0","repository":{"type":"git","url":"git://github.com/substack/node-detective.git"},"main":"index.js","keywords":["require","source","analyze","ast"],"scripts":{"test":"tap test/*.js"},"dependencies":{"acorn":"^1.0.3","defined":"^1.0.0"},"devDependencies":{"tap":"^1.0.0"},"license":"MIT","author":{"name":"James Halliday","email":"mail@substack.net","url":"http://substack.net"},"gitHead":"bc632274e168839f8c2fadeb1f03532f362e0d00","bugs":{"url":"https://github.com/substack/node-detective/issues"},"homepage":"https://github.com/substack/node-detective#readme","_id":"detective@4.3.0","_shasum":"100413a34bb09e13785b08b56341b29ed949c734","_from":".","_npmVersion":"2.14.4","_nodeVersion":"4.1.2","_npmUser":{"name":"zertosh","email":"zertosh@gmail.com"},"maintainers":[{"name":"substack","email":"substack@gmail.com"},{"name":"zertosh","email":"zertosh@gmail.com"}],"dist":{"shasum":"100413a34bb09e13785b08b56341b29ed949c734","tarball":"https://registry.npmjs.org/detective/-/detective-4.3.0.tgz"},"directories":{}},"4.3.1":{"name":"detective","description":"find all require() calls by walking the AST","version":"4.3.1","repository":{"type":"git","url":"git://github.com/substack/node-detective.git"},"main":"index.js","keywords":["require","source","analyze","ast"],"scripts":{"test":"tap test/*.js"},"dependencies":{"acorn":"^1.0.3","defined":"^1.0.0"},"devDependencies":{"tap":"^1.0.0"},"license":"MIT","author":{"name":"James Halliday","email":"mail@substack.net","url":"http://substack.net"},"gitHead":"aa1700035cabe9c5ec7cdbab5be79f8fdb9e20be","bugs":{"url":"https://github.com/substack/node-detective/issues"},"homepage":"https://github.com/substack/node-detective#readme","_id":"detective@4.3.1","_shasum":"9fb06dd1ee8f0ea4dbcc607cda39d9ce1d4f726f","_from":".","_npmVersion":"2.14.4","_nodeVersion":"4.1.2","_npmUser":{"name":"zertosh","email":"zertosh@gmail.com"},"maintainers":[{"name":"substack","email":"substack@gmail.com"},{"name":"zertosh","email":"zertosh@gmail.com"}],"dist":{"shasum":"9fb06dd1ee8f0ea4dbcc607cda39d9ce1d4f726f","tarball":"https://registry.npmjs.org/detective/-/detective-4.3.1.tgz"},"directories":{}}},"maintainers":[{"name":"substack","email":"substack@gmail.com"},{"name":"zertosh","email":"zertosh@gmail.com"}],"time":{"modified":"2015-11-01T07:17:07.967Z","created":"2011-06-18T01:14:25.709Z","0.0.0":"2011-06-18T01:14:26.407Z","0.0.1":"2011-06-20T01:22:33.001Z","0.0.2":"2011-08-03T22:37:08.300Z","0.0.3":"2011-09-10T05:26:03.694Z","0.0.4":"2011-11-26T02:55:57.478Z","0.1.0":"2012-03-05T22:32:39.946Z","0.1.1":"2012-04-30T07:12:52.972Z","0.2.0":"2012-07-30T14:40:45.012Z","0.2.1":"2012-08-21T20:17:46.953Z","1.1.0":"2013-02-25T00:30:43.609Z","2.0.0":"2013-03-02T01:16:15.918Z","2.1.0":"2013-03-31T02:28:03.727Z","2.1.1":"2013-04-17T20:26:25.430Z","2.1.2":"2013-05-21T23:40:05.291Z","2.2.0":"2013-09-14T18:39:14.513Z","2.3.0":"2014-01-20T18:46:42.035Z","2.4.0":"2014-02-01T05:29:12.283Z","2.4.1":"2014-02-28T08:59:31.676Z","3.0.0":"2014-03-05T01:30:47.039Z","3.1.0":"2014-03-18T22:54:10.326Z","4.0.0":"2014-11-19T11:44:22.828Z","4.0.1":"2015-04-25T20:20:29.417Z","4.0.2":"2015-05-07T17:36:14.049Z","4.0.3":"2015-05-25T00:07:23.183Z","4.1.0":"2015-05-25T03:32:56.156Z","4.1.1":"2015-07-01T12:37:47.649Z","4.2.0":"2015-08-20T05:27:02.720Z","4.3.0":"2015-11-01T06:54:08.099Z","4.3.1":"2015-11-01T07:17:07.967Z"},"author":{"name":"James Halliday","email":"mail@substack.net","url":"http://substack.net"},"repository":{"type":"git","url":"git://github.com/substack/node-detective.git"},"users":{"fgribreau":true,"pid":true,"stdarg":true,"wenbing":true,"itonyyo":true,"moimikey":true,"program247365":true,"minwe":true,"monjer":true,"developit":true,"chocolateboy":true,"angryunicorn":true,"vieron":true},"readme":"# detective\n\nfind all calls to `require()` by walking the AST\n\n[![build status](https://secure.travis-ci.org/substack/node-detective.png)](http://travis-ci.org/substack/node-detective)\n\n# example\n\n## strings\n\nstrings_src.js:\n\n``` js\nvar a = require('a');\nvar b = require('b');\nvar c = require('c');\n```\n\nstrings.js:\n\n``` js\nvar detective = require('detective');\nvar fs = require('fs');\n\nvar src = fs.readFileSync(__dirname + '/strings_src.js');\nvar requires = detective(src);\nconsole.dir(requires);\n```\n\noutput:\n\n```\n$ node examples/strings.js\n[ 'a', 'b', 'c' ]\n```\n\n# methods\n\n``` js\nvar detective = require('detective');\n```\n\n## detective(src, opts)\n\nGive some source body `src`, return an array of all the `require()` calls with\nstring arguments.\n\nThe options parameter `opts` is passed along to `detective.find()`.\n\n## var found = detective.find(src, opts)\n\nGive some source body `src`, return `found` with:\n\n* `found.strings` - an array of each string found in a `require()`\n* `found.expressions` - an array of each stringified expression found in a\n`require()` call\n* `found.nodes` (when `opts.nodes === true`) - an array of AST nodes for each\nargument found in a `require()` call\n\nOptionally:\n\n* `opts.word` - specify a different function name instead of `\"require\"`\n* `opts.nodes` - when `true`, populate `found.nodes`\n* `opts.isRequire(node)` - a function returning whether an AST `CallExpression`\nnode is a require call\n* `opts.parse` - supply options directly to\n[acorn](https://npmjs.org/package/acorn) with some support for esprima-style\noptions `range` and `loc`\n\n# install\n\nWith [npm](https://npmjs.org) do:\n\n```\nnpm install detective\n```\n\n# license\n\nMIT\n","readmeFilename":"readme.markdown","homepage":"https://github.com/substack/node-detective#readme","keywords":["require","source","analyze","ast"],"bugs":{"url":"https://github.com/substack/node-detective/issues"},"license":"MIT","_attachments":{},"_etag":"\"7AG60I6SAR4366PDURBMPC104\""}