{"_id":"decamelize","_rev":"9-8c42085f55af6b435f0e1c2af4a79de7","name":"decamelize","description":"Convert a camelized string into a lowercased one with a custom separator: unicornRainbow → unicorn_rainbow","dist-tags":{"latest":"1.2.0"},"versions":{"1.0.0":{"name":"decamelize","version":"1.0.0","description":"Convert a camelized string into a lowercased one with a custom separator: unicornRainbow → unicorn_rainbow","license":"MIT","repository":{"type":"git","url":"https://github.com/sindresorhus/decamelize"},"author":{"name":"Sindre Sorhus","email":"sindresorhus@gmail.com","url":"sindresorhus.com"},"engines":{"node":">=0.10.0"},"scripts":{"test":"node test.js"},"files":["index.js"],"keywords":["decamelize","decamelcase","camelcase","lowercase","case","dash","hyphen","string","str","text","convert"],"devDependencies":{"ava":"0.0.4"},"gitHead":"ab6c92c9a5fc00c270d8a3763e73c52972a7457e","bugs":{"url":"https://github.com/sindresorhus/decamelize/issues"},"homepage":"https://github.com/sindresorhus/decamelize","_id":"decamelize@1.0.0","_shasum":"5287122f71691d4505b18ff2258dc400a5b23847","_from":".","_npmVersion":"1.4.28","_npmUser":{"name":"sindresorhus","email":"sindresorhus@gmail.com"},"maintainers":[{"name":"sindresorhus","email":"sindresorhus@gmail.com"}],"dist":{"shasum":"5287122f71691d4505b18ff2258dc400a5b23847","tarball":"https://registry.npmjs.org/decamelize/-/decamelize-1.0.0.tgz"},"directories":{}},"1.1.0":{"name":"decamelize","version":"1.1.0","description":"Convert a camelized string into a lowercased one with a custom separator: unicornRainbow → unicorn_rainbow","license":"MIT","repository":{"type":"git","url":"https://github.com/sindresorhus/decamelize"},"author":{"name":"Sindre Sorhus","email":"sindresorhus@gmail.com","url":"sindresorhus.com"},"engines":{"node":">=0.10.0"},"scripts":{"test":"node test.js"},"files":["index.js"],"keywords":["decamelize","decamelcase","camelcase","lowercase","case","dash","hyphen","string","str","text","convert"],"devDependencies":{"ava":"0.0.4"},"gitHead":"6591b158d318dcf013126acab6c21c50a42376c0","bugs":{"url":"https://github.com/sindresorhus/decamelize/issues"},"homepage":"https://github.com/sindresorhus/decamelize","_id":"decamelize@1.1.0","_shasum":"fe90c002a0acec1435120ce83a6945641018d0c8","_from":".","_npmVersion":"2.14.7","_nodeVersion":"4.2.1","_npmUser":{"name":"sindresorhus","email":"sindresorhus@gmail.com"},"dist":{"shasum":"fe90c002a0acec1435120ce83a6945641018d0c8","tarball":"https://registry.npmjs.org/decamelize/-/decamelize-1.1.0.tgz"},"maintainers":[{"name":"sindresorhus","email":"sindresorhus@gmail.com"}],"directories":{}},"1.1.1":{"name":"decamelize","version":"1.1.1","description":"Convert a camelized string into a lowercased one with a custom separator: unicornRainbow → unicorn_rainbow","license":"MIT","repository":{"type":"git","url":"https://github.com/sindresorhus/decamelize"},"author":{"name":"Sindre Sorhus","email":"sindresorhus@gmail.com","url":"sindresorhus.com"},"engines":{"node":">=0.10.0"},"scripts":{"test":"node test.js"},"files":["index.js"],"keywords":["decamelize","decamelcase","camelcase","lowercase","case","dash","hyphen","string","str","text","convert"],"devDependencies":{"ava":"0.0.4"},"gitHead":"5d3135f6bb949215500b63bbc5e344566bd269f1","bugs":{"url":"https://github.com/sindresorhus/decamelize/issues"},"homepage":"https://github.com/sindresorhus/decamelize","_id":"decamelize@1.1.1","_shasum":"8871479a6c0487f5653d48a992f1d0381ca6f031","_from":".","_npmVersion":"2.14.7","_nodeVersion":"4.2.1","_npmUser":{"name":"sindresorhus","email":"sindresorhus@gmail.com"},"dist":{"shasum":"8871479a6c0487f5653d48a992f1d0381ca6f031","tarball":"https://registry.npmjs.org/decamelize/-/decamelize-1.1.1.tgz"},"maintainers":[{"name":"sindresorhus","email":"sindresorhus@gmail.com"}],"directories":{}},"1.1.2":{"name":"decamelize","version":"1.1.2","description":"Convert a camelized string into a lowercased one with a custom separator: unicornRainbow → unicorn_rainbow","license":"MIT","repository":{"type":"git","url":"https://github.com/sindresorhus/decamelize"},"author":{"name":"Sindre Sorhus","email":"sindresorhus@gmail.com","url":"sindresorhus.com"},"engines":{"node":">=0.10.0"},"scripts":{"test":"xo && ava"},"files":["index.js"],"keywords":["decamelize","decamelcase","camelcase","lowercase","case","dash","hyphen","string","str","text","convert"],"dependencies":{"escape-string-regexp":"^1.0.4"},"devDependencies":{"ava":"*","xo":"*"},"gitHead":"82c87d3382126375ab0c3b7f5438bfd5eccb18c3","bugs":{"url":"https://github.com/sindresorhus/decamelize/issues"},"homepage":"https://github.com/sindresorhus/decamelize","_id":"decamelize@1.1.2","_shasum":"dcc93727be209632e98b02718ef4cb79602322f2","_from":".","_npmVersion":"2.14.7","_nodeVersion":"4.2.1","_npmUser":{"name":"sindresorhus","email":"sindresorhus@gmail.com"},"dist":{"shasum":"dcc93727be209632e98b02718ef4cb79602322f2","tarball":"https://registry.npmjs.org/decamelize/-/decamelize-1.1.2.tgz"},"maintainers":[{"name":"sindresorhus","email":"sindresorhus@gmail.com"}],"directories":{}},"1.2.0":{"name":"decamelize","version":"1.2.0","description":"Convert a camelized string into a lowercased one with a custom separator: unicornRainbow → unicorn_rainbow","license":"MIT","repository":{"type":"git","url":"git+https://github.com/sindresorhus/decamelize.git"},"author":{"name":"Sindre Sorhus","email":"sindresorhus@gmail.com","url":"sindresorhus.com"},"engines":{"node":">=0.10.0"},"scripts":{"test":"xo && ava"},"files":["index.js"],"keywords":["decamelize","decamelcase","camelcase","lowercase","case","dash","hyphen","string","str","text","convert"],"devDependencies":{"ava":"*","xo":"*"},"gitHead":"95980ab6fb44c40eaca7792bdf93aff7c210c805","bugs":{"url":"https://github.com/sindresorhus/decamelize/issues"},"homepage":"https://github.com/sindresorhus/decamelize#readme","_id":"decamelize@1.2.0","_shasum":"f6534d15148269b20352e7bee26f501f9a191290","_from":".","_npmVersion":"3.8.0","_nodeVersion":"4.3.0","_npmUser":{"name":"sindresorhus","email":"sindresorhus@gmail.com"},"dist":{"shasum":"f6534d15148269b20352e7bee26f501f9a191290","tarball":"https://registry.npmjs.org/decamelize/-/decamelize-1.2.0.tgz"},"maintainers":[{"name":"sindresorhus","email":"sindresorhus@gmail.com"}],"_npmOperationalInternal":{"host":"packages-12-west.internal.npmjs.com","tmp":"tmp/decamelize-1.2.0.tgz_1457167749082_0.9810893186368048"},"directories":{}}},"readme":"# decamelize [![Build Status](https://travis-ci.org/sindresorhus/decamelize.svg?branch=master)](https://travis-ci.org/sindresorhus/decamelize)\n\n> Convert a camelized string into a lowercased one with a custom separator<br>\n> Example: `unicornRainbow` → `unicorn_rainbow`\n\n\n## Install\n\n```\n$ npm install --save decamelize\n```\n\n\n## Usage\n\n```js\nconst decamelize = require('decamelize');\n\ndecamelize('unicornRainbow');\n//=> 'unicorn_rainbow'\n\ndecamelize('unicornRainbow', '-');\n//=> 'unicorn-rainbow'\n```\n\n\n## API\n\n### decamelize(input, [separator])\n\n#### input\n\nType: `string`\n\n#### separator\n\nType: `string`<br>\nDefault: `_`\n\n\n## Related\n\nSee [`camelcase`](https://github.com/sindresorhus/camelcase) for the inverse.\n\n\n## License\n\nMIT © [Sindre Sorhus](https://sindresorhus.com)\n","maintainers":[{"name":"sindresorhus","email":"sindresorhus@gmail.com"}],"time":{"modified":"2016-03-05T08:49:10.462Z","created":"2015-01-24T11:12:51.863Z","1.0.0":"2015-01-24T11:12:51.863Z","1.1.0":"2015-10-25T19:24:49.953Z","1.1.1":"2015-10-29T16:21:25.393Z","1.1.2":"2015-12-23T01:05:36.047Z","1.2.0":"2016-03-05T08:49:10.462Z"},"homepage":"https://github.com/sindresorhus/decamelize#readme","keywords":["decamelize","decamelcase","camelcase","lowercase","case","dash","hyphen","string","str","text","convert"],"repository":{"type":"git","url":"git+https://github.com/sindresorhus/decamelize.git"},"author":{"name":"Sindre Sorhus","email":"sindresorhus@gmail.com","url":"sindresorhus.com"},"bugs":{"url":"https://github.com/sindresorhus/decamelize/issues"},"license":"MIT","readmeFilename":"readme.md","users":{"bret":true,"galenandrew":true,"xiechao06":true},"_attachments":{},"_etag":"\"AAT63TCUW5VNB1WJ81O63MUR0\""}