{"_id":"snake-case","_rev":"21-d76f26e8d44173575af651742aafe077","name":"snake-case","description":"Snake case a string","dist-tags":{"latest":"1.1.2"},"versions":{"0.0.1":{"name":"snake-case","version":"0.0.1","description":"Snake case a string","main":"snake-case.js","scripts":{"test":"istanbul cover _mocha -- -R spec"},"repository":{"type":"git","url":"git://github.com/blakeembrey/snake-case.git"},"keywords":["snake","case","underscore"],"author":{"name":"Blake Embrey"},"license":"MIT","bugs":{"url":"https://github.com/blakeembrey/snake-case/issues"},"homepage":"https://github.com/blakeembrey/snake-case","devDependencies":{"istanbul":"^0.2.6","mocha":"^1.18.2"},"dependencies":{"sentence-case":"0.0.1"},"_id":"snake-case@0.0.1","dist":{"shasum":"c212a57d44c2d552a67589d267afffae08b4ef60","tarball":"https://registry.npmjs.org/snake-case/-/snake-case-0.0.1.tgz"},"_from":".","_npmVersion":"1.4.6","_npmUser":{"name":"blakeembrey","email":"hello@blakeembrey.com"},"maintainers":[{"name":"blakeembrey","email":"hello@blakeembrey.com"}],"directories":{}},"0.0.2":{"name":"snake-case","version":"0.0.2","description":"Snake case a string","main":"snake-case.js","scripts":{"test":"istanbul cover _mocha -- -R spec"},"repository":{"type":"git","url":"git://github.com/blakeembrey/snake-case.git"},"keywords":["snake","case","underscore"],"author":{"name":"Blake Embrey"},"license":"MIT","bugs":{"url":"https://github.com/blakeembrey/snake-case/issues"},"homepage":"https://github.com/blakeembrey/snake-case","devDependencies":{"istanbul":"^0.2.6","mocha":"^1.18.2"},"dependencies":{"sentence-case":"0.0.2"},"_id":"snake-case@0.0.2","dist":{"shasum":"156de00755036f08cbba50cbe93f3c7971ef1c18","tarball":"https://registry.npmjs.org/snake-case/-/snake-case-0.0.2.tgz"},"_from":".","_npmVersion":"1.4.6","_npmUser":{"name":"blakeembrey","email":"hello@blakeembrey.com"},"maintainers":[{"name":"blakeembrey","email":"hello@blakeembrey.com"}],"directories":{}},"0.1.1":{"name":"snake-case","version":"0.1.1","description":"Snake case a string","main":"snake-case.js","scripts":{"test":"istanbul cover _mocha -- -R spec"},"repository":{"type":"git","url":"git://github.com/blakeembrey/snake-case.git"},"keywords":["snake","case","underscore"],"author":{"name":"Blake Embrey"},"license":"MIT","bugs":{"url":"https://github.com/blakeembrey/snake-case/issues"},"homepage":"https://github.com/blakeembrey/snake-case","devDependencies":{"istanbul":"^0.2.6","mocha":"^1.18.2"},"dependencies":{"sentence-case":"^0.1.1"},"_id":"snake-case@0.1.1","dist":{"shasum":"09586d32f472c2e9a4be4fe3d44895a4a1568021","tarball":"https://registry.npmjs.org/snake-case/-/snake-case-0.1.1.tgz"},"_from":".","_npmVersion":"1.4.6","_npmUser":{"name":"blakeembrey","email":"hello@blakeembrey.com"},"maintainers":[{"name":"blakeembrey","email":"hello@blakeembrey.com"}],"directories":{}},"1.0.0":{"name":"snake-case","version":"1.0.0","description":"Snake case a string","main":"snake-case.js","scripts":{"test":"istanbul cover _mocha -- -R spec"},"repository":{"type":"git","url":"git://github.com/blakeembrey/snake-case.git"},"keywords":["snake","case","underscore"],"author":{"name":"Blake Embrey","email":"hello@blakeembrey.com","url":"http://blakeembrey.me"},"license":"MIT","bugs":{"url":"https://github.com/blakeembrey/snake-case/issues"},"homepage":"https://github.com/blakeembrey/snake-case","devDependencies":{"istanbul":"^0.3.0","mocha":"^1.18.2"},"dependencies":{"sentence-case":"^1.0.0"},"gitHead":"9e27d89d2ec64ab4f0f04cbc89d80deb6a5b03e8","_id":"snake-case@1.0.0","_shasum":"441d988fe1f52a42cfae7a329832721ffbc4d26d","_from":".","_npmVersion":"1.4.14","_npmUser":{"name":"blakeembrey","email":"hello@blakeembrey.com"},"maintainers":[{"name":"blakeembrey","email":"hello@blakeembrey.com"}],"dist":{"shasum":"441d988fe1f52a42cfae7a329832721ffbc4d26d","tarball":"https://registry.npmjs.org/snake-case/-/snake-case-1.0.0.tgz"},"directories":{}},"1.0.1":{"name":"snake-case","version":"1.0.1","description":"Snake case a string","main":"snake-case.js","scripts":{"test":"istanbul cover _mocha -- -R spec"},"repository":{"type":"git","url":"git://github.com/blakeembrey/snake-case.git"},"keywords":["snake","case","underscore"],"author":{"name":"Blake Embrey","email":"hello@blakeembrey.com","url":"http://blakeembrey.me"},"license":"MIT","bugs":{"url":"https://github.com/blakeembrey/snake-case/issues"},"homepage":"https://github.com/blakeembrey/snake-case","devDependencies":{"istanbul":"^0.3.0","mocha":"^1.18.2"},"dependencies":{"sentence-case":"^1.0.2"},"_id":"snake-case@1.0.1","_shasum":"0cad1d563af52caad624b74fe24bfd2775d13259","_from":".","_npmVersion":"1.4.9","_npmUser":{"name":"blakeembrey","email":"hello@blakeembrey.com"},"maintainers":[{"name":"blakeembrey","email":"hello@blakeembrey.com"}],"dist":{"shasum":"0cad1d563af52caad624b74fe24bfd2775d13259","tarball":"https://registry.npmjs.org/snake-case/-/snake-case-1.0.1.tgz"},"directories":{}},"1.1.0":{"name":"snake-case","version":"1.1.0","description":"Snake case a string","main":"snake-case.js","files":["snake-case.js","LICENSE"],"scripts":{"test":"istanbul cover _mocha -- -R spec"},"repository":{"type":"git","url":"git://github.com/blakeembrey/snake-case.git"},"keywords":["snake","case","underscore"],"author":{"name":"Blake Embrey","email":"hello@blakeembrey.com","url":"http://blakeembrey.me"},"license":"MIT","bugs":{"url":"https://github.com/blakeembrey/snake-case/issues"},"homepage":"https://github.com/blakeembrey/snake-case","devDependencies":{"istanbul":"^0.3.0","mocha":"^1.18.2","pre-commit":"0.0.9"},"dependencies":{"sentence-case":"^1.1.1"},"gitHead":"4d60dd5e29fef43a5f98cf882bff622ed9b34295","_id":"snake-case@1.1.0","_shasum":"647f4ef59a38617d0e707f58fa6bee08621aa4a9","_from":".","_npmVersion":"2.1.17","_nodeVersion":"0.11.14","_npmUser":{"name":"blakeembrey","email":"hello@blakeembrey.com"},"maintainers":[{"name":"blakeembrey","email":"hello@blakeembrey.com"}],"dist":{"shasum":"647f4ef59a38617d0e707f58fa6bee08621aa4a9","tarball":"https://registry.npmjs.org/snake-case/-/snake-case-1.1.0.tgz"},"directories":{}},"1.1.1":{"name":"snake-case","version":"1.1.1","description":"Snake case a string","main":"snake-case.js","files":["snake-case.js","LICENSE"],"scripts":{"test":"istanbul cover _mocha -- -R spec"},"repository":{"type":"git","url":"git://github.com/blakeembrey/snake-case.git"},"keywords":["snake","case","underscore"],"author":{"name":"Blake Embrey","email":"hello@blakeembrey.com","url":"http://blakeembrey.me"},"license":"MIT","bugs":{"url":"https://github.com/blakeembrey/snake-case/issues"},"homepage":"https://github.com/blakeembrey/snake-case","devDependencies":{"istanbul":"^0.3.0","mocha":"^2.1.0","pre-commit":"^1.0.1"},"dependencies":{"sentence-case":"^1.1.2"},"gitHead":"6c7cbba7749904e1653e1dbc7e902e188e70211d","_id":"snake-case@1.1.1","_shasum":"e21d68bcf05577614058efff53e9d460cc4696e2","_from":".","_npmVersion":"1.4.28","_npmUser":{"name":"blakeembrey","email":"hello@blakeembrey.com"},"maintainers":[{"name":"blakeembrey","email":"hello@blakeembrey.com"}],"dist":{"shasum":"e21d68bcf05577614058efff53e9d460cc4696e2","tarball":"https://registry.npmjs.org/snake-case/-/snake-case-1.1.1.tgz"},"directories":{}},"1.1.2":{"name":"snake-case","version":"1.1.2","description":"Snake case a string","main":"snake-case.js","typings":"snake-case.d.ts","files":["snake-case.js","snake-case.d.ts","LICENSE"],"scripts":{"lint":"standard","test-std":"mocha -- -R spec --bail","test-cov":"istanbul cover node_modules/mocha/bin/_mocha -- -R spec --bail","test":"npm run lint && npm run test-cov"},"repository":{"type":"git","url":"git://github.com/blakeembrey/snake-case.git"},"keywords":["snake","case","underscore"],"author":{"name":"Blake Embrey","email":"hello@blakeembrey.com","url":"http://blakeembrey.me"},"license":"MIT","bugs":{"url":"https://github.com/blakeembrey/snake-case/issues"},"homepage":"https://github.com/blakeembrey/snake-case","devDependencies":{"istanbul":"^0.3.0","mocha":"^2.1.0","pre-commit":"^1.0.1","standard":"^3.3.0"},"dependencies":{"sentence-case":"^1.1.2"},"gitHead":"793b2ea829fd328f7d560b10b06ed2ed2abe68c5","_id":"snake-case@1.1.2","_shasum":"0c2f25e305158d9a18d3d977066187fef8a5a66a","_from":".","_npmVersion":"3.3.12","_nodeVersion":"5.2.0","_npmUser":{"name":"blakeembrey","email":"hello@blakeembrey.com"},"dist":{"shasum":"0c2f25e305158d9a18d3d977066187fef8a5a66a","tarball":"https://registry.npmjs.org/snake-case/-/snake-case-1.1.2.tgz"},"maintainers":[{"name":"blakeembrey","email":"hello@blakeembrey.com"}],"directories":{}}},"readme":"# Snake Case\n\n[![NPM version][npm-image]][npm-url]\n[![NPM downloads][downloads-image]][downloads-url]\n[![Build status][travis-image]][travis-url]\n[![Test coverage][coveralls-image]][coveralls-url]\n\nSnake case a string.\n\nSupports Unicode (non-ASCII characters) and non-string entities, such as objects with a `toString` property, numbers and booleans. Empty values (`null` and `undefined`) will result in an empty string.\n\n## Installation\n\n```\nnpm install snake-case --save\n```\n\n## Usage\n\n```javascript\nvar snakeCase = require('snake-case')\n\nsnakeCase('string')        //=> \"string\"\nsnakeCase('camelCase')     //=> \"camel_case\"\nsnakeCase('sentence case') //=> \"sentence_case\"\n\nsnakeCase('MY STRING', 'tr') //=> \"my_strıng\"\n```\n\n## Typings\n\nIncludes a [TypeScript definition](snake-case.d.ts).\n\n## License\n\nMIT\n\n[npm-image]: https://img.shields.io/npm/v/snake-case.svg?style=flat\n[npm-url]: https://npmjs.org/package/snake-case\n[downloads-image]: https://img.shields.io/npm/dm/snake-case.svg?style=flat\n[downloads-url]: https://npmjs.org/package/snake-case\n[travis-image]: https://img.shields.io/travis/blakeembrey/snake-case.svg?style=flat\n[travis-url]: https://travis-ci.org/blakeembrey/snake-case\n[coveralls-image]: https://img.shields.io/coveralls/blakeembrey/snake-case.svg?style=flat\n[coveralls-url]: https://coveralls.io/r/blakeembrey/snake-case?branch=master\n","maintainers":[{"name":"blakeembrey","email":"hello@blakeembrey.com"}],"time":{"modified":"2015-12-16T00:16:35.374Z","created":"2014-03-24T23:27:57.545Z","0.0.1":"2014-03-24T23:27:57.545Z","0.0.2":"2014-03-25T02:17:08.850Z","0.1.0":"2014-04-09T09:53:47.340Z","0.1.1":"2014-04-09T09:55:17.849Z","1.0.0":"2014-08-17T18:50:22.995Z","1.0.1":"2014-08-19T13:46:52.993Z","1.1.0":"2015-01-12T08:26:22.782Z","1.1.1":"2015-01-31T11:02:29.007Z","1.1.2":"2015-12-16T00:16:35.374Z"},"homepage":"https://github.com/blakeembrey/snake-case","keywords":["snake","case","underscore"],"repository":{"type":"git","url":"git://github.com/blakeembrey/snake-case.git"},"author":{"name":"Blake Embrey","email":"hello@blakeembrey.com","url":"http://blakeembrey.me"},"bugs":{"url":"https://github.com/blakeembrey/snake-case/issues"},"license":"MIT","readmeFilename":"README.md","users":{"itonyyo":true,"arsalandotme":true},"_attachments":{},"_etag":"\"3KYOOB9YO2DZFF2R61P1C5VMU\""}