{"_id":"component-type","_rev":"28-616f678943d5bb63e1566005ae540738","name":"component-type","description":"Cross-browser type assertions (less broken typeof)","dist-tags":{"latest":"1.2.1"},"versions":{"1.0.0":{"name":"component-type","description":"Cross-browser type assertions (less broken typeof)","version":"1.0.0","keywords":["typeof","type","utility"],"dependencies":{},"main":"index.js","repository":{"type":"git","url":"https://github.com/component/type.git"},"bugs":{"url":"https://github.com/component/type/issues"},"homepage":"https://github.com/component/type","_id":"component-type@1.0.0","dist":{"shasum":"1ed8812e32dd65099d433570757f111ea3d3d871","tarball":"https://registry.npmjs.org/component-type/-/component-type-1.0.0.tgz"},"_from":".","_npmVersion":"1.3.21","_npmUser":{"name":"maxogden","email":"mogden@gmail.com"},"maintainers":[{"name":"maxogden","email":"mogden@gmail.com"}],"directories":{}},"1.1.0":{"name":"component-type","description":"Cross-browser type assertions (less broken typeof)","version":"1.1.0","keywords":["typeof","type","utility"],"dependencies":{},"main":"index.js","repository":{"type":"git","url":"https://github.com/component/type.git"},"gitHead":"44c73293c7e2c71d6598ed4e58f34084f862f8d1","bugs":{"url":"https://github.com/component/type/issues"},"homepage":"https://github.com/component/type","_id":"component-type@1.1.0","scripts":{},"_shasum":"95b666aad53e5c8d1f2be135c45b5d499197c0c5","_from":".","_npmVersion":"2.1.10","_nodeVersion":"0.10.32","_npmUser":{"name":"juliangruber","email":"julian@juliangruber.com"},"maintainers":[{"name":"maxogden","email":"mogden@gmail.com"},{"name":"jongleberry","email":"jonathanrichardong@gmail.com"},{"name":"dominicbarnes","email":"dominic@dbarnes.info"},{"name":"tootallnate","email":"nathan@tootallnate.net"},{"name":"tjholowaychuk","email":"tj@vision-media.ca"},{"name":"juliangruber","email":"julian@juliangruber.com"},{"name":"ianstormtaylor","email":"ian@ianstormtaylor.com"},{"name":"timoxley","email":"secoif@gmail.com"},{"name":"mattmueller","email":"mattmuelle@gmail.com"},{"name":"jonathanong","email":"jonathanrichardong@gmail.com"},{"name":"queckezz","email":"fabian.eichenberger@gmail.com"},{"name":"yields","email":"yields@icloud.com"},{"name":"anthonyshort","email":"antshort@gmail.com"},{"name":"nami-doc","email":"vendethiel@hotmail.fr"},{"name":"clintwood","email":"clint@anotherway.co.za"},{"name":"thehydroimpulse","email":"dnfagnan@gmail.com"},{"name":"stephenmathieson","email":"me@stephenmathieson.com"},{"name":"trevorgerhardt","email":"trevorgerhardt@gmail.com"},{"name":"timaschew","email":"timaschew@gmail.com"},{"name":"hughsk","email":"hughskennedy@gmail.com"}],"dist":{"shasum":"95b666aad53e5c8d1f2be135c45b5d499197c0c5","tarball":"https://registry.npmjs.org/component-type/-/component-type-1.1.0.tgz"},"directories":{}},"1.2.0":{"name":"component-type","description":"Cross-browser type assertions (less broken typeof)","version":"1.2.0","keywords":["typeof","type","utility"],"dependencies":{},"main":"index.js","license":"MIT","repository":{"type":"git","url":"https://github.com/component/type.git"},"gitHead":"168462c30c13a5f777974e336c2e18d6ead64ef5","bugs":{"url":"https://github.com/component/type/issues"},"homepage":"https://github.com/component/type","_id":"component-type@1.2.0","scripts":{},"_shasum":"e279fc966ae3488ca44480103313569cffbf4c48","_from":".","_npmVersion":"2.6.1","_nodeVersion":"0.10.36","_npmUser":{"name":"juliangruber","email":"julian@juliangruber.com"},"maintainers":[{"name":"maxogden","email":"max@maxogden.com"},{"name":"jongleberry","email":"jonathanrichardong@gmail.com"},{"name":"dominicbarnes","email":"dominic@dbarnes.info"},{"name":"tootallnate","email":"nathan@tootallnate.net"},{"name":"tjholowaychuk","email":"tj@vision-media.ca"},{"name":"juliangruber","email":"julian@juliangruber.com"},{"name":"ianstormtaylor","email":"ian@ianstormtaylor.com"},{"name":"timoxley","email":"secoif@gmail.com"},{"name":"mattmueller","email":"mattmuelle@gmail.com"},{"name":"jonathanong","email":"jonathanrichardong@gmail.com"},{"name":"queckezz","email":"fabian.eichenberger@gmail.com"},{"name":"yields","email":"yields@icloud.com"},{"name":"anthonyshort","email":"antshort@gmail.com"},{"name":"nami-doc","email":"vendethiel@hotmail.fr"},{"name":"clintwood","email":"clint@anotherway.co.za"},{"name":"thehydroimpulse","email":"dnfagnan@gmail.com"},{"name":"stephenmathieson","email":"me@stephenmathieson.com"},{"name":"trevorgerhardt","email":"trevorgerhardt@gmail.com"},{"name":"timaschew","email":"timaschew@gmail.com"},{"name":"hughsk","email":"hughskennedy@gmail.com"},{"name":"dfcreative","email":"df.creative@gmail.com"}],"dist":{"shasum":"e279fc966ae3488ca44480103313569cffbf4c48","tarball":"https://registry.npmjs.org/component-type/-/component-type-1.2.0.tgz"},"directories":{}},"1.2.1":{"name":"component-type","description":"Cross-browser type assertions (less broken typeof)","version":"1.2.1","keywords":["typeof","type","utility"],"dependencies":{},"main":"index.js","license":"MIT","repository":{"type":"git","url":"git+https://github.com/component/type.git"},"gitHead":"a581cc14d0b46b8a4c96e2fc99fa76cd7faef5d9","bugs":{"url":"https://github.com/component/type/issues"},"homepage":"https://github.com/component/type#readme","_id":"component-type@1.2.1","scripts":{},"_shasum":"8a47901700238e4fc32269771230226f24b415a9","_from":".","_npmVersion":"2.14.12","_nodeVersion":"4.3.2","_npmUser":{"name":"mattmueller","email":"mattmuelle@gmail.com"},"maintainers":[{"name":"anthonyshort","email":"antshort@gmail.com"},{"name":"clintwood","email":"clint@anotherway.co.za"},{"name":"dfcreative","email":"df.creative@gmail.com"},{"name":"dominicbarnes","email":"dominic@dbarnes.info"},{"name":"ianstormtaylor","email":"ian@ianstormtaylor.com"},{"name":"jonathanong","email":"jonathanrichardong@gmail.com"},{"name":"jongleberry","email":"jonathanrichardong@gmail.com"},{"name":"juliangruber","email":"julian@juliangruber.com"},{"name":"mattmueller","email":"mattmuelle@gmail.com"},{"name":"maxogden","email":"max@maxogden.com"},{"name":"nami-doc","email":"vendethiel@hotmail.fr"},{"name":"queckezz","email":"fabian.eichenberger@gmail.com"},{"name":"stephenmathieson","email":"me@stephenmathieson.com"},{"name":"thehydroimpulse","email":"dnfagnan@gmail.com"},{"name":"timaschew","email":"timaschew@gmail.com"},{"name":"timoxley","email":"secoif@gmail.com"},{"name":"tjholowaychuk","email":"tj@vision-media.ca"},{"name":"tootallnate","email":"nathan@tootallnate.net"},{"name":"trevorgerhardt","email":"trevorgerhardt@gmail.com"},{"name":"yields","email":"yields@icloud.com"}],"dist":{"shasum":"8a47901700238e4fc32269771230226f24b415a9","tarball":"https://registry.npmjs.org/component-type/-/component-type-1.2.1.tgz"},"_npmOperationalInternal":{"host":"packages-13-west.internal.npmjs.com","tmp":"tmp/component-type-1.2.1.tgz_1458074453909_0.014398212544620037"},"directories":{}}},"readme":"\n# type\n\n  Type assertions aka less-broken `typeof`.\n\n## Example\n\n```js\nvar type = require('type');\n\nvar obj = new Date;\nif (type(obj) == 'date') ...\n```\n\n## API\n\n```js\ntype(new Date) == 'date'\ntype({}) == 'object'\ntype(null) == 'null'\ntype(undefined) == 'undefined'\ntype(\"hey\") == 'string'\ntype(true) == 'boolean'\ntype(false) == 'boolean'\ntype(12) == 'number'\ntype(type) == 'function'\ntype(/asdf/) == 'regexp'\ntype((function(){ return arguments })()) == 'arguments'\ntype([]) == 'array'\ntype(document.createElement('div')) == 'element'\ntype(NaN) == 'nan'\ntype(new Error('Ups! Something wrong...')) == 'error'\ntype(new Buffer) == 'buffer'\n```\n\n## License\n\n  MIT\n","maintainers":[{"name":"anthonyshort","email":"antshort@gmail.com"},{"name":"clintwood","email":"clint@anotherway.co.za"},{"name":"dfcreative","email":"df.creative@gmail.com"},{"name":"dominicbarnes","email":"dominic@dbarnes.info"},{"name":"ianstormtaylor","email":"ian@ianstormtaylor.com"},{"name":"jonathanong","email":"jonathanrichardong@gmail.com"},{"name":"jongleberry","email":"jonathanrichardong@gmail.com"},{"name":"juliangruber","email":"julian@juliangruber.com"},{"name":"mattmueller","email":"mattmuelle@gmail.com"},{"name":"maxogden","email":"max@maxogden.com"},{"name":"nami-doc","email":"vendethiel@hotmail.fr"},{"name":"queckezz","email":"fabian.eichenberger@gmail.com"},{"name":"stephenmathieson","email":"me@stephenmathieson.com"},{"name":"thehydroimpulse","email":"dnfagnan@gmail.com"},{"name":"timaschew","email":"timaschew@gmail.com"},{"name":"timoxley","email":"secoif@gmail.com"},{"name":"tjholowaychuk","email":"tj@vision-media.ca"},{"name":"tootallnate","email":"nathan@tootallnate.net"},{"name":"trevorgerhardt","email":"trevorgerhardt@gmail.com"},{"name":"yields","email":"yields@icloud.com"}],"time":{"modified":"2016-03-15T20:40:54.586Z","created":"2014-01-06T19:17:17.072Z","1.0.0":"2014-01-06T19:17:17.072Z","1.1.0":"2014-12-08T13:27:21.562Z","1.2.0":"2015-09-16T20:08:21.254Z","1.2.1":"2016-03-15T20:40:54.586Z"},"readmeFilename":"Readme.md","homepage":"https://github.com/component/type#readme","keywords":["typeof","type","utility"],"repository":{"type":"git","url":"git+https://github.com/component/type.git"},"bugs":{"url":"https://github.com/component/type/issues"},"users":{"xek":true,"vkarpov15":true},"license":"MIT","_attachments":{},"_etag":"\"31AHX54IU0VQ14WQQVHG4QTKV\""}