{"_id":"performance-now","_rev":"25-46e5365fee9205c2940305a98ce7e1bf","name":"performance-now","description":"Implements performance.now (based on process.hrtime).","dist-tags":{"latest":"0.2.0"},"versions":{"0.1.0":{"name":"performance-now","description":"Implements performance.now (based on process.hrtime).","keywords":[],"version":"0.1.0","author":{"name":"Meryn Stol","email":"merynstol@gmail.com"},"license":"MIT","homepage":"https://github.com/meryn/performance-now","bugs":"https://github.com/meryn/performance-now/issues","repository":{"type":"git","url":"git://github.com/meryn/performance-now.git"},"private":false,"dependencies":{},"devDependencies":{"coffee-script":"~1.6.2","mocha":"~1.9.0"},"optionalDependencies":{},"engines":{"node":"0.10.x","npm":"1.2.x"},"main":"lib/performance-now.js","scripts":{"prepublish":"npm test","pretest":"make build","test":"make test"},"_id":"performance-now@0.1.0","dist":{"shasum":"cb3b75f580bb49ee533ebf08651ce7a11d0d9afc","tarball":"https://registry.npmjs.org/performance-now/-/performance-now-0.1.0.tgz"},"_from":".","_npmVersion":"1.2.18","_npmUser":{"name":"meryn","email":"merynstol@gmail.com"},"maintainers":[{"name":"meryn","email":"merynstol@gmail.com"}],"directories":{}},"0.1.1":{"name":"performance-now","description":"Implements performance.now (based on process.hrtime).","keywords":[],"version":"0.1.1","author":{"name":"Meryn Stol","email":"merynstol@gmail.com"},"license":"MIT","homepage":"https://github.com/meryn/performance-now","bugs":"https://github.com/meryn/performance-now/issues","repository":{"type":"git","url":"git://github.com/meryn/performance-now.git"},"private":false,"dependencies":{},"devDependencies":{"coffee-script":"~1.6.2","mocha":"~1.9.0"},"optionalDependencies":{},"engines":{"node":"0.10.x","npm":"1.2.x"},"main":"lib/performance-now.js","scripts":{"prepublish":"npm test","pretest":"make build","test":"make test"},"_id":"performance-now@0.1.1","dist":{"shasum":"739f6c2ae4b4d2fac0ada962b5b810dd832d1438","tarball":"https://registry.npmjs.org/performance-now/-/performance-now-0.1.1.tgz"},"_from":".","_npmVersion":"1.2.18","_npmUser":{"name":"meryn","email":"merynstol@gmail.com"},"maintainers":[{"name":"meryn","email":"merynstol@gmail.com"}],"directories":{}},"0.1.2":{"name":"performance-now","description":"Implements performance.now (based on process.hrtime).","keywords":[],"version":"0.1.2","author":{"name":"Meryn Stol","email":"merynstol@gmail.com"},"license":"MIT","homepage":"https://github.com/meryn/performance-now","bugs":"https://github.com/meryn/performance-now/issues","repository":{"type":"git","url":"git://github.com/meryn/performance-now.git"},"private":false,"dependencies":{},"devDependencies":{"coffee-script":"~1.6.2","mocha":"~1.9.0"},"optionalDependencies":{},"engines":{"node":"0.10.x","npm":"1.2.x"},"main":"lib/performance-now.js","scripts":{"prepublish":"npm test","pretest":"make build","test":"make test"},"_id":"performance-now@0.1.2","dist":{"shasum":"8e2e61d2ee554a817f14a229d5c6c26677cec929","tarball":"https://registry.npmjs.org/performance-now/-/performance-now-0.1.2.tgz"},"_from":".","_npmVersion":"1.2.18","_npmUser":{"name":"meryn","email":"merynstol@gmail.com"},"maintainers":[{"name":"meryn","email":"merynstol@gmail.com"}],"directories":{}},"0.1.3":{"name":"performance-now","description":"Implements performance.now (based on process.hrtime).","keywords":[],"version":"0.1.3","author":{"name":"Meryn Stol","email":"merynstol@gmail.com"},"license":"MIT","homepage":"https://github.com/meryn/performance-now","bugs":{"url":"https://github.com/meryn/performance-now/issues"},"repository":{"type":"git","url":"git://github.com/meryn/performance-now.git"},"private":false,"dependencies":{},"devDependencies":{"coffee-script":"~1.6.2","mocha":"~1.9.0"},"optionalDependencies":{},"engines":{"node":"0.10.x","npm":"1.2.x"},"main":"lib/performance-now.js","scripts":{"prepublish":"npm test","pretest":"make build","test":"make test"},"_id":"performance-now@0.1.3","dist":{"shasum":"70ec3232e9e053a1b16c2a007f3aff2867b2dc04","tarball":"https://registry.npmjs.org/performance-now/-/performance-now-0.1.3.tgz"},"_from":".","_npmVersion":"1.2.25","_npmUser":{"name":"meryn","email":"merynstol@gmail.com"},"maintainers":[{"name":"meryn","email":"merynstol@gmail.com"}],"directories":{}},"0.1.4":{"name":"performance-now","description":"Implements performance.now (based on process.hrtime).","keywords":[],"version":"0.1.4","author":{"name":"Meryn Stol","email":"merynstol@gmail.com"},"license":"MIT","homepage":"https://github.com/meryn/performance-now","bugs":{"url":"https://github.com/meryn/performance-now/issues"},"repository":{"type":"git","url":"git://github.com/meryn/performance-now.git"},"private":false,"dependencies":{},"devDependencies":{"coffee-script":"~1.6.2","mocha":"~1.9.0"},"optionalDependencies":{},"main":"lib/performance-now.js","scripts":{"prepublish":"npm test","pretest":"make build","test":"make test"},"_id":"performance-now@0.1.4","dist":{"shasum":"360b642f073ff8c2a693b3c38d7ccbc17b53183b","tarball":"https://registry.npmjs.org/performance-now/-/performance-now-0.1.4.tgz"},"_from":".","_npmVersion":"1.3.24","_npmUser":{"name":"meryn","email":"merynstol@gmail.com"},"maintainers":[{"name":"meryn","email":"merynstol@gmail.com"}],"directories":{}},"0.2.0":{"name":"performance-now","description":"Implements performance.now (based on process.hrtime).","keywords":[],"version":"0.2.0","author":{"name":"Meryn Stol","email":"merynstol@gmail.com"},"license":"MIT","homepage":"https://github.com/meryn/performance-now","bugs":{"url":"https://github.com/meryn/performance-now/issues"},"repository":{"type":"git","url":"git://github.com/meryn/performance-now.git"},"private":false,"dependencies":{},"devDependencies":{"coffee-script":"~1.7.1","mocha":"~1.21.0"},"optionalDependencies":{},"main":"lib/performance-now.js","scripts":{"prepublish":"npm test","pretest":"make build","test":"make test"},"_id":"performance-now@0.2.0","dist":{"shasum":"33ef30c5c77d4ea21c5a53869d91b56d8f2555e5","tarball":"https://registry.npmjs.org/performance-now/-/performance-now-0.2.0.tgz"},"_from":".","_npmVersion":"1.3.24","_npmUser":{"name":"meryn","email":"merynstol@gmail.com"},"maintainers":[{"name":"meryn","email":"merynstol@gmail.com"}],"directories":{}}},"readme":"# performance-now [![Build Status](https://travis-ci.org/meryn/performance-now.png?branch=master)](https://travis-ci.org/meryn/performance-now) [![Dependency Status](https://david-dm.org/meryn/performance-now.png)](https://david-dm.org/meryn/performance-now)\n\nImplements a function similar to `performance.now` (based on `process.hrtime`).\n\nModern browsers have a `window.performance` object with - among others - a `now` method which gives time in miliseconds, but with sub-milisecond precision. This module offers the same function based on the Node.js native `process.hrtime` function.\n\nAccording to the [High Resolution Time specification](http://www.w3.org/TR/hr-time/), the number of miliseconds reported by `performance.now` should be relative to the value of `performance.timing.navigationStart`. For this module, it's relative to when the time when this module got loaded. Right after requiring this module for the first time, the reported time is expected to have a near-zero value.\n\nUsing `process.hrtime` means that the reported time will be monotonically increasing, and not subject to clock-drift.\n\n## Example usage\n\n```javascript\nvar now = require(\"performance-now\")\nvar start = now()\nvar end = now()\nconsole.log(start.toFixed(3)) // ~ 0.05 on my system\nconsole.log((start-end).toFixed(3)) // ~ 0.002 on my system\n```\n\nRunning the now function two times right after each other yields a time difference of a few microseconds. Given this overhead, I think it's best to assume that the precision of intervals computed with this method is not higher than 10 microseconds, if you don't know the exact overhead on your own system.\n\n## Credits\n\nThe initial structure of this module was generated by [Jumpstart](https://github.com/meryn/jumpstart), using the [Jumpstart Black Coffee](https://github.com/meryn/jumpstart-black-coffee) template.\n\n## License\n\nperformance-now is released under the [MIT License](http://opensource.org/licenses/MIT).  \nCopyright (c) 2013 Meryn Stol  ","maintainers":[{"name":"meryn","email":"merynstol@gmail.com"}],"time":{"modified":"2014-09-17T10:25:54.525Z","created":"2013-05-22T13:36:44.948Z","0.1.0":"2013-05-22T13:36:48.409Z","0.1.1":"2013-05-22T13:39:17.729Z","0.1.2":"2013-05-23T22:26:56.371Z","0.1.3":"2013-08-21T21:25:25.350Z","0.1.4":"2014-08-25T13:24:06.629Z","0.2.0":"2014-09-17T10:25:54.525Z"},"author":{"name":"Meryn Stol","email":"merynstol@gmail.com"},"repository":{"type":"git","url":"git://github.com/meryn/performance-now.git"},"homepage":"https://github.com/meryn/performance-now","keywords":[],"bugs":{"url":"https://github.com/meryn/performance-now/issues"},"license":"MIT","readmeFilename":"README.md","users":{"kenjisan4u":true,"stpettersens":true,"jasonray":true,"parkerproject":true,"poosanth":true,"monsterkodi":true,"preco21":true},"_attachments":{},"_etag":"\"19WYT6TP0Q5NECN0HERZTF24L\""}