{"_id":"escodegen","_rev":"118-8ab67a3c6f19dd85da999cafa784cab2","name":"escodegen","description":"ECMAScript code generator","dist-tags":{"latest":"1.8.0"},"versions":{"0.0.1":{"name":"escodegen","description":"ECMAScript code generator","homepage":"http://github.com/Constellation/escodegen.html","main":"escodegen.js","bin":{"escodegen":"./bin/esgenerate.js"},"version":"0.0.1","engines":{"node":">=0.4.0"},"maintainers":[{"name":"constellation","email":"utatane.tea@gmail.com"}],"repository":{"type":"git","url":"git://github.com/Constellation/escodegen.git"},"licenses":[{"type":"BSD","url":"http://github.com/Constellation/escodegen/raw/master/LICENSE.BSD"}],"scripts":{"test":"node test/run.js"},"_npmUser":{"name":"constellation","email":"utatane.tea@gmail.com"},"_id":"escodegen@0.0.1","dependencies":{},"devDependencies":{},"optionalDependencies":{},"_engineSupported":true,"_npmVersion":"1.1.1","_nodeVersion":"v0.7.4","_defaultsLoaded":true,"dist":{"shasum":"8d8f398c0ac59e8df11385866bf578e0c449502c","tarball":"https://registry.npmjs.org/escodegen/-/escodegen-0.0.1.tgz"},"directories":{}},"0.0.2":{"name":"escodegen","description":"ECMAScript code generator","homepage":"http://github.com/Constellation/escodegen.html","main":"escodegen.js","bin":{"escodegen":"./bin/esgenerate.js"},"version":"0.0.2","engines":{"node":">=0.4.0"},"maintainers":[{"name":"constellation","email":"utatane.tea@gmail.com"}],"repository":{"type":"git","url":"git://github.com/Constellation/escodegen.git"},"licenses":[{"type":"BSD","url":"http://github.com/Constellation/escodegen/raw/master/LICENSE.BSD"}],"scripts":{"test":"node test/run.js"},"_npmUser":{"name":"constellation","email":"utatane.tea@gmail.com"},"_id":"escodegen@0.0.2","dependencies":{},"devDependencies":{},"optionalDependencies":{},"_engineSupported":true,"_npmVersion":"1.1.1","_nodeVersion":"v0.7.4","_defaultsLoaded":true,"dist":{"shasum":"0f475f93756447862e52d14907239a9e9dca1fdc","tarball":"https://registry.npmjs.org/escodegen/-/escodegen-0.0.2.tgz"},"directories":{}},"0.0.3":{"name":"escodegen","description":"ECMAScript code generator","homepage":"http://github.com/Constellation/escodegen.html","main":"escodegen.js","bin":{"escodegen":"./bin/esgenerate.js"},"version":"0.0.3","engines":{"node":">=0.4.0"},"maintainers":[{"name":"constellation","email":"utatane.tea@gmail.com"}],"repository":{"type":"git","url":"git://github.com/Constellation/escodegen.git"},"licenses":[{"type":"BSD","url":"http://github.com/Constellation/escodegen/raw/master/LICENSE.BSD"}],"scripts":{"test":"node test/run.js"},"_npmUser":{"name":"constellation","email":"utatane.tea@gmail.com"},"_id":"escodegen@0.0.3","dependencies":{},"devDependencies":{},"optionalDependencies":{},"_engineSupported":true,"_npmVersion":"1.1.16","_nodeVersion":"v0.6.15","_defaultsLoaded":true,"dist":{"shasum":"7aa5718c3e1b2456daea8f715557466a40bdc3b3","tarball":"https://registry.npmjs.org/escodegen/-/escodegen-0.0.3.tgz"},"directories":{}},"0.0.4":{"name":"escodegen","description":"ECMAScript code generator","homepage":"http://github.com/Constellation/escodegen.html","main":"escodegen.js","bin":{"escodegen":"./bin/esgenerate.js"},"version":"0.0.4","engines":{"node":">=0.4.0"},"maintainers":[{"name":"constellation","email":"utatane.tea@gmail.com"}],"repository":{"type":"git","url":"git://github.com/Constellation/escodegen.git"},"licenses":[{"type":"BSD","url":"http://github.com/Constellation/escodegen/raw/master/LICENSE.BSD"}],"scripts":{"test":"node test/run.js"},"_npmUser":{"name":"constellation","email":"utatane.tea@gmail.com"},"_id":"escodegen@0.0.4","dependencies":{},"devDependencies":{},"optionalDependencies":{},"_engineSupported":true,"_npmVersion":"1.1.21","_nodeVersion":"v0.6.18","_defaultsLoaded":true,"dist":{"shasum":"170b87ec38e47f160062c836a4beef14617fbc4b","tarball":"https://registry.npmjs.org/escodegen/-/escodegen-0.0.4.tgz"},"directories":{}},"0.0.5":{"name":"escodegen","description":"ECMAScript code generator","homepage":"http://github.com/Constellation/escodegen.html","main":"escodegen.js","bin":{"escodegen":"./bin/esgenerate.js"},"version":"0.0.5","engines":{"node":">=0.4.0"},"maintainers":[{"name":"constellation","email":"utatane.tea@gmail.com"}],"repository":{"type":"git","url":"git://github.com/Constellation/escodegen.git"},"licenses":[{"type":"BSD","url":"http://github.com/Constellation/escodegen/raw/master/LICENSE.BSD"}],"scripts":{"test":"node test/run.js"},"_npmUser":{"name":"constellation","email":"utatane.tea@gmail.com"},"_id":"escodegen@0.0.5","dependencies":{},"devDependencies":{},"optionalDependencies":{},"_engineSupported":true,"_npmVersion":"1.1.21","_nodeVersion":"v0.6.18","_defaultsLoaded":true,"dist":{"shasum":"90959b349513333031ff2ea377ecd467529d460b","tarball":"https://registry.npmjs.org/escodegen/-/escodegen-0.0.5.tgz"},"directories":{}},"0.0.6":{"name":"escodegen","description":"ECMAScript code generator","homepage":"http://github.com/Constellation/escodegen.html","main":"escodegen.js","bin":{"escodegen":"./bin/esgenerate.js"},"version":"0.0.6","engines":{"node":">=0.4.0"},"maintainers":[{"name":"constellation","email":"utatane.tea@gmail.com"}],"repository":{"type":"git","url":"http://github.com/Constellation/escodegen.git"},"licenses":[{"type":"BSD","url":"http://github.com/Constellation/escodegen/raw/master/LICENSE.BSD"}],"scripts":{"test":"node test/run.js"},"_id":"escodegen@0.0.6","dist":{"shasum":"63eadaea293ec2a99e1c411b79c98d5d01326be1","tarball":"https://registry.npmjs.org/escodegen/-/escodegen-0.0.6.tgz"},"_npmVersion":"1.1.59","_npmUser":{"name":"constellation","email":"utatane.tea@gmail.com"},"directories":{}},"0.0.7":{"name":"escodegen","description":"ECMAScript code generator","homepage":"http://github.com/Constellation/escodegen.html","main":"escodegen.js","bin":{"escodegen":"./bin/esgenerate.js"},"version":"0.0.7","engines":{"node":">=0.4.0"},"maintainers":[{"name":"constellation","email":"utatane.tea@gmail.com"}],"repository":{"type":"git","url":"http://github.com/Constellation/escodegen.git"},"licenses":[{"type":"BSD","url":"http://github.com/Constellation/escodegen/raw/master/LICENSE.BSD"}],"scripts":{"test":"node test/run.js"},"_id":"escodegen@0.0.7","dist":{"shasum":"8ca53d6cefcf315839b5c05c0f23db423fa5d9ee","tarball":"https://registry.npmjs.org/escodegen/-/escodegen-0.0.7.tgz"},"_npmVersion":"1.1.59","_npmUser":{"name":"constellation","email":"utatane.tea@gmail.com"},"directories":{}},"0.0.8":{"name":"escodegen","description":"ECMAScript code generator","homepage":"http://github.com/Constellation/escodegen.html","main":"escodegen.js","bin":{"escodegen":"./bin/esgenerate.js"},"version":"0.0.8","engines":{"node":">=0.4.0"},"maintainers":[{"name":"constellation","email":"utatane.tea@gmail.com"}],"repository":{"type":"git","url":"http://github.com/Constellation/escodegen.git"},"optionalDependencies":{"source-map":">= 0.1.2"},"licenses":[{"type":"BSD","url":"http://github.com/Constellation/escodegen/raw/master/LICENSE.BSD"}],"scripts":{"test":"node test/run.js"},"_id":"escodegen@0.0.8","dependencies":{"source-map":">= 0.1.2"},"dist":{"shasum":"b21b9acc94b9605a2ab5284e5cd7385e8ef9c802","tarball":"https://registry.npmjs.org/escodegen/-/escodegen-0.0.8.tgz"},"_npmVersion":"1.1.59","_npmUser":{"name":"constellation","email":"utatane.tea@gmail.com"},"directories":{}},"0.0.9":{"name":"escodegen","description":"ECMAScript code generator","homepage":"http://github.com/Constellation/escodegen.html","main":"escodegen.js","bin":{"escodegen":"./bin/esgenerate.js"},"version":"0.0.9","engines":{"node":">=0.4.0"},"maintainers":[{"name":"constellation","email":"utatane.tea@gmail.com"}],"repository":{"type":"git","url":"http://github.com/Constellation/escodegen.git"},"optionalDependencies":{"source-map":">= 0.1.2"},"licenses":[{"type":"BSD","url":"http://github.com/Constellation/escodegen/raw/master/LICENSE.BSD"}],"scripts":{"test":"node test/run.js"},"_id":"escodegen@0.0.9","dependencies":{"source-map":">= 0.1.2"},"dist":{"shasum":"a3449ea1290dcb235f15469f310b9f983497f2aa","tarball":"https://registry.npmjs.org/escodegen/-/escodegen-0.0.9.tgz"},"_npmVersion":"1.1.59","_npmUser":{"name":"constellation","email":"utatane.tea@gmail.com"},"directories":{}},"0.0.10":{"name":"escodegen","description":"ECMAScript code generator","homepage":"http://github.com/Constellation/escodegen.html","main":"escodegen.js","bin":{"escodegen":"./bin/esgenerate.js"},"version":"0.0.10","engines":{"node":">=0.4.0"},"maintainers":[{"name":"constellation","email":"utatane.tea@gmail.com"}],"repository":{"type":"git","url":"http://github.com/Constellation/escodegen.git"},"dependencies":{"esprima":">= 0.9.9","source-map":">= 0.1.2"},"optionalDependencies":{"source-map":">= 0.1.2"},"licenses":[{"type":"BSD","url":"http://github.com/Constellation/escodegen/raw/master/LICENSE.BSD"}],"scripts":{"test":"node test/run.js"},"_id":"escodegen@0.0.10","dist":{"shasum":"80a812c2fe7d109236be9e78705916e6df69e6f7","tarball":"https://registry.npmjs.org/escodegen/-/escodegen-0.0.10.tgz"},"_npmVersion":"1.1.59","_npmUser":{"name":"constellation","email":"utatane.tea@gmail.com"},"directories":{}},"0.0.11":{"name":"escodegen","description":"ECMAScript code generator","homepage":"http://github.com/Constellation/escodegen.html","main":"escodegen.js","bin":{"escodegen":"./bin/esgenerate.js"},"version":"0.0.11","engines":{"node":">=0.4.0"},"maintainers":[{"name":"constellation","email":"utatane.tea@gmail.com"}],"repository":{"type":"git","url":"http://github.com/Constellation/escodegen.git"},"dependencies":{"esprima":">= 0.9.9","source-map":">= 0.1.2"},"optionalDependencies":{"source-map":">= 0.1.2"},"licenses":[{"type":"BSD","url":"http://github.com/Constellation/escodegen/raw/master/LICENSE.BSD"}],"scripts":{"test":"node test/run.js"},"_id":"escodegen@0.0.11","dist":{"shasum":"0bf3ae177ea0c6bc8dd63460978e0cf8fed99f25","tarball":"https://registry.npmjs.org/escodegen/-/escodegen-0.0.11.tgz"},"_npmVersion":"1.1.59","_npmUser":{"name":"constellation","email":"utatane.tea@gmail.com"},"directories":{}},"0.0.12":{"name":"escodegen","description":"ECMAScript code generator","homepage":"http://github.com/Constellation/escodegen.html","main":"escodegen.js","bin":{"escodegen":"./bin/esgenerate.js"},"version":"0.0.12","engines":{"node":">=0.4.0"},"maintainers":[{"name":"constellation","email":"utatane.tea@gmail.com"}],"repository":{"type":"git","url":"http://github.com/Constellation/escodegen.git"},"dependencies":{"esprima":">= 0.9.9","source-map":">= 0.1.2"},"optionalDependencies":{"source-map":">= 0.1.2"},"licenses":[{"type":"BSD","url":"http://github.com/Constellation/escodegen/raw/master/LICENSE.BSD"}],"scripts":{"test":"node test/run.js"},"_id":"escodegen@0.0.12","dist":{"shasum":"0fe67df78b9459b1308a3d93acea55bff8131e02","tarball":"https://registry.npmjs.org/escodegen/-/escodegen-0.0.12.tgz"},"_npmVersion":"1.1.59","_npmUser":{"name":"constellation","email":"utatane.tea@gmail.com"},"directories":{}},"0.0.14":{"name":"escodegen","description":"ECMAScript code generator","homepage":"http://github.com/Constellation/escodegen.html","main":"escodegen.js","bin":{"esgenerate":"./bin/esgenerate.js","escodegen":"./bin/escodegen.js"},"version":"0.0.14","engines":{"node":">=0.4.0"},"maintainers":[{"name":"constellation","email":"utatane.tea@gmail.com"}],"repository":{"type":"git","url":"http://github.com/Constellation/escodegen.git"},"dependencies":{"esprima":">= 1.0.0","source-map":">= 0.1.2"},"optionalDependencies":{"source-map":">= 0.1.2"},"devDependencies":{"esprima-moz":"*"},"licenses":[{"type":"BSD","url":"http://github.com/Constellation/escodegen/raw/master/LICENSE.BSD"}],"scripts":{"test":"node test/run.js"},"_id":"escodegen@0.0.14","dist":{"shasum":"e05484bf41df24cb871299475088fc634cfdf885","tarball":"https://registry.npmjs.org/escodegen/-/escodegen-0.0.14.tgz"},"_npmVersion":"1.1.59","_npmUser":{"name":"constellation","email":"utatane.tea@gmail.com"},"directories":{}},"0.0.15":{"name":"escodegen","description":"ECMAScript code generator","homepage":"http://github.com/Constellation/escodegen.html","main":"escodegen.js","bin":{"esgenerate":"./bin/esgenerate.js","escodegen":"./bin/escodegen.js"},"version":"0.0.15","engines":{"node":">=0.4.0"},"maintainers":[{"name":"constellation","email":"utatane.tea@gmail.com"}],"repository":{"type":"git","url":"http://github.com/Constellation/escodegen.git"},"dependencies":{"esprima":">= 1.0.0","source-map":">= 0.1.2"},"optionalDependencies":{"source-map":">= 0.1.2"},"devDependencies":{"esprima-moz":"*"},"licenses":[{"type":"BSD","url":"http://github.com/Constellation/escodegen/raw/master/LICENSE.BSD"}],"scripts":{"test":"node test/run.js"},"_id":"escodegen@0.0.15","dist":{"shasum":"ffda9cb26b70b34f7cc19f1d88756539afb543bd","tarball":"https://registry.npmjs.org/escodegen/-/escodegen-0.0.15.tgz"},"_npmVersion":"1.1.59","_npmUser":{"name":"constellation","email":"utatane.tea@gmail.com"},"directories":{}},"0.0.16":{"name":"escodegen","description":"ECMAScript code generator","homepage":"http://github.com/Constellation/escodegen.html","main":"escodegen.js","bin":{"esgenerate":"./bin/esgenerate.js","escodegen":"./bin/escodegen.js"},"version":"0.0.16","engines":{"node":">=0.4.0"},"maintainers":[{"name":"constellation","email":"utatane.tea@gmail.com"}],"repository":{"type":"git","url":"http://github.com/Constellation/escodegen.git"},"dependencies":{"esprima":">= 1.0.0","estraverse":"~0.0.4","source-map":">= 0.1.2"},"optionalDependencies":{"source-map":">= 0.1.2"},"devDependencies":{"esprima-moz":"*","browserify":"*"},"licenses":[{"type":"BSD","url":"http://github.com/Constellation/escodegen/raw/master/LICENSE.BSD"}],"scripts":{"test":"node test/run.js","build":"(echo '// Generated by browserify'; ./node_modules/.bin/browserify -i source-map tools/entry-point.js) > escodegen.browser.js"},"_id":"escodegen@0.0.16","dist":{"shasum":"81410ecdb666e816c6b9cb707722272952ea7c9f","tarball":"https://registry.npmjs.org/escodegen/-/escodegen-0.0.16.tgz"},"_from":".","_npmVersion":"1.2.2","_npmUser":{"name":"constellation","email":"utatane.tea@gmail.com"},"directories":{}},"0.0.17":{"name":"escodegen","description":"ECMAScript code generator","homepage":"http://github.com/Constellation/escodegen.html","main":"escodegen.js","bin":{"esgenerate":"./bin/esgenerate.js","escodegen":"./bin/escodegen.js"},"version":"0.0.17","engines":{"node":">=0.4.0"},"maintainers":[{"name":"constellation","email":"utatane.tea@gmail.com"}],"repository":{"type":"git","url":"http://github.com/Constellation/escodegen.git"},"dependencies":{"esprima":"~1.0.2","estraverse":"~0.0.4","source-map":">= 0.1.2"},"optionalDependencies":{"source-map":">= 0.1.2"},"devDependencies":{"esprima-moz":"*","browserify":"*"},"licenses":[{"type":"BSD","url":"http://github.com/Constellation/escodegen/raw/master/LICENSE.BSD"}],"scripts":{"test":"node test/run.js","build":"(echo '// Generated by browserify'; ./node_modules/.bin/browserify -i source-map tools/entry-point.js) > escodegen.browser.js"},"_id":"escodegen@0.0.17","dist":{"shasum":"1e78d17df1004fd7a88f2fed3b8b8592f3217f9c","tarball":"https://registry.npmjs.org/escodegen/-/escodegen-0.0.17.tgz"},"_from":".","_npmVersion":"1.2.2","_npmUser":{"name":"constellation","email":"utatane.tea@gmail.com"},"directories":{}},"0.0.18":{"name":"escodegen","description":"ECMAScript code generator","homepage":"http://github.com/Constellation/escodegen.html","main":"escodegen.js","bin":{"esgenerate":"./bin/esgenerate.js","escodegen":"./bin/escodegen.js"},"version":"0.0.18","engines":{"node":">=0.4.0"},"maintainers":[{"name":"constellation","email":"utatane.tea@gmail.com"}],"repository":{"type":"git","url":"http://github.com/Constellation/escodegen.git"},"dependencies":{"esprima":"~1.0.2","estraverse":"~0.0.4","source-map":">= 0.1.2"},"optionalDependencies":{"source-map":">= 0.1.2"},"devDependencies":{"esprima-moz":"*","browserify":"*","q":"*","falafel":"*"},"licenses":[{"type":"BSD","url":"http://github.com/Constellation/escodegen/raw/master/LICENSE.BSD"}],"scripts":{"test":"node test/run.js","release":"node tools/release.js","build":"(echo '// Generated by browserify'; ./node_modules/.bin/browserify -i source-map tools/entry-point.js) > escodegen.browser.js"},"_id":"escodegen@0.0.18","dist":{"shasum":"4128e5a45b12accd16595297c9484b228f05424e","tarball":"https://registry.npmjs.org/escodegen/-/escodegen-0.0.18.tgz"},"_from":".","_npmVersion":"1.2.2","_npmUser":{"name":"constellation","email":"utatane.tea@gmail.com"},"directories":{}},"0.0.19":{"name":"escodegen","description":"ECMAScript code generator","homepage":"http://github.com/Constellation/escodegen.html","main":"escodegen.js","bin":{"esgenerate":"./bin/esgenerate.js","escodegen":"./bin/escodegen.js"},"version":"0.0.19","engines":{"node":">=0.4.0"},"maintainers":[{"name":"constellation","email":"utatane.tea@gmail.com"}],"repository":{"type":"git","url":"http://github.com/Constellation/escodegen.git"},"dependencies":{"esprima":"~1.0.2","estraverse":"~0.0.4","source-map":">= 0.1.2"},"optionalDependencies":{"source-map":">= 0.1.2"},"devDependencies":{"esprima-moz":"*","browserify":"*","q":"*","bower":"*","semver":"*"},"licenses":[{"type":"BSD","url":"http://github.com/Constellation/escodegen/raw/master/LICENSE.BSD"}],"scripts":{"test":"node test/run.js","release":"node tools/release.js","build":"(echo '// Generated by browserify'; ./node_modules/.bin/browserify -i source-map tools/entry-point.js) > escodegen.browser.js"},"_id":"escodegen@0.0.19","dist":{"shasum":"f05f86dfedd2dc96e35f53d3bc2cbcc61996e6e6","tarball":"https://registry.npmjs.org/escodegen/-/escodegen-0.0.19.tgz"},"_from":".","_npmVersion":"1.2.2","_npmUser":{"name":"constellation","email":"utatane.tea@gmail.com"},"directories":{}},"0.0.20":{"name":"escodegen","description":"ECMAScript code generator","homepage":"http://github.com/Constellation/escodegen.html","main":"escodegen.js","bin":{"esgenerate":"./bin/esgenerate.js","escodegen":"./bin/escodegen.js"},"version":"0.0.20","engines":{"node":">=0.4.0"},"maintainers":[{"name":"constellation","email":"utatane.tea@gmail.com"}],"repository":{"type":"git","url":"http://github.com/Constellation/escodegen.git"},"dependencies":{"esprima":"~1.0.2","estraverse":"~0.0.4","source-map":">= 0.1.2"},"optionalDependencies":{"source-map":">= 0.1.2"},"devDependencies":{"esprima-moz":"*","browserify":"*","q":"*","bower":"*","semver":"*"},"licenses":[{"type":"BSD","url":"http://github.com/Constellation/escodegen/raw/master/LICENSE.BSD"}],"scripts":{"test":"node test/run.js","release":"node tools/release.js","build":"(echo '// Generated by browserify'; ./node_modules/.bin/browserify -i source-map tools/entry-point.js) > escodegen.browser.js"},"_id":"escodegen@0.0.20","dist":{"shasum":"82e208fedece972fa5898a80d325e30b091eefe8","tarball":"https://registry.npmjs.org/escodegen/-/escodegen-0.0.20.tgz"},"_from":".","_npmVersion":"1.2.2","_npmUser":{"name":"constellation","email":"utatane.tea@gmail.com"},"directories":{}},"0.0.21":{"name":"escodegen","description":"ECMAScript code generator","homepage":"http://github.com/Constellation/escodegen.html","main":"escodegen.js","bin":{"esgenerate":"./bin/esgenerate.js","escodegen":"./bin/escodegen.js"},"version":"0.0.21","engines":{"node":">=0.4.0"},"maintainers":[{"name":"constellation","email":"utatane.tea@gmail.com"}],"repository":{"type":"git","url":"http://github.com/Constellation/escodegen.git"},"dependencies":{"esprima":"~1.0.2","estraverse":"~0.0.4","source-map":">= 0.1.2"},"optionalDependencies":{"source-map":">= 0.1.2"},"devDependencies":{"esprima-moz":"*","browserify":"*","q":"*","bower":"*","semver":"*"},"licenses":[{"type":"BSD","url":"http://github.com/Constellation/escodegen/raw/master/LICENSE.BSD"}],"scripts":{"test":"node test/run.js","release":"node tools/release.js","build":"(echo '// Generated by browserify'; ./node_modules/.bin/browserify -i source-map tools/entry-point.js) > escodegen.browser.js"},"_id":"escodegen@0.0.21","dist":{"shasum":"53d652cfa1030388279458a5266c5ffc709c63c3","tarball":"https://registry.npmjs.org/escodegen/-/escodegen-0.0.21.tgz"},"_from":".","_npmVersion":"1.2.18","_npmUser":{"name":"constellation","email":"utatane.tea@gmail.com"},"directories":{}},"0.0.22":{"name":"escodegen","description":"ECMAScript code generator","homepage":"http://github.com/Constellation/escodegen.html","main":"escodegen.js","bin":{"esgenerate":"./bin/esgenerate.js","escodegen":"./bin/escodegen.js"},"version":"0.0.22","engines":{"node":">=0.4.0"},"maintainers":[{"name":"constellation","email":"utatane.tea@gmail.com"}],"repository":{"type":"git","url":"http://github.com/Constellation/escodegen.git"},"dependencies":{"esprima":"~1.0.2","estraverse":"~0.0.4","source-map":">= 0.1.2"},"optionalDependencies":{"source-map":">= 0.1.2"},"devDependencies":{"esprima-moz":"*","browserify":"*","q":"*","bower":"*","semver":"*"},"licenses":[{"type":"BSD","url":"http://github.com/Constellation/escodegen/raw/master/LICENSE.BSD"}],"scripts":{"test":"node test/run.js","release":"node tools/release.js","build":"(echo '// Generated by browserify'; ./node_modules/.bin/browserify -i source-map tools/entry-point.js) > escodegen.browser.js"},"_id":"escodegen@0.0.22","dist":{"shasum":"4c9ba6e9f353aaba3eccdb045e93f9543cbb739d","tarball":"https://registry.npmjs.org/escodegen/-/escodegen-0.0.22.tgz"},"_from":".","_npmVersion":"1.2.18","_npmUser":{"name":"constellation","email":"utatane.tea@gmail.com"},"directories":{}},"0.0.23":{"name":"escodegen","description":"ECMAScript code generator","homepage":"http://github.com/Constellation/escodegen.html","main":"escodegen.js","bin":{"esgenerate":"./bin/esgenerate.js","escodegen":"./bin/escodegen.js"},"version":"0.0.23","engines":{"node":">=0.4.0"},"maintainers":[{"name":"constellation","email":"utatane.tea@gmail.com"}],"repository":{"type":"git","url":"http://github.com/Constellation/escodegen.git"},"dependencies":{"esprima":"~1.0.2","estraverse":"~0.0.4","source-map":">= 0.1.2"},"optionalDependencies":{"source-map":">= 0.1.2"},"devDependencies":{"esprima-moz":"*","browserify":"*","q":"*","bower":"*","semver":"*"},"licenses":[{"type":"BSD","url":"http://github.com/Constellation/escodegen/raw/master/LICENSE.BSD"}],"scripts":{"test":"node test/run.js","release":"node tools/release.js","build":"(echo '// Generated by browserify'; ./node_modules/.bin/browserify -i source-map tools/entry-point.js) > escodegen.browser.js"},"_id":"escodegen@0.0.23","dist":{"shasum":"9acf978164368e42276571f18839c823b3a844df","tarball":"https://registry.npmjs.org/escodegen/-/escodegen-0.0.23.tgz"},"_from":".","_npmVersion":"1.2.2","_npmUser":{"name":"constellation","email":"utatane.tea@gmail.com"},"directories":{}},"0.0.24":{"name":"escodegen","description":"ECMAScript code generator","homepage":"http://github.com/Constellation/escodegen.html","main":"escodegen.js","bin":{"esgenerate":"./bin/esgenerate.js","escodegen":"./bin/escodegen.js"},"version":"0.0.24","engines":{"node":">=0.4.0"},"maintainers":[{"name":"constellation","email":"utatane.tea@gmail.com"}],"repository":{"type":"git","url":"http://github.com/Constellation/escodegen.git"},"dependencies":{"esprima":"~1.0.2","estraverse":"~0.0.4","source-map":">= 0.1.2"},"optionalDependencies":{"source-map":">= 0.1.2"},"devDependencies":{"esprima-moz":"*","browserify":"*","q":"*","bower":"*","semver":"*","chai":"~1.7.2","grunt-contrib-jshint":"~0.6.0","grunt":"~0.4.1","grunt-mocha-test":"~0.5.0","grunt-cli":"~0.1.9"},"licenses":[{"type":"BSD","url":"http://github.com/Constellation/escodegen/raw/master/LICENSE.BSD"}],"scripts":{"test":"grunt travis","unit-test":"grunt test","lint":"grunt lint","release":"node tools/release.js","build":"(echo '// Generated by browserify'; ./node_modules/.bin/browserify -i source-map tools/entry-point.js) > escodegen.browser.js"},"bugs":{"url":"https://github.com/Constellation/escodegen/issues"},"_id":"escodegen@0.0.24","dist":{"shasum":"b6ce32abbf9458249c40983d9b866ac0457a8a1d","tarball":"https://registry.npmjs.org/escodegen/-/escodegen-0.0.24.tgz"},"_from":".","_npmVersion":"1.2.32","_npmUser":{"name":"constellation","email":"utatane.tea@gmail.com"},"directories":{}},"0.0.25":{"name":"escodegen","description":"ECMAScript code generator","homepage":"http://github.com/Constellation/escodegen.html","main":"escodegen.js","bin":{"esgenerate":"./bin/esgenerate.js","escodegen":"./bin/escodegen.js"},"version":"0.0.25","engines":{"node":">=0.4.0"},"maintainers":[{"name":"constellation","email":"utatane.tea@gmail.com"}],"repository":{"type":"git","url":"http://github.com/Constellation/escodegen.git"},"dependencies":{"esprima":"~1.0.2","estraverse":"~1.3.0","source-map":">= 0.1.2"},"optionalDependencies":{"source-map":">= 0.1.2"},"devDependencies":{"esprima-moz":"*","commonjs-everywhere":"~0.8.0","q":"*","bower":"*","semver":"*","chai":"~1.7.2","grunt-contrib-jshint":"~0.5.0","grunt-cli":"~0.1.9","grunt":"~0.4.1","grunt-mocha-test":"~0.6.2"},"licenses":[{"type":"BSD","url":"http://github.com/Constellation/escodegen/raw/master/LICENSE.BSD"}],"scripts":{"test":"grunt travis","unit-test":"grunt test","lint":"grunt lint","release":"node tools/release.js","build":"./node_modules/.bin/cjsify -ma path: tools/entry-point.js > escodegen.browser.js"},"bugs":{"url":"https://github.com/Constellation/escodegen/issues"},"_id":"escodegen@0.0.25","dist":{"shasum":"7a177194df3d0ebe4d39a952351e3f0fc977b77d","tarball":"https://registry.npmjs.org/escodegen/-/escodegen-0.0.25.tgz"},"_from":".","_npmVersion":"1.2.32","_npmUser":{"name":"constellation","email":"utatane.tea@gmail.com"},"directories":{}},"0.0.26":{"name":"escodegen","description":"ECMAScript code generator","homepage":"http://github.com/Constellation/escodegen.html","main":"escodegen.js","bin":{"esgenerate":"./bin/esgenerate.js","escodegen":"./bin/escodegen.js"},"version":"0.0.26","engines":{"node":">=0.4.0"},"maintainers":[{"name":"constellation","email":"utatane.tea@gmail.com"}],"repository":{"type":"git","url":"http://github.com/Constellation/escodegen.git"},"dependencies":{"esprima":"~1.0.2","estraverse":"~1.3.0","source-map":">= 0.1.2"},"optionalDependencies":{"source-map":">= 0.1.2"},"devDependencies":{"esprima-moz":"*","commonjs-everywhere":"~0.8.0","q":"*","bower":"*","semver":"*","chai":"~1.7.2","grunt-contrib-jshint":"~0.5.0","grunt-cli":"~0.1.9","grunt":"~0.4.1","grunt-mocha-test":"~0.6.2"},"licenses":[{"type":"BSD","url":"http://github.com/Constellation/escodegen/raw/master/LICENSE.BSD"}],"scripts":{"test":"grunt travis","unit-test":"grunt test","lint":"grunt lint","release":"node tools/release.js","build":"./node_modules/.bin/cjsify -ma path: tools/entry-point.js > escodegen.browser.js"},"_id":"escodegen@0.0.26","dist":{"shasum":"9b353e7c5a7b7c35fbadb8e4ecfcd8d1d218547e","tarball":"https://registry.npmjs.org/escodegen/-/escodegen-0.0.26.tgz"},"_from":".","_npmVersion":"1.2.18","_npmUser":{"name":"constellation","email":"utatane.tea@gmail.com"},"directories":{}},"0.0.27":{"name":"escodegen","description":"ECMAScript code generator","homepage":"http://github.com/Constellation/escodegen.html","main":"escodegen.js","bin":{"esgenerate":"./bin/esgenerate.js","escodegen":"./bin/escodegen.js"},"version":"0.0.27","engines":{"node":">=0.4.0"},"maintainers":[{"name":"constellation","email":"utatane.tea@gmail.com"}],"repository":{"type":"git","url":"http://github.com/Constellation/escodegen.git"},"dependencies":{"esprima":"~1.0.2","estraverse":"~1.3.0","source-map":">= 0.1.2"},"optionalDependencies":{"source-map":">= 0.1.2"},"devDependencies":{"esprima-moz":"*","commonjs-everywhere":"~0.8.0","q":"*","bower":"*","semver":"*","chai":"~1.7.2","grunt-contrib-jshint":"~0.5.0","grunt-cli":"~0.1.9","grunt":"~0.4.1","grunt-mocha-test":"~0.6.2"},"licenses":[{"type":"BSD","url":"http://github.com/Constellation/escodegen/raw/master/LICENSE.BSD"}],"scripts":{"test":"grunt travis","unit-test":"grunt test","lint":"grunt lint","release":"node tools/release.js","build":"./node_modules/.bin/cjsify -ma path: tools/entry-point.js > escodegen.browser.js"},"bugs":{"url":"https://github.com/Constellation/escodegen/issues"},"_id":"escodegen@0.0.27","dist":{"shasum":"3ba2c3834cc5c1823793ef46a4554d54f4b5a810","tarball":"https://registry.npmjs.org/escodegen/-/escodegen-0.0.27.tgz"},"_from":".","_npmVersion":"1.2.32","_npmUser":{"name":"constellation","email":"utatane.tea@gmail.com"},"directories":{}},"0.0.28":{"name":"escodegen","description":"ECMAScript code generator","homepage":"http://github.com/Constellation/escodegen.html","main":"escodegen.js","bin":{"esgenerate":"./bin/esgenerate.js","escodegen":"./bin/escodegen.js"},"version":"0.0.28","engines":{"node":">=0.4.0"},"maintainers":[{"name":"constellation","email":"utatane.tea@gmail.com"}],"repository":{"type":"git","url":"http://github.com/Constellation/escodegen.git"},"dependencies":{"esprima":"~1.0.2","estraverse":"~1.3.0","source-map":">= 0.1.2"},"optionalDependencies":{"source-map":">= 0.1.2"},"devDependencies":{"esprima-moz":"*","commonjs-everywhere":"~0.8.0","q":"*","bower":"*","semver":"*","chai":"~1.7.2","grunt-contrib-jshint":"~0.5.0","grunt-cli":"~0.1.9","grunt":"~0.4.1","grunt-mocha-test":"~0.6.2"},"licenses":[{"type":"BSD","url":"http://github.com/Constellation/escodegen/raw/master/LICENSE.BSD"}],"scripts":{"test":"grunt travis","unit-test":"grunt test","lint":"grunt lint","release":"node tools/release.js","build-min":"./node_modules/.bin/cjsify -ma path: tools/entry-point.js > escodegen.browser.min.js","build":"./node_modules/.bin/cjsify -a path: tools/entry-point.js > escodegen.browser.js"},"bugs":{"url":"https://github.com/Constellation/escodegen/issues"},"_id":"escodegen@0.0.28","dist":{"shasum":"0e4ff1715f328775d6cab51ac44a406cd7abffd3","tarball":"https://registry.npmjs.org/escodegen/-/escodegen-0.0.28.tgz"},"_from":".","_npmVersion":"1.3.8","_npmUser":{"name":"constellation","email":"utatane.tea@gmail.com"},"directories":{}},"1.0.0":{"name":"escodegen","description":"ECMAScript code generator","homepage":"http://github.com/Constellation/escodegen.html","main":"escodegen.js","bin":{"esgenerate":"./bin/esgenerate.js","escodegen":"./bin/escodegen.js"},"version":"1.0.0","engines":{"node":">=0.4.0"},"maintainers":[{"name":"constellation","email":"utatane.tea@gmail.com"}],"repository":{"type":"git","url":"http://github.com/Constellation/escodegen.git"},"dependencies":{"esprima":"~1.0.2","estraverse":"~1.4.0","source-map":"~0.1.30"},"optionalDependencies":{"source-map":"~0.1.30"},"devDependencies":{"esprima-moz":"*","commonjs-everywhere":"~0.8.0","q":"*","bower":"*","semver":"*","chai":"~1.7.2","grunt-contrib-jshint":"~0.5.0","grunt-cli":"~0.1.9","grunt":"~0.4.1","grunt-mocha-test":"~0.6.2"},"licenses":[{"type":"BSD","url":"http://github.com/Constellation/escodegen/raw/master/LICENSE.BSD"}],"scripts":{"test":"grunt travis","unit-test":"grunt test","lint":"grunt lint","release":"node tools/release.js","build-min":"./node_modules/.bin/cjsify -ma path: tools/entry-point.js > escodegen.browser.min.js","build":"./node_modules/.bin/cjsify -a path: tools/entry-point.js > escodegen.browser.js"},"bugs":{"url":"https://github.com/Constellation/escodegen/issues"},"_id":"escodegen@1.0.0","dist":{"shasum":"8428e45aec9f8d15ccd57859a83c34a91688fd2d","tarball":"https://registry.npmjs.org/escodegen/-/escodegen-1.0.0.tgz"},"_from":".","_npmVersion":"1.3.11","_npmUser":{"name":"constellation","email":"utatane.tea@gmail.com"},"directories":{}},"1.0.1":{"name":"escodegen","description":"ECMAScript code generator","homepage":"http://github.com/Constellation/escodegen","main":"escodegen.js","bin":{"esgenerate":"./bin/esgenerate.js","escodegen":"./bin/escodegen.js"},"version":"1.0.1","engines":{"node":">=0.4.0"},"maintainers":[{"name":"constellation","email":"utatane.tea@gmail.com"}],"repository":{"type":"git","url":"http://github.com/Constellation/escodegen.git"},"dependencies":{"esprima":"~1.0.4","estraverse":"~1.5.0","esutils":"~1.0.0","source-map":"~0.1.30"},"optionalDependencies":{"source-map":"~0.1.30"},"devDependencies":{"esprima-moz":"*","commonjs-everywhere":"~0.8.0","q":"*","bower":"*","semver":"*","chai":"~1.7.2","grunt-contrib-jshint":"~0.5.0","grunt-cli":"~0.1.9","grunt":"~0.4.1","grunt-mocha-test":"~0.6.2"},"licenses":[{"type":"BSD","url":"http://github.com/Constellation/escodegen/raw/master/LICENSE.BSD"}],"scripts":{"test":"grunt travis","unit-test":"grunt test","lint":"grunt lint","release":"node tools/release.js","build-min":"./node_modules/.bin/cjsify -ma path: tools/entry-point.js > escodegen.browser.min.js","build":"./node_modules/.bin/cjsify -a path: tools/entry-point.js > escodegen.browser.js"},"bugs":{"url":"https://github.com/Constellation/escodegen/issues"},"_id":"escodegen@1.0.1","dist":{"shasum":"84c92c4a07440271b90e6b78e620973bf721226e","tarball":"https://registry.npmjs.org/escodegen/-/escodegen-1.0.1.tgz"},"_from":".","_npmVersion":"1.3.11","_npmUser":{"name":"constellation","email":"utatane.tea@gmail.com"},"directories":{}},"1.1.0":{"name":"escodegen","description":"ECMAScript code generator","homepage":"http://github.com/Constellation/escodegen","main":"escodegen.js","bin":{"esgenerate":"./bin/esgenerate.js","escodegen":"./bin/escodegen.js"},"version":"1.1.0","engines":{"node":">=0.4.0"},"maintainers":[{"name":"constellation","email":"utatane.tea@gmail.com"}],"repository":{"type":"git","url":"http://github.com/Constellation/escodegen.git"},"dependencies":{"esprima":"~1.0.4","estraverse":"~1.5.0","esutils":"~1.0.0","source-map":"~0.1.30"},"optionalDependencies":{"source-map":"~0.1.30"},"devDependencies":{"esprima-moz":"*","commonjs-everywhere":"~0.8.0","q":"*","bower":"*","semver":"*","chai":"~1.7.2","grunt-contrib-jshint":"~0.5.0","grunt-cli":"~0.1.9","grunt":"~0.4.1","grunt-mocha-test":"~0.6.2"},"licenses":[{"type":"BSD","url":"http://github.com/Constellation/escodegen/raw/master/LICENSE.BSD"}],"scripts":{"test":"grunt travis","unit-test":"grunt test","lint":"grunt lint","release":"node tools/release.js","build-min":"./node_modules/.bin/cjsify -ma path: tools/entry-point.js > escodegen.browser.min.js","build":"./node_modules/.bin/cjsify -a path: tools/entry-point.js > escodegen.browser.js"},"bugs":{"url":"https://github.com/Constellation/escodegen/issues"},"_id":"escodegen@1.1.0","dist":{"shasum":"c663923f6e20aad48d0c0fa49f31c6d4f49360cf","tarball":"https://registry.npmjs.org/escodegen/-/escodegen-1.1.0.tgz"},"_from":".","_npmVersion":"1.3.21","_npmUser":{"name":"constellation","email":"utatane.tea@gmail.com"},"directories":{}},"1.2.0":{"name":"escodegen","description":"ECMAScript code generator","homepage":"http://github.com/Constellation/escodegen","main":"escodegen.js","bin":{"esgenerate":"./bin/esgenerate.js","escodegen":"./bin/escodegen.js"},"version":"1.2.0","engines":{"node":">=0.4.0"},"maintainers":[{"name":"constellation","email":"utatane.tea@gmail.com"}],"repository":{"type":"git","url":"http://github.com/Constellation/escodegen.git"},"dependencies":{"esprima":"~1.0.4","estraverse":"~1.5.0","esutils":"~1.0.0","source-map":"~0.1.30"},"optionalDependencies":{"source-map":"~0.1.30"},"devDependencies":{"esprima-moz":"*","q":"*","bower":"*","semver":"*","chai":"~1.7.2","gulp":"~3.5.0","gulp-mocha":"~0.4.1","gulp-eslint":"~0.1.2","jshint-stylish":"~0.1.5","gulp-jshint":"~1.4.0","commonjs-everywhere":"~0.9.6"},"licenses":[{"type":"BSD","url":"http://github.com/Constellation/escodegen/raw/master/LICENSE.BSD"}],"scripts":{"test":"gulp travis","unit-test":"gulp test","lint":"gulp lint","release":"node tools/release.js","build-min":"./node_modules/.bin/cjsify -ma path: tools/entry-point.js > escodegen.browser.min.js","build":"./node_modules/.bin/cjsify -a path: tools/entry-point.js > escodegen.browser.js"},"bugs":{"url":"https://github.com/Constellation/escodegen/issues"},"_id":"escodegen@1.2.0","dist":{"shasum":"09de7967791cc958b7f89a2ddb6d23451af327e1","tarball":"https://registry.npmjs.org/escodegen/-/escodegen-1.2.0.tgz"},"_from":".","_npmVersion":"1.3.21","_npmUser":{"name":"constellation","email":"utatane.tea@gmail.com"},"directories":{}},"1.3.0":{"name":"escodegen","description":"ECMAScript code generator","homepage":"http://github.com/Constellation/escodegen","main":"escodegen.js","bin":{"esgenerate":"./bin/esgenerate.js","escodegen":"./bin/escodegen.js"},"version":"1.3.0","engines":{"node":">=0.4.0"},"maintainers":[{"name":"constellation","email":"utatane.tea@gmail.com"}],"repository":{"type":"git","url":"http://github.com/Constellation/escodegen.git"},"dependencies":{"esprima":"~1.0.4","estraverse":"~1.5.0","esutils":"~1.0.0","source-map":"~0.1.30"},"optionalDependencies":{"source-map":"~0.1.30"},"devDependencies":{"esprima-moz":"*","q":"*","bower":"*","semver":"*","chai":"~1.7.2","gulp":"~3.5.0","gulp-mocha":"~0.4.1","gulp-eslint":"~0.1.2","jshint-stylish":"~0.1.5","gulp-jshint":"~1.4.0","commonjs-everywhere":"~0.9.6"},"licenses":[{"type":"BSD","url":"http://github.com/Constellation/escodegen/raw/master/LICENSE.BSD"}],"scripts":{"test":"gulp travis","unit-test":"gulp test","lint":"gulp lint","release":"node tools/release.js","build-min":"./node_modules/.bin/cjsify -ma path: tools/entry-point.js > escodegen.browser.min.js","build":"./node_modules/.bin/cjsify -a path: tools/entry-point.js > escodegen.browser.js"},"bugs":{"url":"https://github.com/Constellation/escodegen/issues"},"_id":"escodegen@1.3.0","dist":{"shasum":"9d7b4aa74aa32f300474381c098f930eb1e9973a","tarball":"https://registry.npmjs.org/escodegen/-/escodegen-1.3.0.tgz"},"_from":".","_npmVersion":"1.3.21","_npmUser":{"name":"constellation","email":"utatane.tea@gmail.com"},"directories":{}},"1.3.1":{"name":"escodegen","description":"ECMAScript code generator","homepage":"http://github.com/Constellation/escodegen","main":"escodegen.js","bin":{"esgenerate":"./bin/esgenerate.js","escodegen":"./bin/escodegen.js"},"version":"1.3.1","engines":{"node":">=0.4.0"},"maintainers":[{"name":"constellation","email":"utatane.tea@gmail.com"}],"repository":{"type":"git","url":"http://github.com/Constellation/escodegen.git"},"dependencies":{"estraverse":"~1.5.0","esutils":"~1.0.0","esprima":"~1.1.1","source-map":"~0.1.30"},"optionalDependencies":{"source-map":"~0.1.30"},"devDependencies":{"esprima-moz":"*","semver":"*","chai":"~1.7.2","gulp":"~3.5.0","gulp-mocha":"~0.4.1","gulp-eslint":"~0.1.2","jshint-stylish":"~0.1.5","gulp-jshint":"~1.4.0","commonjs-everywhere":"~0.9.6","bluebird":"~1.2.0","bower-registry-client":"~0.2.0"},"licenses":[{"type":"BSD","url":"http://github.com/Constellation/escodegen/raw/master/LICENSE.BSD"}],"scripts":{"test":"gulp travis","unit-test":"gulp test","lint":"gulp lint","release":"node tools/release.js","build-min":"./node_modules/.bin/cjsify -ma path: tools/entry-point.js > escodegen.browser.min.js","build":"./node_modules/.bin/cjsify -a path: tools/entry-point.js > escodegen.browser.js"},"bugs":{"url":"https://github.com/Constellation/escodegen/issues"},"_id":"escodegen@1.3.1","dist":{"shasum":"ed09273487261cf06fb46ef89f415ed960bb89b4","tarball":"https://registry.npmjs.org/escodegen/-/escodegen-1.3.1.tgz"},"_from":".","_npmVersion":"1.3.21","_npmUser":{"name":"constellation","email":"utatane.tea@gmail.com"},"directories":{}},"1.3.2":{"name":"escodegen","description":"ECMAScript code generator","homepage":"http://github.com/Constellation/escodegen","main":"escodegen.js","bin":{"esgenerate":"./bin/esgenerate.js","escodegen":"./bin/escodegen.js"},"version":"1.3.2","engines":{"node":">=0.4.0"},"maintainers":[{"name":"constellation","email":"utatane.tea@gmail.com"}],"repository":{"type":"git","url":"http://github.com/Constellation/escodegen.git"},"dependencies":{"esutils":"~1.0.0","estraverse":"~1.5.0","esprima":"~1.1.1","source-map":"~0.1.33"},"optionalDependencies":{"source-map":"~0.1.33"},"devDependencies":{"esprima-moz":"*","semver":"*","chai":"~1.7.2","gulp":"~3.5.0","gulp-mocha":"~0.4.1","gulp-eslint":"~0.1.2","jshint-stylish":"~0.1.5","gulp-jshint":"~1.4.0","commonjs-everywhere":"~0.9.6","bluebird":"~1.2.0","bower-registry-client":"~0.2.0"},"licenses":[{"type":"BSD","url":"http://github.com/Constellation/escodegen/raw/master/LICENSE.BSD"}],"scripts":{"test":"gulp travis","unit-test":"gulp test","lint":"gulp lint","release":"node tools/release.js","build-min":"./node_modules/.bin/cjsify -ma path: tools/entry-point.js > escodegen.browser.min.js","build":"./node_modules/.bin/cjsify -a path: tools/entry-point.js > escodegen.browser.js"},"bugs":{"url":"https://github.com/Constellation/escodegen/issues"},"_id":"escodegen@1.3.2","dist":{"shasum":"bb0f434dbd594f2060639a79b4b06259dd5372de","tarball":"https://registry.npmjs.org/escodegen/-/escodegen-1.3.2.tgz"},"_from":".","_npmVersion":"1.3.11","_npmUser":{"name":"constellation","email":"utatane.tea@gmail.com"},"directories":{}},"1.3.3":{"name":"escodegen","description":"ECMAScript code generator","homepage":"http://github.com/Constellation/escodegen","main":"escodegen.js","bin":{"esgenerate":"./bin/esgenerate.js","escodegen":"./bin/escodegen.js"},"version":"1.3.3","engines":{"node":">=0.10.0"},"maintainers":[{"name":"constellation","email":"utatane.tea@gmail.com"}],"repository":{"type":"git","url":"http://github.com/Constellation/escodegen.git"},"dependencies":{"esutils":"~1.0.0","estraverse":"~1.5.0","esprima":"~1.1.1","source-map":"~0.1.33"},"optionalDependencies":{"source-map":"~0.1.33"},"devDependencies":{"esprima-moz":"*","semver":"*","chai":"~1.7.2","gulp":"~3.5.0","gulp-mocha":"~0.4.1","gulp-eslint":"~0.1.2","jshint-stylish":"~0.1.5","gulp-jshint":"~1.4.0","commonjs-everywhere":"~0.9.6","bluebird":"~1.2.0","bower-registry-client":"~0.2.0"},"licenses":[{"type":"BSD","url":"http://github.com/Constellation/escodegen/raw/master/LICENSE.BSD"}],"scripts":{"test":"gulp travis","unit-test":"gulp test","lint":"gulp lint","release":"node tools/release.js","build-min":"cjsify -ma path: tools/entry-point.js > escodegen.browser.min.js","build":"cjsify -a path: tools/entry-point.js > escodegen.browser.js"},"bugs":{"url":"https://github.com/Constellation/escodegen/issues"},"_id":"escodegen@1.3.3","dist":{"shasum":"f024016f5a88e046fd12005055e939802e6c5f23","tarball":"https://registry.npmjs.org/escodegen/-/escodegen-1.3.3.tgz"},"_from":".","_npmVersion":"1.4.3","_npmUser":{"name":"constellation","email":"utatane.tea@gmail.com"},"directories":{}},"1.4.0":{"name":"escodegen","description":"ECMAScript code generator","homepage":"http://github.com/Constellation/escodegen","main":"escodegen.js","bin":{"esgenerate":"./bin/esgenerate.js","escodegen":"./bin/escodegen.js"},"version":"1.4.0","engines":{"node":">=0.10.0"},"maintainers":[{"name":"constellation","email":"utatane.tea@gmail.com"}],"repository":{"type":"git","url":"http://github.com/Constellation/escodegen.git"},"dependencies":{"estraverse":"^1.5.1","esutils":"^1.1.4","esprima":"^1.2.2","source-map":"~0.1.37"},"optionalDependencies":{"source-map":"~0.1.37"},"devDependencies":{"esprima-moz":"*","semver":"^3.0.1","bluebird":"^2.2.2","jshint-stylish":"^0.4.0","chai":"^1.9.1","gulp-mocha":"^1.0.0","gulp-eslint":"^0.1.8","gulp":"^3.8.6","bower-registry-client":"^0.2.1","gulp-jshint":"^1.8.0","commonjs-everywhere":"^0.9.7"},"licenses":[{"type":"BSD","url":"http://github.com/Constellation/escodegen/raw/master/LICENSE.BSD"}],"scripts":{"test":"gulp travis","unit-test":"gulp test","lint":"gulp lint","release":"node tools/release.js","build-min":"cjsify -ma path: tools/entry-point.js > escodegen.browser.min.js","build":"cjsify -a path: tools/entry-point.js > escodegen.browser.js"},"gitHead":"1c4365a80b7ca04a8234e2b9a211f6619f810159","bugs":{"url":"https://github.com/Constellation/escodegen/issues"},"_id":"escodegen@1.4.0","_shasum":"4b5a8942261f0fd65ac57523298b78d7cbe6701f","_from":".","_npmVersion":"2.0.0-alpha-5","_npmUser":{"name":"constellation","email":"utatane.tea@gmail.com"},"dist":{"shasum":"4b5a8942261f0fd65ac57523298b78d7cbe6701f","tarball":"https://registry.npmjs.org/escodegen/-/escodegen-1.4.0.tgz"},"directories":{}},"1.4.1":{"name":"escodegen","description":"ECMAScript code generator","homepage":"http://github.com/Constellation/escodegen","main":"escodegen.js","bin":{"esgenerate":"./bin/esgenerate.js","escodegen":"./bin/escodegen.js"},"version":"1.4.1","engines":{"node":">=0.10.0"},"maintainers":[{"name":"constellation","email":"utatane.tea@gmail.com"}],"repository":{"type":"git","url":"http://github.com/Constellation/escodegen.git"},"dependencies":{"estraverse":"^1.5.1","esutils":"^1.1.4","esprima":"^1.2.2","source-map":"~0.1.37"},"optionalDependencies":{"source-map":"~0.1.37"},"devDependencies":{"esprima-moz":"*","semver":"^3.0.1","bluebird":"^2.2.2","jshint-stylish":"^0.4.0","chai":"^1.9.1","gulp-mocha":"^1.0.0","gulp-eslint":"^0.1.8","gulp":"^3.8.6","bower-registry-client":"^0.2.1","gulp-jshint":"^1.8.0","commonjs-everywhere":"^0.9.7"},"licenses":[{"type":"BSD","url":"http://github.com/Constellation/escodegen/raw/master/LICENSE.BSD"}],"scripts":{"test":"gulp travis","unit-test":"gulp test","lint":"gulp lint","release":"node tools/release.js","build-min":"cjsify -ma path: tools/entry-point.js > escodegen.browser.min.js","build":"cjsify -a path: tools/entry-point.js > escodegen.browser.js"},"gitHead":"87296a9ac34dcaf6567bd7e3d351e4a227b434dc","bugs":{"url":"https://github.com/Constellation/escodegen/issues"},"_id":"escodegen@1.4.1","_shasum":"8c2562ff45da348975953e8c0a57f40848962ec7","_from":".","_npmVersion":"2.0.0-alpha-5","_npmUser":{"name":"constellation","email":"utatane.tea@gmail.com"},"dist":{"shasum":"8c2562ff45da348975953e8c0a57f40848962ec7","tarball":"https://registry.npmjs.org/escodegen/-/escodegen-1.4.1.tgz"},"directories":{}},"1.4.2":{"name":"escodegen","description":"ECMAScript code generator","homepage":"http://github.com/estools/escodegen","main":"escodegen.js","bin":{"esgenerate":"./bin/esgenerate.js","escodegen":"./bin/escodegen.js"},"version":"1.4.2","engines":{"node":">=0.10.0"},"maintainers":[{"name":"constellation","email":"utatane.tea@gmail.com"}],"repository":{"type":"git","url":"http://github.com/estools/escodegen.git"},"dependencies":{"estraverse":"^1.9.0","esutils":"^1.1.6","esprima":"^1.2.2","optionator":"^0.4.0","source-map":"~0.1.40"},"optionalDependencies":{"source-map":"~0.1.40"},"devDependencies":{"esprima-moz":"*","semver":"^4.1.0","bluebird":"^2.3.11","chai":"^1.10.0","gulp-mocha":"^2.0.0","gulp-eslint":"^0.2.0","gulp":"^3.8.10","bower-registry-client":"^0.2.1","commonjs-everywhere":"^0.9.7"},"licenses":[{"type":"BSD","url":"http://github.com/estools/escodegen/raw/master/LICENSE.BSD"}],"scripts":{"test":"gulp travis","unit-test":"gulp test","lint":"gulp lint","release":"node tools/release.js","build-min":"cjsify -ma path: tools/entry-point.js > escodegen.browser.min.js","build":"cjsify -a path: tools/entry-point.js > escodegen.browser.js"},"gitHead":"0e9d45147a49eba4b68dec70233496e3dfcfdac8","bugs":{"url":"https://github.com/estools/escodegen/issues"},"_id":"escodegen@1.4.2","_shasum":"6fe5e807623b94c01ea8612cf6a94a06b4e532c8","_from":".","_npmVersion":"2.0.0-alpha-5","_npmUser":{"name":"constellation","email":"utatane.tea@gmail.com"},"dist":{"shasum":"6fe5e807623b94c01ea8612cf6a94a06b4e532c8","tarball":"https://registry.npmjs.org/escodegen/-/escodegen-1.4.2.tgz"},"directories":{}},"1.4.3":{"name":"escodegen","description":"ECMAScript code generator","homepage":"http://github.com/estools/escodegen","main":"escodegen.js","bin":{"esgenerate":"./bin/esgenerate.js","escodegen":"./bin/escodegen.js"},"files":["LICENSE.BSD","LICENSE.source-map","README.md","bin","escodegen.js","gulpfile.js","package.json"],"version":"1.4.3","engines":{"node":">=0.10.0"},"maintainers":[{"name":"constellation","email":"utatane.tea@gmail.com"}],"repository":{"type":"git","url":"http://github.com/estools/escodegen.git"},"dependencies":{"estraverse":"^1.9.0","esutils":"^1.1.6","esprima":"^1.2.2","optionator":"^0.4.0","source-map":"~0.1.40"},"optionalDependencies":{"source-map":"~0.1.40"},"devDependencies":{"esprima-moz":"*","semver":"^4.1.0","bluebird":"^2.3.11","chai":"^1.10.0","gulp-mocha":"^2.0.0","gulp-eslint":"^0.2.0","gulp":"^3.8.10","bower-registry-client":"^0.2.1","commonjs-everywhere":"^0.9.7"},"licenses":[{"type":"BSD","url":"http://github.com/estools/escodegen/raw/master/LICENSE.BSD"}],"scripts":{"test":"gulp travis","unit-test":"gulp test","lint":"gulp lint","release":"node tools/release.js","build-min":"cjsify -ma path: tools/entry-point.js > escodegen.browser.min.js","build":"cjsify -a path: tools/entry-point.js > escodegen.browser.js"},"gitHead":"ee238d803cb10af46c7ce5a1aef9b57cf006c317","bugs":{"url":"https://github.com/estools/escodegen/issues"},"_id":"escodegen@1.4.3","_shasum":"2b2422bf18c95e2542effaabc0c998712d490291","_from":".","_npmVersion":"2.0.0-alpha-5","_npmUser":{"name":"constellation","email":"utatane.tea@gmail.com"},"dist":{"shasum":"2b2422bf18c95e2542effaabc0c998712d490291","tarball":"https://registry.npmjs.org/escodegen/-/escodegen-1.4.3.tgz"},"directories":{}},"1.5.0":{"name":"escodegen","description":"ECMAScript code generator","homepage":"http://github.com/estools/escodegen","main":"escodegen.js","bin":{"esgenerate":"./bin/esgenerate.js","escodegen":"./bin/escodegen.js"},"files":["LICENSE.BSD","LICENSE.source-map","README.md","bin","escodegen.js","package.json"],"version":"1.5.0","engines":{"node":">=0.10.0"},"maintainers":[{"name":"constellation","email":"utatane.tea@gmail.com"}],"repository":{"type":"git","url":"http://github.com/estools/escodegen.git"},"dependencies":{"estraverse":"^1.9.1","esutils":"^1.1.6","esprima":"^1.2.2","optionator":"^0.5.0","source-map":"~0.1.40"},"optionalDependencies":{"source-map":"~0.1.40"},"devDependencies":{"esprima-moz":"*","semver":"^4.1.0","bluebird":"^2.3.11","chai":"^1.10.0","gulp-mocha":"^2.0.0","gulp-eslint":"^0.2.0","gulp":"^3.8.10","bower-registry-client":"^0.2.1","commonjs-everywhere":"^0.9.7"},"licenses":[{"type":"BSD","url":"http://github.com/estools/escodegen/raw/master/LICENSE.BSD"}],"scripts":{"test":"gulp travis","unit-test":"gulp test","lint":"gulp lint","release":"node tools/release.js","build-min":"cjsify -ma path: tools/entry-point.js > escodegen.browser.min.js","build":"cjsify -a path: tools/entry-point.js > escodegen.browser.js"},"gitHead":"b63e648cbdbe8c098aac6d48f1b93c6b0c9e0ef1","bugs":{"url":"https://github.com/estools/escodegen/issues"},"_id":"escodegen@1.5.0","_shasum":"17fa592aa0d7b38d89e7de2e94b8200d58bb3261","_from":".","_npmVersion":"2.0.0-alpha-5","_npmUser":{"name":"constellation","email":"utatane.tea@gmail.com"},"dist":{"shasum":"17fa592aa0d7b38d89e7de2e94b8200d58bb3261","tarball":"https://registry.npmjs.org/escodegen/-/escodegen-1.5.0.tgz"},"directories":{}},"1.6.0":{"name":"escodegen","description":"ECMAScript code generator","homepage":"http://github.com/estools/escodegen","main":"escodegen.js","bin":{"esgenerate":"./bin/esgenerate.js","escodegen":"./bin/escodegen.js"},"files":["LICENSE.BSD","LICENSE.source-map","README.md","bin","escodegen.js","package.json"],"version":"1.6.0","engines":{"node":">=0.10.0"},"maintainers":[{"name":"constellation","email":"utatane.tea@gmail.com"}],"repository":{"type":"git","url":"http://github.com/estools/escodegen.git"},"dependencies":{"estraverse":"^1.9.1","esutils":"^1.1.6","esprima":"^1.2.2","optionator":"^0.5.0","source-map":"~0.1.40"},"optionalDependencies":{"source-map":"~0.1.40"},"devDependencies":{"esprima-moz":"*","semver":"^4.1.0","bluebird":"^2.3.11","chai":"^1.10.0","gulp-mocha":"^2.0.0","gulp-eslint":"^0.2.0","gulp":"^3.8.10","bower-registry-client":"^0.2.1","commonjs-everywhere":"^0.9.7"},"licenses":[{"type":"BSD","url":"http://github.com/estools/escodegen/raw/master/LICENSE.BSD"}],"scripts":{"test":"gulp travis","unit-test":"gulp test","lint":"gulp lint","release":"node tools/release.js","build-min":"cjsify -ma path: tools/entry-point.js > escodegen.browser.min.js","build":"cjsify -a path: tools/entry-point.js > escodegen.browser.js"},"gitHead":"ef3a75be69a7a92daa5650bf81fbd1e4203083d2","bugs":{"url":"https://github.com/estools/escodegen/issues"},"_id":"escodegen@1.6.0","_shasum":"b7dbcbd6586915d9da977f74ba2650d2e82bccfb","_from":".","_npmVersion":"2.0.0-alpha-5","_npmUser":{"name":"constellation","email":"utatane.tea@gmail.com"},"dist":{"shasum":"b7dbcbd6586915d9da977f74ba2650d2e82bccfb","tarball":"https://registry.npmjs.org/escodegen/-/escodegen-1.6.0.tgz"},"directories":{}},"1.6.1":{"name":"escodegen","description":"ECMAScript code generator","homepage":"http://github.com/estools/escodegen","main":"escodegen.js","bin":{"esgenerate":"./bin/esgenerate.js","escodegen":"./bin/escodegen.js"},"files":["LICENSE.BSD","LICENSE.source-map","README.md","bin","escodegen.js","package.json"],"version":"1.6.1","engines":{"node":">=0.10.0"},"maintainers":[{"name":"constellation","email":"utatane.tea@gmail.com"}],"repository":{"type":"git","url":"http://github.com/estools/escodegen.git"},"dependencies":{"estraverse":"^1.9.1","esutils":"^1.1.6","esprima":"^1.2.2","optionator":"^0.5.0","source-map":"~0.1.40"},"optionalDependencies":{"source-map":"~0.1.40"},"devDependencies":{"acorn-6to5":"^0.11.1-25","bluebird":"^2.3.11","bower-registry-client":"^0.2.1","chai":"^1.10.0","commonjs-everywhere":"^0.9.7","esprima-moz":"*","gulp":"^3.8.10","gulp-eslint":"^0.2.0","gulp-mocha":"^2.0.0","semver":"^4.1.0"},"licenses":[{"type":"BSD","url":"http://github.com/estools/escodegen/raw/master/LICENSE.BSD"}],"scripts":{"test":"gulp travis","unit-test":"gulp test","lint":"gulp lint","release":"node tools/release.js","build-min":"cjsify -ma path: tools/entry-point.js > escodegen.browser.min.js","build":"cjsify -a path: tools/entry-point.js > escodegen.browser.js"},"gitHead":"1ca664f68dcf220b76c9dc562b2337c5e0b4227d","bugs":{"url":"https://github.com/estools/escodegen/issues"},"_id":"escodegen@1.6.1","_shasum":"367de17d8510540d12bc6dcb8b3f918391265815","_from":".","_npmVersion":"2.0.0-alpha-5","_npmUser":{"name":"constellation","email":"utatane.tea@gmail.com"},"dist":{"shasum":"367de17d8510540d12bc6dcb8b3f918391265815","tarball":"https://registry.npmjs.org/escodegen/-/escodegen-1.6.1.tgz"},"directories":{}},"1.7.0":{"name":"escodegen","description":"ECMAScript code generator","homepage":"http://github.com/estools/escodegen","main":"escodegen.js","bin":{"esgenerate":"./bin/esgenerate.js","escodegen":"./bin/escodegen.js"},"files":["LICENSE.BSD","LICENSE.source-map","README.md","bin","escodegen.js","package.json"],"version":"1.7.0","engines":{"node":">=0.10.0"},"maintainers":[{"name":"constellation","email":"utatane.tea@gmail.com"},{"name":"michaelficarra","email":"npm@michael.ficarra.me"}],"repository":{"type":"git","url":"git+ssh://git@github.com/estools/escodegen.git"},"dependencies":{"estraverse":"^1.9.1","esutils":"^2.0.2","esprima":"^1.2.2","optionator":"^0.5.0","source-map":"~0.2.0"},"optionalDependencies":{"source-map":"~0.2.0"},"devDependencies":{"acorn-6to5":"^0.11.1-25","bluebird":"^2.3.11","bower-registry-client":"^0.2.1","chai":"^1.10.0","commonjs-everywhere":"^0.9.7","esprima-moz":"1.0.0-dev-harmony-moz","gulp":"^3.8.10","gulp-eslint":"^0.2.0","gulp-mocha":"^2.0.0","semver":"^4.1.0"},"license":"BSD-2-Clause","scripts":{"test":"gulp travis","unit-test":"gulp test","lint":"gulp lint","release":"node tools/release.js","build-min":"cjsify -ma path: tools/entry-point.js > escodegen.browser.min.js","build":"cjsify -a path: tools/entry-point.js > escodegen.browser.js"},"gitHead":"5dabbc5441b396febd0afb9252a9afdfa7051657","bugs":{"url":"https://github.com/estools/escodegen/issues"},"_id":"escodegen@1.7.0","_shasum":"4e299d8cc33087b7f29c19e2b9e84362abe35453","_from":".","_npmVersion":"2.11.3","_nodeVersion":"0.12.7","_npmUser":{"name":"michaelficarra","email":"npm@michael.ficarra.me"},"dist":{"shasum":"4e299d8cc33087b7f29c19e2b9e84362abe35453","tarball":"https://registry.npmjs.org/escodegen/-/escodegen-1.7.0.tgz"},"directories":{}},"1.7.1":{"name":"escodegen","description":"ECMAScript code generator","homepage":"http://github.com/estools/escodegen","main":"escodegen.js","bin":{"esgenerate":"./bin/esgenerate.js","escodegen":"./bin/escodegen.js"},"files":["LICENSE.BSD","LICENSE.source-map","README.md","bin","escodegen.js","package.json"],"version":"1.7.1","engines":{"node":">=0.12.0"},"maintainers":[{"name":"constellation","email":"utatane.tea@gmail.com"},{"name":"michaelficarra","email":"npm@michael.ficarra.me"}],"repository":{"type":"git","url":"git+ssh://git@github.com/estools/escodegen.git"},"dependencies":{"estraverse":"^1.9.1","esutils":"^2.0.2","esprima":"^1.2.2","optionator":"^0.5.0","source-map":"~0.2.0"},"optionalDependencies":{"source-map":"~0.2.0"},"devDependencies":{"acorn-6to5":"^0.11.1-25","bluebird":"^2.3.11","bower-registry-client":"^0.2.1","chai":"^1.10.0","commonjs-everywhere":"^0.9.7","gulp":"^3.8.10","gulp-eslint":"^0.2.0","gulp-mocha":"^2.0.0","semver":"^5.1.0"},"license":"BSD-2-Clause","scripts":{"test":"gulp travis","unit-test":"gulp test","lint":"gulp lint","release":"node tools/release.js","build-min":"cjsify -ma path: tools/entry-point.js > escodegen.browser.min.js","build":"cjsify -a path: tools/entry-point.js > escodegen.browser.js"},"gitHead":"f48fa71ce638ec32943c42c2377a08cefe9d8576","bugs":{"url":"https://github.com/estools/escodegen/issues"},"_id":"escodegen@1.7.1","_shasum":"30ecfcf66ca98dc67cd2fd162abeb6eafa8ce6fc","_from":".","_npmVersion":"2.14.7","_nodeVersion":"4.2.2","_npmUser":{"name":"michaelficarra","email":"npm@michael.ficarra.me"},"dist":{"shasum":"30ecfcf66ca98dc67cd2fd162abeb6eafa8ce6fc","tarball":"https://registry.npmjs.org/escodegen/-/escodegen-1.7.1.tgz"},"directories":{}},"1.8.0":{"name":"escodegen","description":"ECMAScript code generator","homepage":"http://github.com/estools/escodegen","main":"escodegen.js","bin":{"esgenerate":"./bin/esgenerate.js","escodegen":"./bin/escodegen.js"},"files":["LICENSE.BSD","LICENSE.source-map","README.md","bin","escodegen.js","package.json"],"version":"1.8.0","engines":{"node":">=0.12.0"},"maintainers":[{"name":"constellation","email":"utatane.tea@gmail.com"},{"name":"michaelficarra","email":"npm@michael.ficarra.me"}],"repository":{"type":"git","url":"git+ssh://git@github.com/estools/escodegen.git"},"dependencies":{"estraverse":"^1.9.1","esutils":"^2.0.2","esprima":"^2.7.1","optionator":"^0.8.1","source-map":"~0.2.0"},"optionalDependencies":{"source-map":"~0.2.0"},"devDependencies":{"acorn-6to5":"^0.11.1-25","bluebird":"^2.3.11","bower-registry-client":"^0.2.1","chai":"^1.10.0","commonjs-everywhere":"^0.9.7","gulp":"^3.8.10","gulp-eslint":"^0.2.0","gulp-mocha":"^2.0.0","semver":"^5.1.0"},"license":"BSD-2-Clause","scripts":{"test":"gulp travis","unit-test":"gulp test","lint":"gulp lint","release":"node tools/release.js","build-min":"cjsify -ma path: tools/entry-point.js > escodegen.browser.min.js","build":"cjsify -a path: tools/entry-point.js > escodegen.browser.js"},"gitHead":"0e8280aa061a0dbefb32d277a05015baa7f3e7f2","bugs":{"url":"https://github.com/estools/escodegen/issues"},"_id":"escodegen@1.8.0","_shasum":"b246aae829ce73d59e2c55727359edd1c130a81b","_from":".","_npmVersion":"2.14.4","_nodeVersion":"4.1.1","_npmUser":{"name":"constellation","email":"utatane.tea@gmail.com"},"dist":{"shasum":"b246aae829ce73d59e2c55727359edd1c130a81b","tarball":"https://registry.npmjs.org/escodegen/-/escodegen-1.8.0.tgz"},"directories":{}}},"readme":"## Escodegen\n[![npm version](https://badge.fury.io/js/escodegen.svg)](http://badge.fury.io/js/escodegen)\n[![Build Status](https://secure.travis-ci.org/estools/escodegen.svg)](http://travis-ci.org/estools/escodegen)\n[![Dependency Status](https://david-dm.org/estools/escodegen.svg)](https://david-dm.org/estools/escodegen)\n[![devDependency Status](https://david-dm.org/estools/escodegen/dev-status.svg)](https://david-dm.org/estools/escodegen#info=devDependencies)\n\nEscodegen ([escodegen](http://github.com/estools/escodegen)) is an\n[ECMAScript](http://www.ecma-international.org/publications/standards/Ecma-262.htm)\n(also popularly known as [JavaScript](http://en.wikipedia.org/wiki/JavaScript))\ncode generator from [Mozilla's Parser API](https://developer.mozilla.org/en/SpiderMonkey/Parser_API)\nAST. See the [online generator](https://estools.github.io/escodegen/demo/index.html)\nfor a demo.\n\n\n### Install\n\nEscodegen can be used in a web browser:\n\n    <script src=\"escodegen.browser.js\"></script>\n\nescodegen.browser.js can be found in tagged revisions on GitHub.\n\nOr in a Node.js application via npm:\n\n    npm install escodegen\n\n### Usage\n\nA simple example: the program\n\n    escodegen.generate({\n        type: 'BinaryExpression',\n        operator: '+',\n        left: { type: 'Literal', value: 40 },\n        right: { type: 'Literal', value: 2 }\n    });\n\nproduces the string `'40 + 2'`.\n\nSee the [API page](https://github.com/estools/escodegen/wiki/API) for\noptions. To run the tests, execute `npm test` in the root directory.\n\n### Building browser bundle / minified browser bundle\n\nAt first, execute `npm install` to install the all dev dependencies.\nAfter that,\n\n    npm run-script build\n\nwill generate `escodegen.browser.js`, which can be used in browser environments.\n\nAnd,\n\n    npm run-script build-min\n\nwill generate the minified file `escodegen.browser.min.js`.\n\n### License\n\n#### Escodegen\n\nCopyright (C) 2012 [Yusuke Suzuki](http://github.com/Constellation)\n (twitter: [@Constellation](http://twitter.com/Constellation)) and other contributors.\n\nRedistribution and use in source and binary forms, with or without\nmodification, are permitted provided that the following conditions are met:\n\n  * Redistributions of source code must retain the above copyright\n    notice, this list of conditions and the following disclaimer.\n\n  * Redistributions in binary form must reproduce the above copyright\n    notice, this list of conditions and the following disclaimer in the\n    documentation and/or other materials provided with the distribution.\n\nTHIS SOFTWARE IS PROVIDED BY THE COPYRIGHT HOLDERS AND CONTRIBUTORS \"AS IS\"\nAND ANY EXPRESS OR IMPLIED WARRANTIES, INCLUDING, BUT NOT LIMITED TO, THE\nIMPLIED WARRANTIES OF MERCHANTABILITY AND FITNESS FOR A PARTICULAR PURPOSE\nARE DISCLAIMED. IN NO EVENT SHALL <COPYRIGHT HOLDER> BE LIABLE FOR ANY\nDIRECT, INDIRECT, INCIDENTAL, SPECIAL, EXEMPLARY, OR CONSEQUENTIAL DAMAGES\n(INCLUDING, BUT NOT LIMITED TO, PROCUREMENT OF SUBSTITUTE GOODS OR SERVICES;\nLOSS OF USE, DATA, OR PROFITS; OR BUSINESS INTERRUPTION) HOWEVER CAUSED AND\nON ANY THEORY OF LIABILITY, WHETHER IN CONTRACT, STRICT LIABILITY, OR TORT\n(INCLUDING NEGLIGENCE OR OTHERWISE) ARISING IN ANY WAY OUT OF THE USE OF\nTHIS SOFTWARE, EVEN IF ADVISED OF THE POSSIBILITY OF SUCH DAMAGE.\n\n#### source-map\n\nSourceNodeMocks has a limited interface of mozilla/source-map SourceNode implementations.\n\nCopyright (c) 2009-2011, Mozilla Foundation and contributors\nAll rights reserved.\n\nRedistribution and use in source and binary forms, with or without\nmodification, are permitted provided that the following conditions are met:\n\n* Redistributions of source code must retain the above copyright notice, this\n  list of conditions and the following disclaimer.\n\n* Redistributions in binary form must reproduce the above copyright notice,\n  this list of conditions and the following disclaimer in the documentation\n  and/or other materials provided with the distribution.\n\n* Neither the names of the Mozilla Foundation nor the names of project\n  contributors may be used to endorse or promote products derived from this\n  software without specific prior written permission.\n\nTHIS SOFTWARE IS PROVIDED BY THE COPYRIGHT HOLDERS AND CONTRIBUTORS \"AS IS\" AND\nANY EXPRESS OR IMPLIED WARRANTIES, INCLUDING, BUT NOT LIMITED TO, THE IMPLIED\nWARRANTIES OF MERCHANTABILITY AND FITNESS FOR A PARTICULAR PURPOSE ARE\nDISCLAIMED. IN NO EVENT SHALL THE COPYRIGHT HOLDER OR CONTRIBUTORS BE LIABLE\nFOR ANY DIRECT, INDIRECT, INCIDENTAL, SPECIAL, EXEMPLARY, OR CONSEQUENTIAL\nDAMAGES (INCLUDING, BUT NOT LIMITED TO, PROCUREMENT OF SUBSTITUTE GOODS OR\nSERVICES; LOSS OF USE, DATA, OR PROFITS; OR BUSINESS INTERRUPTION) HOWEVER\nCAUSED AND ON ANY THEORY OF LIABILITY, WHETHER IN CONTRACT, STRICT LIABILITY,\nOR TORT (INCLUDING NEGLIGENCE OR OTHERWISE) ARISING IN ANY WAY OUT OF THE USE\nOF THIS SOFTWARE, EVEN IF ADVISED OF THE POSSIBILITY OF SUCH DAMAGE.\n","maintainers":[{"name":"constellation","email":"utatane.tea@gmail.com"},{"name":"michaelficarra","email":"npm@michael.ficarra.me"}],"time":{"modified":"2016-01-03T01:01:56.895Z","created":"2012-03-03T15:50:31.471Z","0.0.1":"2012-03-03T15:50:34.433Z","0.0.2":"2012-03-04T21:31:17.372Z","0.0.3":"2012-05-12T05:13:02.912Z","0.0.4":"2012-06-07T06:50:38.250Z","0.0.5":"2012-07-20T12:32:08.627Z","0.0.6":"2012-08-30T19:30:41.157Z","0.0.7":"2012-09-05T16:41:09.688Z","0.0.8":"2012-09-08T00:47:41.132Z","0.0.9":"2012-09-14T20:02:33.557Z","0.0.10":"2012-10-06T00:54:15.137Z","0.0.11":"2012-10-09T08:28:29.323Z","0.0.12":"2012-10-10T15:29:24.649Z","0.0.13":"2012-10-22T17:07:34.681Z","0.0.14":"2012-11-06T12:04:00.820Z","0.0.15":"2012-11-09T19:00:45.523Z","0.0.16":"2013-02-06T16:21:02.315Z","0.0.17":"2013-02-19T14:17:19.274Z","0.0.18":"2013-03-08T16:37:35.501Z","0.0.19":"2013-03-08T17:20:48.325Z","0.0.20":"2013-04-01T10:07:55.239Z","0.0.21":"2013-04-16T12:37:56.835Z","0.0.22":"2013-04-24T16:48:30.553Z","0.0.23":"2013-06-14T15:09:35.452Z","0.0.24":"2013-07-11T18:40:22.618Z","0.0.25":"2013-07-28T01:06:30.379Z","0.0.26":"2013-08-18T15:56:25.394Z","0.0.27":"2013-09-10T16:35:45.323Z","0.0.28":"2013-11-01T14:08:06.476Z","1.0.0":"2013-11-18T04:30:10.002Z","1.0.1":"2013-12-07T02:14:34.405Z","1.1.0":"2014-01-18T21:33:32.511Z","1.2.0":"2014-02-07T20:48:39.046Z","1.3.0":"2014-03-09T15:28:54.089Z","1.3.1":"2014-04-03T04:10:45.255Z","1.3.2":"2014-04-13T15:38:15.421Z","1.3.3":"2014-05-31T17:15:05.984Z","1.4.0":"2014-08-27T04:18:42.432Z","1.4.1":"2014-09-04T07:01:08.295Z","1.4.2":"2014-12-15T06:57:27.240Z","1.4.3":"2014-12-19T10:34:32.052Z","1.5.0":"2015-01-07T15:07:53.661Z","1.6.0":"2015-01-12T15:23:45.114Z","1.6.1":"2015-01-29T09:06:41.359Z","1.7.0":"2015-09-06T16:40:27.084Z","1.7.1":"2015-11-24T22:38:48.534Z","1.8.0":"2016-01-03T01:01:56.895Z"},"repository":{"type":"git","url":"git+ssh://git@github.com/estools/escodegen.git"},"users":{"6174":true,"karboh":true,"charmander":true,"hij1nx":true,"kastor":true,"hughsk":true,"jifeng":true,"moimikey":true,"noyobo":true,"panlw":true,"dexteryy":true,"kaizendad":true},"readmeFilename":"README.md","homepage":"http://github.com/estools/escodegen","bugs":{"url":"https://github.com/estools/escodegen/issues"},"license":"BSD-2-Clause","_attachments":{},"_etag":"\"ALBJ2KS4T4H2XNVKLOIS7BNB6\""}