{"_id":"get-uri","_rev":"13-62352c41bd73d10e6528d14578719e64","name":"get-uri","description":"Returns a `stream.Readable` from a URI string","dist-tags":{"latest":"2.0.0"},"versions":{"0.1.0":{"name":"get-uri","version":"0.1.0","description":"Returns a `stream.Readable` from a URI string","main":"index.js","scripts":{"test":"mocha --reporter spec"},"repository":{"type":"git","url":"git://github.com/TooTallNate/node-get-uri.git"},"keywords":["uri","read","readstream","stream","get","http","https","ftp","file","data","protocol","url"],"author":{"name":"Nathan Rajlich","email":"nathan@tootallnate.net","url":"http://n8.io/"},"license":"MIT","bugs":{"url":"https://github.com/TooTallNate/node-get-uri/issues"},"devDependencies":{"mocha":"~1.16.2","stream-to-array":"~1.0.0","ftpd":"~0.2.4","st":"~0.2.3"},"dependencies":{"data-uri-to-buffer":"0.0.3","ftp":"~0.3.5","debug":"~0.7.4","extend":"~1.2.1","readable-stream":"~1.1.0"},"optionalDependencies":{"readable-stream":"~1.1.0"},"homepage":"https://github.com/TooTallNate/node-get-uri","_id":"get-uri@0.1.0","dist":{"shasum":"4c7772b808b05f9307dfe9e5dc2e1153e89ac87a","tarball":"https://registry.npmjs.org/get-uri/-/get-uri-0.1.0.tgz"},"_from":".","_npmVersion":"1.3.21","_npmUser":{"name":"tootallnate","email":"nathan@tootallnate.net"},"maintainers":[{"name":"tootallnate","email":"nathan@tootallnate.net"}],"directories":{}},"0.1.1":{"name":"get-uri","version":"0.1.1","description":"Returns a `stream.Readable` from a URI string","main":"index.js","scripts":{"test":"mocha --reporter spec"},"repository":{"type":"git","url":"git://github.com/TooTallNate/node-get-uri.git"},"keywords":["uri","read","readstream","stream","get","http","https","ftp","file","data","protocol","url"],"author":{"name":"Nathan Rajlich","email":"nathan@tootallnate.net","url":"http://n8.io/"},"license":"MIT","bugs":{"url":"https://github.com/TooTallNate/node-get-uri/issues"},"devDependencies":{"mocha":"~1.16.2","stream-to-array":"~1.0.0","ftpd":"0.2.4","st":"~0.2.3"},"dependencies":{"data-uri-to-buffer":"0.0.3","ftp":"~0.3.5","debug":"~0.7.4","extend":"~1.2.1","file-uri-to-path":"0","readable-stream":"~1.1.0"},"optionalDependencies":{"readable-stream":"~1.1.0"},"homepage":"https://github.com/TooTallNate/node-get-uri","_id":"get-uri@0.1.1","dist":{"shasum":"9c39146e62acb9f5c0b36895494a19c036fe54fc","tarball":"https://registry.npmjs.org/get-uri/-/get-uri-0.1.1.tgz"},"_from":".","_npmVersion":"1.3.24","_npmUser":{"name":"tootallnate","email":"nathan@tootallnate.net"},"maintainers":[{"name":"tootallnate","email":"nathan@tootallnate.net"}],"directories":{}},"0.1.2":{"name":"get-uri","version":"0.1.2","description":"Returns a `stream.Readable` from a URI string","main":"index.js","scripts":{"test":"mocha --reporter spec"},"repository":{"type":"git","url":"git://github.com/TooTallNate/node-get-uri.git"},"keywords":["uri","read","readstream","stream","get","http","https","ftp","file","data","protocol","url"],"author":{"name":"Nathan Rajlich","email":"nathan@tootallnate.net","url":"http://n8.io/"},"license":"MIT","bugs":{"url":"https://github.com/TooTallNate/node-get-uri/issues"},"devDependencies":{"mocha":"^1.16.2","stream-to-array":"^1.0.0","ftpd":"0.2.4","st":"^0.2.3"},"dependencies":{"data-uri-to-buffer":"^0.0.3","ftp":"^0.3.5","debug":"^0.8.0","extend":"^1.2.1","file-uri-to-path":"0","readable-stream":"^1.0.26-4"},"homepage":"https://github.com/TooTallNate/node-get-uri","_id":"get-uri@0.1.2","dist":{"shasum":"59758b3e2bf1059ed4f7921c46349df17a7716d1","tarball":"https://registry.npmjs.org/get-uri/-/get-uri-0.1.2.tgz"},"_from":".","_npmVersion":"1.4.3","_npmUser":{"name":"tootallnate","email":"nathan@tootallnate.net"},"maintainers":[{"name":"tootallnate","email":"nathan@tootallnate.net"}],"directories":{}},"0.1.3":{"name":"get-uri","version":"0.1.3","description":"Returns a `stream.Readable` from a URI string","main":"index.js","scripts":{"test":"mocha --reporter spec"},"repository":{"type":"git","url":"git://github.com/TooTallNate/node-get-uri.git"},"keywords":["uri","read","readstream","stream","get","http","https","ftp","file","data","protocol","url"],"author":{"name":"Nathan Rajlich","email":"nathan@tootallnate.net","url":"http://n8.io/"},"license":"MIT","bugs":{"url":"https://github.com/TooTallNate/node-get-uri/issues"},"devDependencies":{"mocha":">= 1.16.2 && < 2","stream-to-array":"1","ftpd":">= 0.2.4 && < 1","st":">= 0.2.3 && < 1"},"dependencies":{"data-uri-to-buffer":"0","ftp":"~0.3.5","debug":"0","extend":"~1.2.1","file-uri-to-path":"0","readable-stream":"~1.0.26-4"},"homepage":"https://github.com/TooTallNate/node-get-uri","_id":"get-uri@0.1.3","dist":{"shasum":"b1b3f9dfe0da1c0909097b1ca1ce4d4b72a8d1ab","tarball":"https://registry.npmjs.org/get-uri/-/get-uri-0.1.3.tgz"},"_from":".","_npmVersion":"1.4.3","_npmUser":{"name":"tootallnate","email":"nathan@tootallnate.net"},"maintainers":[{"name":"tootallnate","email":"nathan@tootallnate.net"}],"directories":{}},"0.1.4":{"name":"get-uri","version":"0.1.4","description":"Returns a `stream.Readable` from a URI string","main":"index.js","scripts":{"test":"mocha --reporter spec"},"repository":{"type":"git","url":"git://github.com/TooTallNate/node-get-uri.git"},"keywords":["uri","read","readstream","stream","get","http","https","ftp","file","data","protocol","url"],"author":{"name":"Nathan Rajlich","email":"nathan@tootallnate.net","url":"http://n8.io/"},"license":"MIT","bugs":{"url":"https://github.com/TooTallNate/node-get-uri/issues"},"devDependencies":{"mocha":"2","stream-to-array":"1","ftpd":">= 0.2.4 && < 1","st":">= 0.2.3 && < 1"},"dependencies":{"data-uri-to-buffer":"0","ftp":"~0.3.5","debug":"2","extend":"3","file-uri-to-path":"0","readable-stream":"2"},"gitHead":"149bd9dd21a4871df459b5960895ba225967660b","homepage":"https://github.com/TooTallNate/node-get-uri#readme","_id":"get-uri@0.1.4","_shasum":"35f8a7954c129fb132ff2ddf5ed81a57cb8a9e54","_from":".","_npmVersion":"2.10.1","_nodeVersion":"0.12.4","_npmUser":{"name":"tootallnate","email":"nathan@tootallnate.net"},"maintainers":[{"name":"tootallnate","email":"nathan@tootallnate.net"}],"dist":{"shasum":"35f8a7954c129fb132ff2ddf5ed81a57cb8a9e54","tarball":"https://registry.npmjs.org/get-uri/-/get-uri-0.1.4.tgz"},"directories":{}},"1.0.0":{"name":"get-uri","version":"1.0.0","description":"Returns a `stream.Readable` from a URI string","main":"index.js","scripts":{"test":"mocha --reporter spec"},"repository":{"type":"git","url":"git://github.com/TooTallNate/node-get-uri.git"},"keywords":["uri","read","readstream","stream","get","http","https","ftp","file","data","protocol","url"],"author":{"name":"Nathan Rajlich","email":"nathan@tootallnate.net","url":"http://n8.io/"},"license":"MIT","bugs":{"url":"https://github.com/TooTallNate/node-get-uri/issues"},"devDependencies":{"mocha":"2","stream-to-array":"1","ftpd":">= 0.2.4 && < 1","st":">= 0.2.3 && < 1"},"dependencies":{"data-uri-to-buffer":"0","ftp":"~0.3.5","debug":"2","extend":"3","file-uri-to-path":"0","readable-stream":"2"},"gitHead":"c0a06d3f0b8212cc8a1d5cd6772b182aa0f6fc14","homepage":"https://github.com/TooTallNate/node-get-uri#readme","_id":"get-uri@1.0.0","_shasum":"ef5b6a6de8e8b3916aa2422d84978d977352d8c1","_from":".","_npmVersion":"2.10.1","_nodeVersion":"0.12.4","_npmUser":{"name":"tootallnate","email":"nathan@tootallnate.net"},"maintainers":[{"name":"tootallnate","email":"nathan@tootallnate.net"}],"dist":{"shasum":"ef5b6a6de8e8b3916aa2422d84978d977352d8c1","tarball":"https://registry.npmjs.org/get-uri/-/get-uri-1.0.0.tgz"},"directories":{}},"1.1.0":{"name":"get-uri","version":"1.1.0","description":"Returns a `stream.Readable` from a URI string","main":"index.js","scripts":{"test":"mocha --reporter spec"},"repository":{"type":"git","url":"git://github.com/TooTallNate/node-get-uri.git"},"keywords":["uri","read","readstream","stream","get","http","https","ftp","file","data","protocol","url"],"author":{"name":"Nathan Rajlich","email":"nathan@tootallnate.net","url":"http://n8.io/"},"license":"MIT","bugs":{"url":"https://github.com/TooTallNate/node-get-uri/issues"},"devDependencies":{"mocha":"2","stream-to-array":"1","ftpd":">= 0.2.4 && < 1","st":">= 0.2.3 && < 1"},"dependencies":{"data-uri-to-buffer":"0","ftp":"~0.3.5","debug":"2","extend":"3","file-uri-to-path":"0","readable-stream":"2"},"gitHead":"0358bd1de11469aebc6e7535b3bc9dfd8fd6c652","homepage":"https://github.com/TooTallNate/node-get-uri#readme","_id":"get-uri@1.1.0","_shasum":"7375d04daf7fcb584b3632679cbdf339b51bb149","_from":".","_npmVersion":"2.11.2","_nodeVersion":"0.12.6","_npmUser":{"name":"tootallnate","email":"nathan@tootallnate.net"},"maintainers":[{"name":"tootallnate","email":"nathan@tootallnate.net"}],"dist":{"shasum":"7375d04daf7fcb584b3632679cbdf339b51bb149","tarball":"https://registry.npmjs.org/get-uri/-/get-uri-1.1.0.tgz"},"directories":{}},"2.0.0":{"name":"get-uri","version":"2.0.0","description":"Returns a `stream.Readable` from a URI string","main":"index.js","scripts":{"test":"mocha --reporter spec"},"repository":{"type":"git","url":"git://github.com/TooTallNate/node-get-uri.git"},"keywords":["uri","read","readstream","stream","get","http","https","ftp","file","data","protocol","url"],"author":{"name":"Nathan Rajlich","email":"nathan@tootallnate.net","url":"http://n8.io/"},"license":"MIT","bugs":{"url":"https://github.com/TooTallNate/node-get-uri/issues"},"devDependencies":{"mocha":"2","stream-to-array":"1","ftpd":">= 0.2.4 && < 1","st":">= 0.2.3 && < 1"},"dependencies":{"data-uri-to-buffer":"0","ftp":"~0.3.5","debug":"2","extend":"3","file-uri-to-path":"0","readable-stream":"2"},"gitHead":"996a7f9218b28df5813d1f46f2348c62de76c55e","homepage":"https://github.com/TooTallNate/node-get-uri#readme","_id":"get-uri@2.0.0","_shasum":"713e47cbcbaeab38f88af1cdfc85fa7f09b00738","_from":".","_npmVersion":"3.3.12","_nodeVersion":"5.3.0","_npmUser":{"name":"tootallnate","email":"nathan@tootallnate.net"},"maintainers":[{"name":"tootallnate","email":"nathan@tootallnate.net"}],"dist":{"shasum":"713e47cbcbaeab38f88af1cdfc85fa7f09b00738","tarball":"https://registry.npmjs.org/get-uri/-/get-uri-2.0.0.tgz"},"directories":{}}},"readme":"get-uri\n=======\n### Returns a `stream.Readable` from a URI string\n[![Build Status](https://travis-ci.org/TooTallNate/node-get-uri.svg?branch=master)](https://travis-ci.org/TooTallNate/node-get-uri)\n\nThis high-level module accepts a URI string and returns a `Readable` stream\ninstance. There is built-in support for a variety of \"protocols\", and it's\neasily extensible with more:\n\n| Protocol  | Description                     | Example\n|:---------:|:-------------------------------:|:---------------------------------:\n| `data`    | [Data URIs][data]               | `data:text/plain;base64,SGVsbG8sIFdvcmxkIQ%3D%3D`\n| `file`    | [File URIs][file]               | `file:///c:/windows/example.ini`\n| `ftp`     | [FTP URIs][ftp]                 | `ftp://ftp.kernel.org/pub/site/README`\n| `http`    | [HTTP URIs][http]               | `http://www.example.com/path/to/name`\n| `https`   | [HTTPS URIs][https]             | `https://www.example.com/path/to/name`\n\n\nInstallation\n------------\n\nInstall with `npm`:\n\n``` bash\n$ npm install get-uri\n```\n\n\nExample\n-------\n\nTo simply get a `stream.Readable` instance from a `file:` URI, try something like:\n\n``` js\nvar getUri = require('get-uri');\n\n// `file:` maps to a `fs.ReadStream` instance…\ngetUri('file:///Users/nrajlich/wat.json', function (err, rs) {\n  if (err) throw err;\n  rs.pipe(process.stdout);\n});\n```\n\n\nMissing Endpoints\n-----------------\n\nWhen you pass in a URI in which the resource referenced does not exist on the\ndestination server, then a `NotFoundError` will be returned. The `code` of the\nerror instance is set to `\"ENOTFOUND\"`, so you can special-case that in your code\nto detect when a bad filename is requested:\n\n``` js\ngetUri('http://example.com/resource.json', function (err, rs) {\n  if (err) {\n    if ('ENOTFOUND' == err.code) {\n      // bad file path requested\n    } else {\n      // something else bad happened...\n      throw err;\n    }\n  }\n\n  // your app code…\n});\n```\n\n\nCacheability\n------------\n\nWhen calling `getUri()` with the same URI multiple times, the `get-uri` module\nsupports sending an indicator that the remote resource has not been modified\nsince the last time it has been retreived from that node process.\n\nTo do this, pass in a `cache` option to the \"options object\" argument\nwith the value set to the `stream.Readable` instance that was previously\nreturned. If the remote resource has not been changed since the last call for\nthat same URI, then a `NotModifiedError` instance will be returned with it's\n`code` property set to `\"ENOTMODIFIED\"`.\n\nWhen the `\"ENOTMODIFIED\"` error occurs, then you can safely re-use the\nresults from the previous `getUri()` call for that same URI:\n\n``` js\n// maps to a `fs.ReadStream` instance\ngetUri('http://example.com/resource.json', function (err, rs) {\n  if (err) throw err;\n\n  // … some time later, if you need to get this same URI again, pass in the\n  // previous `stream.Readable` instance as `cache` option to potentially\n  // receive an \"ENOTMODIFIED\" response:\n  var opts = { cache: rs };\n  getUri('http://example.com/resource.json', opts, function (err, rs2) {\n    if (err) {\n      if ('ENOTFOUND' == err.code) {\n        // bad file path requested\n      } else if ('ENOTMODIFIED' == err.code) {\n        // source file has not been modified since last time it was requested,\n        // so `rs2` is undefined and you are expected to re-use results from\n        // a previous call to `getUri()`\n      } else {\n        // something else bad happened...\n        throw err;\n      }\n    }\n  });\n});\n```\n\n\nAPI\n---\n\n### getUri(String uri[, Object options,] Function callback)\n\nA `uri` String is required. An optional `options` object may be passed in:\n\n - `cache` - A `stream.Readable` instance from a previous call to `getUri()` with the same URI. If this option is passed in, and the destination endpoint has not been modified, then an `ENOTMODIFIED` error is returned\n\nAny other options passed in to the `options` object will be passed through\nto the low-level connection creation functions (`http.get()`, `ftp.connect()`,\netc).\n\nInvokes the given `callback` function with a `stream.Readable` instance to\nread the resource at the given `uri`.\n\nLicense\n-------\n\n(The MIT License)\n\nCopyright (c) 2014 Nathan Rajlich &lt;nathan@tootallnate.net&gt;\n\nPermission is hereby granted, free of charge, to any person obtaining\na copy of this software and associated documentation files (the\n'Software'), to deal in the Software without restriction, including\nwithout limitation the rights to use, copy, modify, merge, publish,\ndistribute, sublicense, and/or sell copies of the Software, and to\npermit persons to whom the Software is furnished to do so, subject to\nthe following conditions:\n\nThe above copyright notice and this permission notice shall be\nincluded in all copies or substantial portions of the Software.\n\nTHE SOFTWARE IS PROVIDED 'AS IS', WITHOUT WARRANTY OF ANY KIND,\nEXPRESS OR IMPLIED, INCLUDING BUT NOT LIMITED TO THE WARRANTIES OF\nMERCHANTABILITY, FITNESS FOR A PARTICULAR PURPOSE AND NONINFRINGEMENT.\nIN NO EVENT SHALL THE AUTHORS OR COPYRIGHT HOLDERS BE LIABLE FOR ANY\nCLAIM, DAMAGES OR OTHER LIABILITY, WHETHER IN AN ACTION OF CONTRACT,\nTORT OR OTHERWISE, ARISING FROM, OUT OF OR IN CONNECTION WITH THE\nSOFTWARE OR THE USE OR OTHER DEALINGS IN THE SOFTWARE.\n\n[data]: http://tools.ietf.org/html/rfc2397\n[file]: http://tools.ietf.org/html/draft-hoffman-file-uri-03\n[ftp]: http://www.w3.org/Protocols/rfc959/\n[http]: http://www.w3.org/Protocols/rfc2616/rfc2616.html\n[https]: http://wikipedia.org/wiki/HTTP_Secure\n","maintainers":[{"name":"tootallnate","email":"nathan@tootallnate.net"}],"time":{"modified":"2016-01-20T19:45:27.226Z","created":"2014-01-12T22:48:32.824Z","0.1.0":"2014-01-12T22:48:32.824Z","0.1.1":"2014-02-05T19:12:52.411Z","0.1.2":"2014-04-04T06:49:25.689Z","0.1.3":"2014-04-04T06:54:04.334Z","0.1.4":"2015-07-06T18:18:38.279Z","1.0.0":"2015-07-06T18:31:24.354Z","1.1.0":"2015-07-21T19:52:49.821Z","2.0.0":"2016-01-20T19:45:27.226Z"},"readmeFilename":"README.md","homepage":"https://github.com/TooTallNate/node-get-uri#readme","keywords":["uri","read","readstream","stream","get","http","https","ftp","file","data","protocol","url"],"repository":{"type":"git","url":"git://github.com/TooTallNate/node-get-uri.git"},"author":{"name":"Nathan Rajlich","email":"nathan@tootallnate.net","url":"http://n8.io/"},"bugs":{"url":"https://github.com/TooTallNate/node-get-uri/issues"},"license":"MIT","_attachments":{},"_etag":"\"6YROECOHXEQ1CYBW4CTGF4ZXT\""}