{"_id":"editions","_rev":"3-8d9e22ca2e343213a3f71433c51f8968","name":"editions","description":"Publish multiple editions for your JavaScript packages consistently and easily (e.g. source edition, esnext edition, es2015 edition)","dist-tags":{"latest":"1.1.1"},"versions":{"1.0.0":{"name":"editions","version":"1.0.0","description":"https://github.com/bevry/base/issues/21","main":"index.js","scripts":{"test":"echo \"Error: no test specified\" && exit 1"},"author":"","license":"ISC","_id":"editions@1.0.0","_shasum":"249b0b47eb9f07951e0eb09a9ae035c18b5fde6f","_from":".","_npmVersion":"3.5.3","_nodeVersion":"5.4.1","_npmUser":{"name":"balupton","email":"b@lupton.cc"},"dist":{"shasum":"249b0b47eb9f07951e0eb09a9ae035c18b5fde6f","tarball":"https://registry.npmjs.org/editions/-/editions-1.0.0.tgz"},"maintainers":[{"name":"balupton","email":"b@lupton.cc"}],"_npmOperationalInternal":{"host":"packages-5-east.internal.npmjs.com","tmp":"tmp/editions-1.0.0.tgz_1456651765755_0.5980635357555002"},"directories":{}},"1.1.0":{"name":"editions","version":"1.1.0","description":"Publish multiple editions for your JavaScript packages consistently and easily (e.g. source edition, esnext edition, es2015 edition)","homepage":"https://github.com/bevry/editions","license":"MIT","keywords":["editions","edition","versions","syntaxes","esnext","jsnext","es2015","es6","es6+"],"badges":{"list":["travisci","npmversion","npmdownloads","daviddm","daviddmdev","---","slackin","patreon","gratipay","flattr","paypal","bitcoin","wishlist"],"config":{"patreonUsername":"bevry","gratipayUsername":"bevry","flattrUsername":"balupton","paypalURL":"https://bevry.me/paypal","bitcoinURL":"https://bevry.me/bitcoin","wishlistURL":"https://bevry.me/wishlist","slackinURL":"https://slack.bevry.me"}},"author":{"name":"2016+ Bevry Pty Ltd","email":"us@bevry.me","url":"http://bevry.me"},"maintainers":[{"name":"balupton","email":"b@lupton.cc"}],"contributors":[{"name":"Benjamin Lupton","email":"b@lupton.cc","url":"https://balupton.com"}],"bugs":{"url":"https://github.com/bevry/editions/issues"},"repository":{"type":"git","url":"git+ssh://git@github.com/bevry/editions.git"},"engines":{"node":">=0.12"},"editions":[{"description":"Source + ESNext + Require + Flow Type Comments","entry":"source/index.js","syntaxes":["javascript","esnext","require","arrows","destructuring","const","let","flow type comments"]},{"description":"Babel Compiled + ES2015 + Require","entry":"es2015/index.js","syntaxes":["javascript","es2015","require"]}],"main":"es2015/index.js","scripts":{"setup":"npm install","clean":"rm -Rf ./docs ./es2015","compile":"npm run compile:es2015","compile:es2015":"babel ./source --out-dir ./es2015 --presets es2015","meta":"npm run meta:docs && npm run meta:projectz","meta:docs":"documentation build -f html -g source/**.js -o docs","meta:projectz":"projectz compile","prepare":"npm run compile && npm run test && npm run meta","release":"npm run prepare && npm run release:tag && npm run release:push","release:tag":"git tag v$npm_package_version -a","release:push":"git push origin master && git push origin --tags","pretest":"npm run test:eslint && npm run test:flow","test:eslint":"eslint ./source","test:flow":"flow check","test":"node --harmony ./es2015/test.js"},"dependencies":{},"devDependencies":{"assert-helpers":"^4.1.0","babel-cli":"^6.6.5","babel-preset-es2015":"^6.6.0","documentation":"^4.0.0-beta","eslint":"^2.3.0","eslint-plugin-babel":"^3.1.0","flow-bin":"^0.22.1","joe":"^1.6.0","joe-reporter-console":"^1.2.1","projectz":"^1.0.9"},"gitHead":"1a096b9173f036dbc3191198dc0d5c14f89fda8b","_id":"editions@1.1.0","_shasum":"56ae5bc02f8e9f4a51903c238dcf6dd85b033d2d","_from":".","_npmVersion":"3.8.1","_nodeVersion":"5.8.0","_npmUser":{"name":"balupton","email":"b@lupton.cc"},"dist":{"shasum":"56ae5bc02f8e9f4a51903c238dcf6dd85b033d2d","tarball":"https://registry.npmjs.org/editions/-/editions-1.1.0.tgz"},"_npmOperationalInternal":{"host":"packages-12-west.internal.npmjs.com","tmp":"tmp/editions-1.1.0.tgz_1458435706337_0.3120811400003731"},"directories":{}},"1.1.1":{"name":"editions","version":"1.1.1","description":"Publish multiple editions for your JavaScript packages consistently and easily (e.g. source edition, esnext edition, es2015 edition)","homepage":"https://github.com/bevry/editions","license":"MIT","keywords":["editions","edition","versions","syntaxes","esnext","jsnext","es2015","es6","es6+"],"badges":{"list":["travisci","npmversion","npmdownloads","daviddm","daviddmdev","---","slackin","patreon","gratipay","flattr","paypal","bitcoin","wishlist"],"config":{"patreonUsername":"bevry","gratipayUsername":"bevry","flattrUsername":"balupton","paypalURL":"https://bevry.me/paypal","bitcoinURL":"https://bevry.me/bitcoin","wishlistURL":"https://bevry.me/wishlist","slackinURL":"https://slack.bevry.me"}},"author":{"name":"2016+ Bevry Pty Ltd","email":"us@bevry.me","url":"http://bevry.me"},"maintainers":[{"name":"balupton","email":"b@lupton.cc"}],"contributors":[{"name":"Benjamin Lupton","email":"b@lupton.cc","url":"https://balupton.com"}],"bugs":{"url":"https://github.com/bevry/editions/issues"},"repository":{"type":"git","url":"git+ssh://git@github.com/bevry/editions.git"},"engines":{"node":">=0.12"},"editions":[{"description":"Source + ESNext + Require + Flow Type Comments","entry":"source/index.js","syntaxes":["javascript","esnext","require","arrows","destructuring","const","let","flow type comments"]},{"description":"Babel Compiled + ES2015 + Require","entry":"es2015/index.js","syntaxes":["javascript","es2015","require"]}],"main":"es2015/index.js","scripts":{"setup":"npm install","clean":"rm -Rf ./docs ./es2015","compile":"npm run compile:es2015","compile:es2015":"babel ./source --out-dir ./es2015 --presets es2015","meta":"npm run meta:docs && npm run meta:projectz","meta:docs":"documentation build -f html -g source/**.js -o docs","meta:projectz":"projectz compile","prepare":"npm run compile && npm run test && npm run meta","release":"npm run prepare && npm run release:publish && npm run release:tag && npm run release:push","release:publish":"npm publish","release:tag":"git tag v$npm_package_version -a","release:push":"git push origin master && git push origin --tags","pretest":"npm run test:eslint && npm run test:flow","test:eslint":"eslint ./source","test:flow":"flow check","test":"node --harmony ./es2015/test.js"},"dependencies":{},"devDependencies":{"assert-helpers":"^4.1.0","babel-cli":"^6.6.5","babel-preset-es2015":"^6.6.0","documentation":"^4.0.0-beta1","eslint":"^2.4.0","eslint-plugin-babel":"^3.1.0","flow-bin":"^0.22.1","joe":"^1.6.0","joe-reporter-console":"^1.2.1","projectz":"^1.1.2"},"gitHead":"ef1ad1459d25aef7ef21bf42d38970eb7ea880d5","_id":"editions@1.1.1","_shasum":"8df5536a121759b99c25babc952e30c4188b4e45","_from":".","_npmVersion":"3.8.1","_nodeVersion":"5.8.0","_npmUser":{"name":"balupton","email":"b@lupton.cc"},"dist":{"shasum":"8df5536a121759b99c25babc952e30c4188b4e45","tarball":"https://registry.npmjs.org/editions/-/editions-1.1.1.tgz"},"_npmOperationalInternal":{"host":"packages-12-west.internal.npmjs.com","tmp":"tmp/editions-1.1.1.tgz_1458474324880_0.32829807000234723"},"directories":{}}},"readme":"<!-- TITLE/ -->\n\n<h1>editions</h1>\n\n<!-- /TITLE -->\n\n\n<!-- BADGES/ -->\n\n<span class=\"badge-travisci\"><a href=\"http://travis-ci.org/bevry/editions\" title=\"Check this project's build status on TravisCI\"><img src=\"https://img.shields.io/travis/bevry/editions/master.svg\" alt=\"Travis CI Build Status\" /></a></span>\n<span class=\"badge-npmversion\"><a href=\"https://npmjs.org/package/editions\" title=\"View this project on NPM\"><img src=\"https://img.shields.io/npm/v/editions.svg\" alt=\"NPM version\" /></a></span>\n<span class=\"badge-npmdownloads\"><a href=\"https://npmjs.org/package/editions\" title=\"View this project on NPM\"><img src=\"https://img.shields.io/npm/dm/editions.svg\" alt=\"NPM downloads\" /></a></span>\n<span class=\"badge-daviddm\"><a href=\"https://david-dm.org/bevry/editions\" title=\"View the status of this project's dependencies on DavidDM\"><img src=\"https://img.shields.io/david/bevry/editions.svg\" alt=\"Dependency Status\" /></a></span>\n<span class=\"badge-daviddmdev\"><a href=\"https://david-dm.org/bevry/editions#info=devDependencies\" title=\"View the status of this project's development dependencies on DavidDM\"><img src=\"https://img.shields.io/david/dev/bevry/editions.svg\" alt=\"Dev Dependency Status\" /></a></span>\n<br class=\"badge-separator\" />\n<span class=\"badge-slackin\"><a href=\"https://slack.bevry.me\" title=\"Join this project's slack community\"><img src=\"https://slack.bevry.me/badge.svg\" alt=\"Slack community badge\" /></a></span>\n<span class=\"badge-patreon\"><a href=\"http://patreon.com/bevry\" title=\"Donate to this project using Patreon\"><img src=\"https://img.shields.io/badge/patreon-donate-yellow.svg\" alt=\"Patreon donate button\" /></a></span>\n<span class=\"badge-gratipay\"><a href=\"https://www.gratipay.com/bevry\" title=\"Donate weekly to this project using Gratipay\"><img src=\"https://img.shields.io/badge/gratipay-donate-yellow.svg\" alt=\"Gratipay donate button\" /></a></span>\n<span class=\"badge-flattr\"><a href=\"https://flattr.com/profile/balupton\" title=\"Donate to this project using Flattr\"><img src=\"https://img.shields.io/badge/flattr-donate-yellow.svg\" alt=\"Flattr donate button\" /></a></span>\n<span class=\"badge-paypal\"><a href=\"https://bevry.me/paypal\" title=\"Donate to this project using Paypal\"><img src=\"https://img.shields.io/badge/paypal-donate-yellow.svg\" alt=\"PayPal donate button\" /></a></span>\n<span class=\"badge-bitcoin\"><a href=\"https://bevry.me/bitcoin\" title=\"Donate once-off to this project using Bitcoin\"><img src=\"https://img.shields.io/badge/bitcoin-donate-yellow.svg\" alt=\"Bitcoin donate button\" /></a></span>\n<span class=\"badge-wishlist\"><a href=\"https://bevry.me/wishlist\" title=\"Buy an item on our wishlist for us\"><img src=\"https://img.shields.io/badge/wishlist-donate-yellow.svg\" alt=\"Wishlist browse button\" /></a></span>\n\n<!-- /BADGES -->\n\n\n<!-- DESCRIPTION/ -->\n\nPublish multiple editions for your JavaScript packages consistently and easily (e.g. source edition, esnext edition, es2015 edition)\n\n<!-- /DESCRIPTION -->\n\n\n## Discover\n\n[Discover what the fuss is about!](https://github.com/bevry/editions/wiki)\n\n[View the API documentation.](http://rawgit.com/bevry/editions/master/docs/index.html)\n\n\n<!-- HISTORY/ -->\n\n<h2>History</h2>\n\n<a href=\"https://github.com/bevry/editions/blob/master/HISTORY.md#files\">Discover the release history by heading on over to the <code>HISTORY.md</code> file.</a>\n\n<!-- /HISTORY -->\n\n\n<!-- CONTRIBUTE/ -->\n\n<h2>Contribute</h2>\n\n<a href=\"https://github.com/bevry/editions/blob/master/CONTRIBUTING.md#files\">Discover how you can contribute by heading on over to the <code>CONTRIBUTING.md</code> file.</a>\n\n<!-- /CONTRIBUTE -->\n\n\n<!-- BACKERS/ -->\n\n<h2>Backers</h2>\n\n<h3>Maintainers</h3>\n\nThese amazing people are maintaining this project:\n\n<ul><li><a href=\"https://balupton.com\">Benjamin Lupton</a> — <a href=\"https://github.com/bevry/editions/commits?author=balupton\" title=\"View the GitHub contributions of Benjamin Lupton on repository bevry/editions\">view contributions</a></li></ul>\n\n<h3>Sponsors</h3>\n\nNo sponsors yet! Will you be the first?\n\n<span class=\"badge-patreon\"><a href=\"http://patreon.com/bevry\" title=\"Donate to this project using Patreon\"><img src=\"https://img.shields.io/badge/patreon-donate-yellow.svg\" alt=\"Patreon donate button\" /></a></span>\n<span class=\"badge-gratipay\"><a href=\"https://www.gratipay.com/bevry\" title=\"Donate weekly to this project using Gratipay\"><img src=\"https://img.shields.io/badge/gratipay-donate-yellow.svg\" alt=\"Gratipay donate button\" /></a></span>\n<span class=\"badge-flattr\"><a href=\"https://flattr.com/profile/balupton\" title=\"Donate to this project using Flattr\"><img src=\"https://img.shields.io/badge/flattr-donate-yellow.svg\" alt=\"Flattr donate button\" /></a></span>\n<span class=\"badge-paypal\"><a href=\"https://bevry.me/paypal\" title=\"Donate to this project using Paypal\"><img src=\"https://img.shields.io/badge/paypal-donate-yellow.svg\" alt=\"PayPal donate button\" /></a></span>\n<span class=\"badge-bitcoin\"><a href=\"https://bevry.me/bitcoin\" title=\"Donate once-off to this project using Bitcoin\"><img src=\"https://img.shields.io/badge/bitcoin-donate-yellow.svg\" alt=\"Bitcoin donate button\" /></a></span>\n<span class=\"badge-wishlist\"><a href=\"https://bevry.me/wishlist\" title=\"Buy an item on our wishlist for us\"><img src=\"https://img.shields.io/badge/wishlist-donate-yellow.svg\" alt=\"Wishlist browse button\" /></a></span>\n\n<h3>Contributors</h3>\n\nThese amazing people have contributed code to this project:\n\n<ul><li><a href=\"https://balupton.com\">Benjamin Lupton</a> — <a href=\"https://github.com/bevry/editions/commits?author=balupton\" title=\"View the GitHub contributions of Benjamin Lupton on repository bevry/editions\">view contributions</a></li></ul>\n\n<a href=\"https://github.com/bevry/editions/blob/master/CONTRIBUTING.md#files\">Discover how you can contribute by heading on over to the <code>CONTRIBUTING.md</code> file.</a>\n\n<!-- /BACKERS -->\n\n\n<!-- LICENSE/ -->\n\n<h2>License</h2>\n\nUnless stated otherwise all works are:\n\n<ul><li>Copyright &copy; 2016+ <a href=\"http://bevry.me\">Bevry Pty Ltd</a></li></ul>\n\nand licensed under:\n\n<ul><li><a href=\"http://spdx.org/licenses/MIT.html\">MIT License</a></li></ul>\n\n<!-- /LICENSE -->\n","maintainers":[{"name":"balupton","email":"b@lupton.cc"}],"time":{"modified":"2016-03-20T11:45:25.313Z","created":"2016-02-28T09:29:28.152Z","1.0.0":"2016-02-28T09:29:28.152Z","1.1.0":"2016-03-20T01:01:46.785Z","1.1.1":"2016-03-20T11:45:25.313Z"},"license":"MIT","readmeFilename":"README.md","homepage":"https://github.com/bevry/editions","keywords":["editions","edition","versions","syntaxes","esnext","jsnext","es2015","es6","es6+"],"repository":{"type":"git","url":"git+ssh://git@github.com/bevry/editions.git"},"contributors":[{"name":"Benjamin Lupton","email":"b@lupton.cc","url":"https://balupton.com"}],"author":{"name":"2016+ Bevry Pty Ltd","email":"us@bevry.me","url":"http://bevry.me"},"bugs":{"url":"https://github.com/bevry/editions/issues"},"_attachments":{},"_etag":"\"60Z664US2AOEZ1PFTX57IAWH\""}