{"_id":"cson","_rev":"67-52ea405aebad813bb6e08c37c51cc011","name":"cson","description":"CoffeeScript-Object-Notation Parser. Same as JSON but for CoffeeScript objects.","dist-tags":{"latest":"3.0.2"},"versions":{"0.1.0":{"name":"cson","version":"0.1.0","description":"CoffeeScript-Object-Notation Parser. Same as JSON but for CoffeeScript objects","homepage":"https://github.com/balupton/cson.npm","keywords":["javascript","coffeescript","json","cson","parse","stringify"],"author":{"name":"Benjamin Lupton","email":"b@lupton.cc","url":"http://balupton.com"},"maintainers":[{"name":"Benjamin Lupton","email":"b@lupton.cc","url":"http://balupton.com"}],"contributors":[{"name":"Benjamin Lupton","email":"b@lupton.cc","url":"http://balupton.com"}],"bugs":{"url":"https://github.com/balupton/cson.npm/issues"},"licenses":[{"type":"MIT","url":"http://creativecommons.org/licenses/MIT/"}],"repository":{"type":"git","url":"git://github.com/balupton/cson.npm.git"},"dependencies":{"coffee-script":">=1.1.1"},"engines":{"node":">=0.4.0"},"directories":{"lib":"lib"},"main":"./lib/cson.coffee","_id":"cson@0.1.0","devDependencies":{},"_engineSupported":true,"_npmVersion":"1.0.7","_nodeVersion":"v0.4.7","_defaultsLoaded":true,"dist":{"shasum":"44b04840cd4537773c3c0e6564bccb0dcb2bf387","tarball":"https://registry.npmjs.org/cson/-/cson-0.1.0.tgz"},"scripts":{}},"0.1.1":{"name":"cson","version":"0.1.1","description":"CoffeeScript-Object-Notation Parser. Same as JSON but for CoffeeScript objects","homepage":"https://github.com/balupton/cson.npm","keywords":["javascript","coffeescript","json","cson","parse","stringify"],"author":{"name":"Benjamin Lupton","email":"b@lupton.cc","url":"http://balupton.com"},"maintainers":[{"name":"Benjamin Lupton","email":"b@lupton.cc","url":"http://balupton.com"}],"contributors":[{"name":"Benjamin Lupton","email":"b@lupton.cc","url":"http://balupton.com"}],"bugs":{"url":"https://github.com/balupton/cson.npm/issues"},"licenses":[{"type":"MIT","url":"http://creativecommons.org/licenses/MIT/"}],"repository":{"type":"git","url":"git://github.com/balupton/cson.npm.git"},"dependencies":{"coffee-script":">=1.1.1"},"engines":{"node":">=0.4.0"},"directories":{"lib":"lib"},"main":"./lib/cson.coffee","_npmJsonOpts":{"file":"/Users/balupton/.npm/cson/0.1.1/package/package.json","wscript":false,"contributors":false,"serverjs":false},"_id":"cson@0.1.1","devDependencies":{},"_engineSupported":true,"_npmVersion":"1.0.15","_nodeVersion":"v0.4.9","_defaultsLoaded":true,"dist":{"shasum":"0e26456a398f88ea04591f7fd8eed6efeabec4a9","tarball":"https://registry.npmjs.org/cson/-/cson-0.1.1.tgz"},"scripts":{}},"0.2.0":{"name":"cson","version":"0.2.0","description":"CoffeeScript-Object-Notation Parser. Same as JSON but for CoffeeScript objects","homepage":"https://github.com/balupton/cson.npm","keywords":["javascript","coffeescript","json","cson","parse","stringify"],"author":{"name":"Benjamin Lupton","email":"b@lupton.cc","url":"http://balupton.com"},"maintainers":[{"name":"balupton","email":"b@lupton.cc"}],"contributors":[{"name":"Benjamin Lupton","email":"b@lupton.cc","url":"http://balupton.com"},{"name":"Nicolae Claudius","email":"nicolae_claudius@yahoo.com","url":"http://clyfe.github.com"}],"bugs":{"url":"https://github.com/balupton/cson.npm/issues"},"licenses":[{"type":"MIT","url":"http://creativecommons.org/licenses/MIT/"}],"repository":{"type":"git","url":"git://github.com/balupton/cson.npm.git"},"dependencies":{"coffee-script":">=1.1.1"},"engines":{"node":">=0.4.0"},"directories":{"lib":"lib"},"main":"./lib/cson.coffee","_npmJsonOpts":{"file":"/Users/balupton/.npm/cson/0.2.0/package/package.json","wscript":false,"contributors":false,"serverjs":false},"_id":"cson@0.2.0","devDependencies":{},"_engineSupported":true,"_npmVersion":"1.0.22","_nodeVersion":"v0.4.10","_defaultsLoaded":true,"dist":{"shasum":"cefcce04417017e7202e4990a13fc3b84338ed1e","tarball":"https://registry.npmjs.org/cson/-/cson-0.2.0.tgz"},"scripts":{}},"1.0.0":{"name":"cson","version":"1.0.0","description":"CoffeeScript-Object-Notation Parser. Same as JSON but for CoffeeScript objects","homepage":"https://github.com/bevry/cson","keywords":["javascript","coffeescript","json","cson","parse","stringify"],"author":{"name":"Bevry Pty Ltd","email":"us@bevry.me","url":"http://bevry.me"},"maintainers":[{"name":"balupton","email":"b@lupton.cc"}],"contributors":[{"name":"Benjamin Lupton","email":"b@lupton.cc","url":"http://balupton.com"}],"bugs":{"url":"https://github.com/bevry/cson/issues"},"repository":{"type":"git","url":"git://github.com/bevry/cson.git"},"engines":{"node":">=0.4.0"},"dependencies":{"coffee-script":"1.3.x","js2coffee":"0.1.x"},"devDependencies":{"mocha":"1.0.x"},"directories":{"lib":"lib"},"bin":{"cson2json":"./bin/cson2json","json2cson":"./bin/json2cson"},"scripts":{"test":"node ./node_modules/mocha/bin/mocha"},"main":"./main.js","_npmUser":{"name":"balupton","email":"b@lupton.cc"},"_id":"cson@1.0.0","optionalDependencies":{},"_engineSupported":true,"_npmVersion":"1.1.16","_nodeVersion":"v0.6.15","_defaultsLoaded":true,"dist":{"shasum":"ec29e37842c9ce9b6d1c7ea904b180985503ddd8","tarball":"https://registry.npmjs.org/cson/-/cson-1.0.0.tgz"}},"1.0.1":{"name":"cson","version":"1.0.1","description":"CoffeeScript-Object-Notation Parser. Same as JSON but for CoffeeScript objects","homepage":"https://github.com/bevry/cson","keywords":["javascript","coffeescript","json","cson","parse","stringify"],"author":{"name":"Bevry Pty Ltd","email":"us@bevry.me","url":"http://bevry.me"},"maintainers":[{"name":"balupton","email":"b@lupton.cc"}],"contributors":[{"name":"Benjamin Lupton","email":"b@lupton.cc","url":"http://balupton.com"},{"name":"Ryan LeFevre","email":"meltingice8917@gmail.com","url":"http://meltingice.net"}],"bugs":{"url":"https://github.com/bevry/cson/issues"},"repository":{"type":"git","url":"git://github.com/bevry/cson.git"},"engines":{"node":">=0.4.0"},"dependencies":{"coffee-script":"1.3.x","js2coffee":"0.1.x"},"devDependencies":{"mocha":"1.0.x"},"directories":{"lib":"lib"},"bin":{"cson2json":"./bin/cson2json","json2cson":"./bin/json2cson"},"scripts":{"test":"node ./node_modules/mocha/bin/mocha"},"main":"./main.js","_npmUser":{"name":"balupton","email":"b@lupton.cc"},"_id":"cson@1.0.1","optionalDependencies":{},"_engineSupported":true,"_npmVersion":"1.1.16","_nodeVersion":"v0.6.15","_defaultsLoaded":true,"dist":{"shasum":"a5539334214b2e4124ce3583ec14d37076dae2ba","tarball":"https://registry.npmjs.org/cson/-/cson-1.0.1.tgz"}},"1.0.2":{"name":"cson","version":"1.0.2","description":"CoffeeScript-Object-Notation Parser. Same as JSON but for CoffeeScript objects","homepage":"https://github.com/bevry/cson","keywords":["javascript","coffeescript","json","cson","parse","stringify"],"author":{"name":"Bevry Pty Ltd","email":"us@bevry.me","url":"http://bevry.me"},"maintainers":[{"name":"balupton","email":"b@lupton.cc"}],"contributors":[{"name":"Benjamin Lupton","email":"b@lupton.cc","url":"http://balupton.com"},{"name":"Ryan LeFevre","email":"meltingice8917@gmail.com","url":"http://meltingice.net"}],"bugs":{"url":"https://github.com/bevry/cson/issues"},"repository":{"type":"git","url":"git://github.com/bevry/cson.git"},"engines":{"node":">=0.4.0"},"dependencies":{"coffee-script":"1.3.x","js2coffee":"0.1.x"},"devDependencies":{"bal-util":"1.6.x","mocha":"1.0.x"},"directories":{"lib":"lib"},"bin":{"cson2json":"./bin/cson2json","json2cson":"./bin/json2cson"},"scripts":{"test":"node ./node_modules/mocha/bin/mocha"},"main":"./main.js","_npmUser":{"name":"balupton","email":"b@lupton.cc"},"_id":"cson@1.0.2","optionalDependencies":{},"_engineSupported":true,"_npmVersion":"1.1.16","_nodeVersion":"v0.6.15","_defaultsLoaded":true,"dist":{"shasum":"9a633772262d89c327a10a7527d488aa5152d444","tarball":"https://registry.npmjs.org/cson/-/cson-1.0.2.tgz"}},"1.1.0":{"name":"cson","version":"1.1.0","description":"CoffeeScript-Object-Notation Parser. Same as JSON but for CoffeeScript objects","homepage":"https://github.com/bevry/cson","keywords":["javascript","coffeescript","json","cson","parse","stringify"],"author":{"name":"Bevry Pty Ltd","email":"us@bevry.me","url":"http://bevry.me"},"maintainers":[{"name":"balupton","email":"b@lupton.cc"}],"contributors":[{"name":"Benjamin Lupton","email":"b@lupton.cc","url":"http://balupton.com"},{"name":"Ryan LeFevre","email":"meltingice8917@gmail.com","url":"http://meltingice.net"}],"bugs":{"url":"https://github.com/bevry/cson/issues"},"repository":{"type":"git","url":"http://github.com/bevry/cson.git"},"engines":{"node":">=0.4.0"},"dependencies":{"coffee-script":"1.3.x","js2coffee":"0.1.x"},"devDependencies":{"joe":"1.0.x","bal-util":"1.8.x"},"directories":{"lib":"./out/lib"},"scripts":{"test":"node ./out/test/everything.test.js --joe-reporter=list"},"bin":{"cson2json":"./bin/cson2json","json2cson":"./bin/json2cson"},"main":"./out/lib/balutil","_id":"cson@1.1.0","dist":{"shasum":"684b6bf85fe3c339548647421fc2f87a8675b0f9","tarball":"https://registry.npmjs.org/cson/-/cson-1.1.0.tgz"}},"1.1.1":{"name":"cson","version":"1.1.1","description":"CoffeeScript-Object-Notation Parser. Same as JSON but for CoffeeScript objects","homepage":"https://github.com/bevry/cson","keywords":["javascript","coffeescript","json","cson","parse","stringify"],"author":{"name":"Bevry Pty Ltd","email":"us@bevry.me","url":"http://bevry.me"},"maintainers":[{"name":"balupton","email":"b@lupton.cc"}],"contributors":[{"name":"Benjamin Lupton","email":"b@lupton.cc","url":"http://balupton.com"},{"name":"Ryan LeFevre","email":"meltingice8917@gmail.com","url":"http://meltingice.net"}],"bugs":{"url":"https://github.com/bevry/cson/issues"},"repository":{"type":"git","url":"http://github.com/bevry/cson.git"},"engines":{"node":">=0.4.0"},"dependencies":{"coffee-script":"1.3.x","js2coffee":"0.1.x"},"devDependencies":{"joe":"1.0.x"},"directories":{"lib":"./out/lib"},"scripts":{"test":"node ./out/test/everything.test.js --joe-reporter=list"},"bin":{"cson2json":"./bin/cson2json","json2cson":"./bin/json2cson"},"main":"./out/lib/cson","_id":"cson@1.1.1","dist":{"shasum":"7eee9789177c8551b08f71ef1e44918fa79671f0","tarball":"https://registry.npmjs.org/cson/-/cson-1.1.1.tgz"}},"1.1.2":{"name":"cson","version":"1.1.2","description":"CoffeeScript-Object-Notation Parser. Same as JSON but for CoffeeScript objects","homepage":"https://github.com/bevry/cson","keywords":["javascript","coffeescript","json","cson","parse","stringify"],"author":{"name":"Bevry Pty Ltd","email":"us@bevry.me","url":"http://bevry.me"},"maintainers":[{"name":"balupton","email":"b@lupton.cc"}],"contributors":[{"name":"Benjamin Lupton","email":"b@lupton.cc","url":"http://balupton.com"},{"name":"Ryan LeFevre","email":"meltingice8917@gmail.com","url":"http://meltingice.net"}],"bugs":{"url":"https://github.com/bevry/cson/issues"},"repository":{"type":"git","url":"http://github.com/bevry/cson.git"},"engines":{"node":">=0.4.0"},"dependencies":{"coffee-script":"1.3.x","js2coffee":"0.1.x"},"devDependencies":{"joe":"1.0.x"},"directories":{"lib":"./out/lib"},"scripts":{"test":"node ./out/test/everything.test.js --joe-reporter=list"},"bin":{"cson2json":"./bin/cson2json","json2cson":"./bin/json2cson"},"main":"./out/lib/cson","_id":"cson@1.1.2","dist":{"shasum":"2b5b8a692edd1763b6168434ad8b82c1fcfcd63e","tarball":"https://registry.npmjs.org/cson/-/cson-1.1.2.tgz"}},"1.2.0":{"name":"cson","version":"1.2.0","description":"CoffeeScript-Object-Notation Parser. Same as JSON but for CoffeeScript objects","homepage":"https://github.com/bevry/cson","keywords":["javascript","coffeescript","json","cson","parse","stringify"],"author":{"name":"Bevry Pty Ltd","email":"us@bevry.me","url":"http://bevry.me"},"maintainers":[{"name":"balupton","email":"b@lupton.cc"}],"contributors":[{"name":"Benjamin Lupton","email":"b@lupton.cc","url":"http://balupton.com"},{"name":"Ryan LeFevre","email":"meltingice8917@gmail.com","url":"http://meltingice.net"}],"bugs":{"url":"https://github.com/bevry/cson/issues"},"repository":{"type":"git","url":"http://github.com/bevry/cson.git"},"engines":{"node":">=0.4.0"},"dependencies":{"coffee-script":"1.3.x","js2coffee":"0.1.x"},"devDependencies":{"joe":"1.0.x"},"directories":{"lib":"./out/lib"},"scripts":{"test":"node ./out/test/everything.test.js --joe-reporter=list"},"bin":{"cson2json":"./bin/cson2json","json2cson":"./bin/json2cson"},"main":"./out/lib/cson","_id":"cson@1.2.0","dist":{"shasum":"79b6f8dbb15cdf6c9e049416e443ab39aaca5679","tarball":"https://registry.npmjs.org/cson/-/cson-1.2.0.tgz"}},"1.2.1":{"name":"cson","version":"1.2.1","description":"CoffeeScript-Object-Notation Parser. Same as JSON but for CoffeeScript objects","homepage":"https://github.com/bevry/cson","keywords":["javascript","coffeescript","json","cson","parse","stringify"],"author":{"name":"Bevry Pty Ltd","email":"us@bevry.me","url":"http://bevry.me"},"maintainers":[{"name":"balupton","email":"b@lupton.cc"}],"contributors":[{"name":"Benjamin Lupton","email":"b@lupton.cc","url":"http://balupton.com"},{"name":"Ryan LeFevre","email":"meltingice8917@gmail.com","url":"http://meltingice.net"}],"bugs":{"url":"https://github.com/bevry/cson/issues"},"repository":{"type":"git","url":"http://github.com/bevry/cson.git"},"engines":{"node":">=0.4.0"},"dependencies":{"coffee-script":"1.3.x","js2coffee":"0.1.x"},"devDependencies":{"joe":"1.0.x"},"directories":{"lib":"./out/lib"},"scripts":{"test":"node ./out/test/everything.test.js --joe-reporter=list"},"bin":{"cson2json":"./bin/cson2json","json2cson":"./bin/json2cson"},"main":"./out/lib/cson","_id":"cson@1.2.1","dist":{"shasum":"9b8f2ca12644c7cb629147ee2fdd9d29752bde3a","tarball":"https://registry.npmjs.org/cson/-/cson-1.2.1.tgz"}},"1.2.2":{"name":"cson","version":"1.2.2","description":"CoffeeScript-Object-Notation Parser. Same as JSON but for CoffeeScript objects","homepage":"https://github.com/bevry/cson","keywords":["javascript","coffeescript","json","cson","parse","stringify"],"author":{"name":"Bevry Pty Ltd","email":"us@bevry.me","url":"http://bevry.me"},"maintainers":[{"name":"balupton","email":"b@lupton.cc"}],"contributors":[{"name":"Benjamin Lupton","email":"b@lupton.cc","url":"http://balupton.com"},{"name":"Ryan LeFevre","email":"meltingice8917@gmail.com","url":"http://meltingice.net"}],"bugs":{"url":"https://github.com/bevry/cson/issues"},"repository":{"type":"git","url":"http://github.com/bevry/cson.git"},"engines":{"node":">=0.4.0"},"dependencies":{"coffee-script":"1.3.x","js2coffee":"0.1.x"},"devDependencies":{"joe":"1.0.x"},"directories":{"lib":"./out/lib"},"scripts":{"test":"node ./out/test/everything.test.js --joe-reporter=list"},"bin":{"cson2json":"./bin/cson2json","json2cson":"./bin/json2cson"},"main":"./out/lib/cson","_id":"cson@1.2.2","dist":{"shasum":"9cdbc3209cedc443a3e671269f1d166725bac20d","tarball":"https://registry.npmjs.org/cson/-/cson-1.2.2.tgz"}},"1.2.3":{"name":"cson","version":"1.2.3","description":"CoffeeScript-Object-Notation Parser. Same as JSON but for CoffeeScript objects","homepage":"https://github.com/bevry/cson","keywords":["javascript","coffeescript","json","cson","parse","stringify"],"author":{"name":"Bevry Pty Ltd","email":"us@bevry.me","url":"http://bevry.me"},"maintainers":[{"name":"balupton","email":"b@lupton.cc"}],"contributors":[{"name":"Benjamin Lupton","email":"b@lupton.cc","url":"http://balupton.com"},{"name":"Ryan LeFevre","email":"meltingice8917@gmail.com","url":"http://meltingice.net"},{"name":"Zhang Cheng","email":"czhang.oss@gmail.com","url":"https://github.com/zhangcheng"}],"bugs":{"url":"https://github.com/bevry/cson/issues"},"repository":{"type":"git","url":"http://github.com/bevry/cson.git"},"engines":{"node":">=0.4.0"},"dependencies":{"coffee-script":"1.3.x","js2coffee":"0.1.x"},"devDependencies":{"joe":"1.0.x"},"directories":{"lib":"./out/lib"},"scripts":{"test":"node ./out/test/everything.test.js --joe-reporter=list"},"bin":{"cson2json":"./bin/cson2json","json2cson":"./bin/json2cson"},"main":"./out/lib/cson","_id":"cson@1.2.3","dist":{"shasum":"20462286cd0a2b8b510801837f19c5d0b7caffe9","tarball":"https://registry.npmjs.org/cson/-/cson-1.2.3.tgz"}},"1.3.0":{"name":"cson","version":"1.3.0","description":"CoffeeScript-Object-Notation Parser. Same as JSON but for CoffeeScript objects","homepage":"https://github.com/bevry/cson","keywords":["javascript","coffeescript","json","cson","parse","stringify"],"author":{"name":"Bevry Pty Ltd","email":"us@bevry.me","url":"http://bevry.me"},"maintainers":[{"name":"balupton","email":"b@lupton.cc"}],"contributors":[{"name":"Benjamin Lupton","email":"b@lupton.cc","url":"http://balupton.com"},{"name":"Ryan LeFevre","email":"meltingice8917@gmail.com","url":"http://meltingice.net"},{"name":"Linus G Thiel","email":"inus@hanssonlarsson.se","url":"https://github.com/linus"},{"name":"Zhang Cheng","email":"czhang.oss@gmail.com","url":"https://github.com/zhangcheng"}],"bugs":{"url":"https://github.com/bevry/cson/issues"},"repository":{"type":"git","url":"http://github.com/bevry/cson.git"},"engines":{"node":">=0.6.0"},"dependencies":{"coffee-script":"1.3.x","js2coffee":"0.1.x"},"devDependencies":{"joe":"1.0.x"},"directories":{"lib":"./out/lib"},"scripts":{"test":"node ./out/test/everything.test.js --joe-reporter=list"},"bin":{"cson2json":"./bin/cson2json","json2cson":"./bin/json2cson"},"main":"./out/lib/cson","_id":"cson@1.3.0","dist":{"shasum":"377dcaab89a934d5a58e4a78f190a20ddc2283e1","tarball":"https://registry.npmjs.org/cson/-/cson-1.3.0.tgz"}},"1.4.0":{"name":"cson","version":"1.4.0","description":"CoffeeScript-Object-Notation Parser. Same as JSON but for CoffeeScript objects","homepage":"https://github.com/bevry/cson","keywords":["javascript","coffeescript","json","cson","parse","stringify"],"author":{"name":"Bevry Pty Ltd","email":"us@bevry.me","url":"http://bevry.me"},"maintainers":[{"name":"balupton","email":"b@lupton.cc"}],"contributors":[{"name":"Benjamin Lupton","email":"b@lupton.cc","url":"http://balupton.com"},{"name":"Ryan LeFevre","email":"meltingice8917@gmail.com","url":"http://meltingice.net"},{"name":"Linus G Thiel","email":"linus@hanssonlarsson.se","url":"https://github.com/linus"},{"name":"Zhang Cheng","email":"czhang.oss@gmail.com","url":"https://github.com/zhangcheng"}],"bugs":{"url":"https://github.com/bevry/cson/issues"},"repository":{"type":"git","url":"http://github.com/bevry/cson.git"},"engines":{"node":">=0.6.0"},"dependencies":{"coffee-script":"1.4.x","js2coffee":"0.1.x"},"devDependencies":{"joe":"1.0.x"},"directories":{"lib":"./out/lib"},"scripts":{"test":"node ./out/test/everything.test.js --joe-reporter=list"},"bin":{"cson2json":"./bin/cson2json","json2cson":"./bin/json2cson"},"main":"./out/lib/cson","_id":"cson@1.4.0","dist":{"shasum":"8026407f8b04f941df88c9b4d52a9348e1759b69","tarball":"https://registry.npmjs.org/cson/-/cson-1.4.0.tgz"},"_npmVersion":"1.1.62","_npmUser":{"name":"balupton","email":"b@lupton.cc"}},"1.4.1":{"name":"cson","version":"1.4.1","description":"CoffeeScript-Object-Notation Parser. Same as JSON but for CoffeeScript objects","homepage":"https://github.com/bevry/cson","keywords":["javascript","coffeescript","json","cson","parse","stringify"],"author":{"name":"Bevry Pty Ltd","email":"us@bevry.me","url":"http://bevry.me"},"maintainers":[{"name":"balupton","email":"b@lupton.cc"}],"contributors":[{"name":"Benjamin Lupton","email":"b@lupton.cc","url":"https://github.com/balupton"},{"name":"Ryan LeFevre","email":"meltingice8917@gmail.com","url":"https://github.com/meltingice"},{"name":"Linus G Thiel","email":"linus@hanssonlarsson.se","url":"https://github.com/linus"},{"name":"Zhang Cheng","email":"czhang.oss@gmail.com","url":"https://github.com/zhangcheng"},{"name":"Nicolae Claudius","email":"claudius.nicolae@gmail.com","url":"https://github.com/clyfe"},{"name":"Joel Perras","email":"joel.perras@gmail.com","url":"https://github.com/jperras"}],"bugs":{"url":"https://github.com/bevry/cson/issues"},"repository":{"type":"git","url":"http://github.com/bevry/cson.git"},"engines":{"node":">=0.6.0"},"dependencies":{"coffee-script":"~1.6.1","js2coffee":"~0.1.3"},"devDependencies":{"joe":"~1.1.1"},"directories":{"lib":"./out/lib"},"scripts":{"test":"node ./out/test/everything.test.js --joe-reporter=list"},"bin":{"cson2json":"./bin/cson2json","json2cson":"./bin/json2cson"},"main":"./out/lib/cson","_id":"cson@1.4.1","dist":{"shasum":"c2019faa4a9905ad85e938b2c3758a5aa76a3dff","tarball":"https://registry.npmjs.org/cson/-/cson-1.4.1.tgz"},"_from":".","_npmVersion":"1.2.14","_npmUser":{"name":"balupton","email":"b@lupton.cc"}},"1.4.2":{"name":"cson","version":"1.4.2","description":"CoffeeScript-Object-Notation Parser. Same as JSON but for CoffeeScript objects","homepage":"https://github.com/bevry/cson","keywords":["javascript","coffeescript","json","cson","parse","stringify"],"author":{"name":"Bevry Pty Ltd","email":"us@bevry.me","url":"http://bevry.me"},"maintainers":[{"name":"balupton","email":"b@lupton.cc"}],"contributors":[{"name":"Benjamin Lupton","email":"b@lupton.cc","url":"https://github.com/balupton"},{"name":"Ryan LeFevre","email":"meltingice8917@gmail.com","url":"https://github.com/meltingice"},{"name":"Linus G Thiel","email":"linus@hanssonlarsson.se","url":"https://github.com/linus"},{"name":"Zhang Cheng","email":"czhang.oss@gmail.com","url":"https://github.com/zhangcheng"},{"name":"Nicolae Claudius","email":"claudius.nicolae@gmail.com","url":"https://github.com/clyfe"},{"name":"Joel Perras","email":"joel.perras@gmail.com","url":"https://github.com/jperras"}],"bugs":{"url":"https://github.com/bevry/cson/issues"},"repository":{"type":"git","url":"http://github.com/bevry/cson.git"},"engines":{"node":">=0.6.0"},"dependencies":{"coffee-script":"~1.6.3","js2coffee":"~0.1.4"},"devDependencies":{"chai":"~1.6.1","joe":"~1.2.0","joe-reporter-console":"~1.2.1"},"directories":{"lib":"./out/lib"},"scripts":{"test":"node ./out/test/everything.test.js"},"bin":{"cson2json":"./bin/cson2json","json2cson":"./bin/json2cson"},"main":"./out/lib/cson","_id":"cson@1.4.2","dist":{"shasum":"baf5d549ccd7cef1ba11e6931639cf6091b340b1","tarball":"https://registry.npmjs.org/cson/-/cson-1.4.2.tgz"},"_from":".","_npmVersion":"1.2.18","_npmUser":{"name":"balupton","email":"b@lupton.cc"}},"1.4.3":{"name":"cson","version":"1.4.3","description":"CoffeeScript-Object-Notation Parser. Same as JSON but for CoffeeScript objects","homepage":"https://github.com/bevry/cson","keywords":["javascript","coffeescript","json","cson","parse","stringify"],"author":{"name":"Bevry Pty Ltd","email":"us@bevry.me","url":"http://bevry.me"},"maintainers":[{"name":"balupton","email":"b@lupton.cc"}],"contributors":[{"name":"Benjamin Lupton","email":"b@lupton.cc","url":"https://github.com/balupton"},{"name":"Ryan LeFevre","email":"meltingice8917@gmail.com","url":"https://github.com/meltingice"},{"name":"Linus G Thiel","email":"linus@hanssonlarsson.se","url":"https://github.com/linus"},{"name":"Zhang Cheng","email":"czhang.oss@gmail.com","url":"https://github.com/zhangcheng"},{"name":"Nicolae Claudius","email":"claudius.nicolae@gmail.com","url":"https://github.com/clyfe"},{"name":"Joel Perras","email":"joel.perras@gmail.com","url":"https://github.com/jperras"}],"bugs":{"url":"https://github.com/bevry/cson/issues"},"repository":{"type":"git","url":"http://github.com/bevry/cson.git"},"engines":{"node":">=0.8.0"},"dependencies":{"coffee-script":"~1.6.3","js2coffee":"~0.1.4","extract-opts":"~2.2.0","requirefresh":"~1.1.1"},"devDependencies":{"chai":"~1.7.2","joe":"~1.3.0","joe-reporter-console":"~1.2.1"},"directories":{"lib":"./out/lib"},"scripts":{"test":"node ./out/test/everything.test.js"},"bin":{"cson2json":"./bin/cson2json","json2cson":"./bin/json2cson"},"main":"./out/lib/cson","_id":"cson@1.4.3","dist":{"shasum":"6f674af9b3e034bec7de6231313c2adee6cfa6da","tarball":"https://registry.npmjs.org/cson/-/cson-1.4.3.tgz"},"_from":".","_npmVersion":"1.3.9","_npmUser":{"name":"balupton","email":"b@lupton.cc"}},"1.4.4":{"name":"cson","version":"1.4.4","description":"CoffeeScript-Object-Notation Parser. Same as JSON but for CoffeeScript objects","homepage":"https://github.com/bevry/cson","keywords":["javascript","coffeescript","json","cson","parse","stringify"],"author":{"name":"Bevry Pty Ltd","email":"us@bevry.me","url":"http://bevry.me"},"maintainers":[{"name":"balupton","email":"b@lupton.cc"}],"contributors":[{"name":"Benjamin Lupton","email":"b@lupton.cc","url":"https://github.com/balupton"},{"name":"Ryan LeFevre","email":"meltingice8917@gmail.com","url":"https://github.com/meltingice"},{"name":"Linus G Thiel","email":"linus@hanssonlarsson.se","url":"https://github.com/linus"},{"name":"Zhang Cheng","email":"czhang.oss@gmail.com","url":"https://github.com/zhangcheng"},{"name":"Nicolae Claudius","email":"claudius.nicolae@gmail.com","url":"https://github.com/clyfe"},{"name":"Joel Perras","email":"joel.perras@gmail.com","url":"https://github.com/jperras"}],"bugs":{"url":"https://github.com/bevry/cson/issues"},"repository":{"type":"git","url":"http://github.com/bevry/cson.git"},"engines":{"node":">=0.8.0"},"dependencies":{"coffee-script":"~1.6.3","js2coffee":"~0.1.4","extract-opts":"~2.2.0","requirefresh":"~1.1.2"},"devDependencies":{"chai":"~1.7.2","joe":"~1.3.0","joe-reporter-console":"~1.2.1"},"directories":{"lib":"./out/lib"},"scripts":{"test":"node ./out/test/everything.test.js"},"bin":{"cson2json":"./bin/cson2json","json2cson":"./bin/json2cson"},"main":"./out/lib/cson","_id":"cson@1.4.4","dist":{"shasum":"6243789c46a9e27702c6a23748443499a52c28af","tarball":"https://registry.npmjs.org/cson/-/cson-1.4.4.tgz"},"_from":".","_npmVersion":"1.3.9","_npmUser":{"name":"balupton","email":"b@lupton.cc"}},"1.4.5":{"title":"CSON","name":"cson","version":"1.4.5","description":"CoffeeScript-Object-Notation Parser. Same as JSON but for CoffeeScript objects","homepage":"https://github.com/bevry/cson","license":{"type":"MIT"},"badges":{"travis":true,"npm":true,"gittip":"bevry","flattr":"344188/balupton-on-Flattr","paypal":"QB8GQPZAH84N6"},"keywords":["javascript","coffeescript","json","cson","parse","stringify"],"author":{"name":"2012+ Bevry Pty Ltd","email":"us@bevry.me","url":"http://bevry.me"},"maintainers":[{"name":"balupton","email":"b@lupton.cc"}],"contributors":[{"name":"Benjamin Lupton","email":"b@lupton.cc","url":"https://github.com/balupton"},{"name":"Joel Perras","email":"joel.perras@gmail.com","url":"https://github.com/jperras"},{"name":"Linus G Thiel","email":"linus@hanssonlarsson.se","url":"https://github.com/linus"},{"name":"Nicolae Claudius","email":"claudius.nicolae@gmail.com","url":"https://github.com/clyfe"},{"name":"Ryan LeFevre","email":"meltingice8917@gmail.com","url":"https://github.com/meltingice"},{"name":"Zhang Cheng","email":"czhang.oss@gmail.com","url":"https://github.com/zhangcheng"}],"bugs":{"url":"https://github.com/bevry/cson/issues"},"repository":{"type":"git","url":"http://github.com/bevry/cson.git"},"engines":{"node":">=0.8.0"},"dependencies":{"coffee-script":"~1.6.3","js2coffee":"~0.2.3","extract-opts":"~2.2.0","requirefresh":"~1.1.2"},"devDependencies":{"chai":"~1.8.1","joe":"~1.3.0","joe-reporter-console":"~1.2.1","projectz":"~0.2.5"},"directories":{"lib":"./out/lib"},"scripts":{"preinstall":"node ./cyclic.js","test":"node ./out/test/cson-test.js"},"bin":{"cson2json":"./bin/cson2json","json2cson":"./bin/json2cson"},"main":"./out/lib/cson","_id":"cson@1.4.5","dist":{"shasum":"25f99ffd579846186d7f2fde8ad46db924eaf6bf","tarball":"https://registry.npmjs.org/cson/-/cson-1.4.5.tgz"},"_from":".","_npmVersion":"1.3.11","_npmUser":{"name":"balupton","email":"b@lupton.cc"}},"1.6.0":{"title":"CSON","name":"cson","version":"1.6.0","description":"CoffeeScript-Object-Notation Parser. Same as JSON but for CoffeeScript objects","homepage":"https://github.com/bevry/cson","license":{"type":"MIT"},"badges":{"travis":true,"npm":true,"david":true,"daviddev":true,"gittip":"bevry","flattr":"344188/balupton-on-Flattr","paypal":"QB8GQPZAH84N6","bitcoin":"https://coinbase.com/checkouts/9ef59f5479eec1d97d63382c9ebcb93a","wishlist":"http://amzn.com/w/2F8TXKSNAFG4V"},"keywords":["javascript","coffeescript","json","cson","parse","stringify"],"author":{"name":"2012+ Bevry Pty Ltd","email":"us@bevry.me","url":"http://bevry.me"},"maintainers":[{"name":"balupton","email":"b@lupton.cc"}],"contributors":[{"name":"attilaolah","url":"https://github.com/attilaolah"},{"name":"Benjamin Lupton","email":"b@lupton.cc","url":"https://github.com/balupton"},{"name":"evinugur","url":"https://github.com/evinugur"},{"name":"jasonkarns","url":"https://github.com/jasonkarns"},{"name":"Joel Perras","email":"joel.perras@gmail.com","url":"https://github.com/jperras"},{"name":"Linus G Thiel","email":"linus@hanssonlarsson.se","url":"https://github.com/linus"},{"name":"Nicolae Claudius","email":"claudius.nicolae@gmail.com","url":"https://github.com/clyfe"},{"name":"RobLoach","url":"https://github.com/RobLoach"},{"name":"Ryan LeFevre","email":"meltingice8917@gmail.com","url":"https://github.com/meltingice"},{"name":"Zhang Cheng","email":"czhang.oss@gmail.com","url":"https://github.com/zhangcheng"}],"bugs":{"url":"https://github.com/bevry/cson/issues"},"repository":{"type":"git","url":"http://github.com/bevry/cson.git"},"engines":{"node":">=0.8.0"},"dependencies":{"ambi":"^2.2.0","coffee-script":"~1.7.1","extract-opts":"~2.2.0","js2coffee":"~0.3.0","requirefresh":"~1.1.2"},"devDependencies":{"chai":"~1.9.0","joe":"~1.3.0","joe-reporter-console":"~1.2.1","projectz":"~0.3.10"},"directories":{"lib":"./out/lib"},"scripts":{"preinstall":"node ./cyclic.js","test":"node ./out/test/cson-test.js"},"bin":{"cson2json":"./bin/cson2json","json2cson":"./bin/json2cson"},"main":"./out/lib/cson","cakeConfiguration":{"COFFEE_SRC_PATH":"src"},"_id":"cson@1.6.0","_shasum":"e8f68fdbeb196e68b3b0f81d65cdf174038f5c77","_from":".","_npmVersion":"1.4.9","_npmUser":{"name":"balupton","email":"b@lupton.cc"},"dist":{"shasum":"e8f68fdbeb196e68b3b0f81d65cdf174038f5c77","tarball":"https://registry.npmjs.org/cson/-/cson-1.6.0.tgz"}},"1.6.1":{"title":"CSON","name":"cson","version":"1.6.1","description":"CoffeeScript-Object-Notation Parser. Same as JSON but for CoffeeScript objects.","homepage":"https://github.com/bevry/cson","license":{"type":"MIT"},"badges":{"travis":true,"npm":true,"david":true,"daviddev":true,"gittip":"bevry","flattr":"344188/balupton-on-Flattr","paypal":"QB8GQPZAH84N6","bitcoin":"https://coinbase.com/checkouts/9ef59f5479eec1d97d63382c9ebcb93a","wishlist":"http://amzn.com/w/2F8TXKSNAFG4V"},"keywords":["javascript","coffeescript","json","cson","parse","stringify"],"author":{"name":"2012+ Bevry Pty Ltd","email":"us@bevry.me","url":"http://bevry.me"},"maintainers":[{"name":"balupton","email":"b@lupton.cc"}],"contributors":[{"name":"attilaolah","url":"https://github.com/attilaolah"},{"name":"Benjamin Lupton","email":"b@lupton.cc","url":"https://github.com/balupton"},{"name":"evinugur","url":"https://github.com/evinugur"},{"name":"jasonkarns","url":"https://github.com/jasonkarns"},{"name":"Joel Perras","email":"joel.perras@gmail.com","url":"https://github.com/jperras"},{"name":"Linus G Thiel","email":"linus@hanssonlarsson.se","url":"https://github.com/linus"},{"name":"Nicolae Claudius","email":"claudius.nicolae@gmail.com","url":"https://github.com/clyfe"},{"name":"RobLoach","url":"https://github.com/RobLoach"},{"name":"Ryan LeFevre","email":"meltingice8917@gmail.com","url":"https://github.com/meltingice"},{"name":"Zearin","url":"https://github.com/Zearin"},{"name":"Zhang Cheng","email":"czhang.oss@gmail.com","url":"https://github.com/zhangcheng"}],"bugs":{"url":"https://github.com/bevry/cson/issues"},"repository":{"type":"git","url":"http://github.com/bevry/cson.git"},"engines":{"node":">=0.8.0"},"dependencies":{"ambi":"^2.2.0","coffee-script":"~1.7.1","extract-opts":"~2.2.0","js2coffee":"~0.3.1","requirefresh":"~1.1.2"},"devDependencies":{"chai":"~1.9.0","joe":"~1.5.0","joe-reporter-console":"~1.2.1","projectz":"~0.3.15"},"directories":{"lib":"./out/lib"},"scripts":{"preinstall":"node ./cyclic.js","test":"node ./out/test/cson-test.js"},"bin":{"cson2json":"./bin/cson2json","json2cson":"./bin/json2cson"},"main":"./out/lib/cson","cakeConfiguration":{"COFFEE_SRC_PATH":"src"},"gitHead":"4a46a72269fe43f746335a68cc736b1296dc7798","_id":"cson@1.6.1","_shasum":"f9c172cb40bf668855b578d94a08d70517a682eb","_from":".","_npmVersion":"1.4.21","_npmUser":{"name":"balupton","email":"b@lupton.cc"},"dist":{"shasum":"f9c172cb40bf668855b578d94a08d70517a682eb","tarball":"https://registry.npmjs.org/cson/-/cson-1.6.1.tgz"}},"1.6.2":{"title":"CSON","name":"cson","version":"1.6.2","description":"CoffeeScript-Object-Notation Parser. Same as JSON but for CoffeeScript objects.","homepage":"https://github.com/bevry/cson","license":{"type":"MIT"},"badges":{"travis":true,"npm":true,"npmdownloads":true,"david":true,"daviddev":true,"gittip":"bevry","flattr":"344188/balupton-on-Flattr","paypal":"QB8GQPZAH84N6","bitcoin":"https://coinbase.com/checkouts/9ef59f5479eec1d97d63382c9ebcb93a","wishlist":"http://amzn.com/w/2F8TXKSNAFG4V"},"keywords":["javascript","coffeescript","json","cson","parse","stringify"],"author":{"name":"2012+ Bevry Pty Ltd","email":"us@bevry.me","url":"http://bevry.me"},"maintainers":[{"name":"balupton","email":"b@lupton.cc"}],"contributors":[{"name":"attilaolah","url":"https://github.com/attilaolah"},{"name":"Benjamin Lupton","email":"b@lupton.cc","url":"https://github.com/balupton"},{"name":"evinugur","url":"https://github.com/evinugur"},{"name":"jasonkarns","url":"https://github.com/jasonkarns"},{"name":"Joel Perras","email":"joel.perras@gmail.com","url":"https://github.com/jperras"},{"name":"Linus G Thiel","email":"linus@hanssonlarsson.se","url":"https://github.com/linus"},{"name":"Nicolae Claudius","email":"claudius.nicolae@gmail.com","url":"https://github.com/clyfe"},{"name":"RobLoach","url":"https://github.com/RobLoach"},{"name":"Ryan LeFevre","email":"meltingice8917@gmail.com","url":"https://github.com/meltingice"},{"name":"Zearin","url":"https://github.com/Zearin"},{"name":"Zhang Cheng","email":"czhang.oss@gmail.com","url":"https://github.com/zhangcheng"}],"bugs":{"url":"https://github.com/bevry/cson/issues"},"repository":{"type":"git","url":"http://github.com/bevry/cson.git"},"engines":{"node":">=0.8.0"},"dependencies":{"ambi":"^2.2.0","coffee-script":"~1.8.0","extract-opts":"~2.2.0","js2coffee":"~0.3.5","requirefresh":"~1.1.2"},"devDependencies":{"chai":"~1.10.0","joe":"~1.5.0","joe-reporter-console":"~1.2.1","projectz":"~0.3.17"},"directories":{"lib":"./out/lib"},"scripts":{"preinstall":"node ./cyclic.js","test":"node ./out/test/cson-test.js"},"bin":{"cson2json":"./bin/cson2json","json2cson":"./bin/json2cson"},"main":"./out/lib/cson","cakeConfiguration":{"COFFEE_SRC_PATH":"src"},"gitHead":"84366aadbabfe21f5195d2d6f7a2189c7406d12b","_id":"cson@1.6.2","_shasum":"fae7b13da1ceb077de2afdba8630c6790325f459","_from":".","_npmVersion":"2.1.11","_nodeVersion":"0.10.33","_npmUser":{"name":"balupton","email":"b@lupton.cc"},"dist":{"shasum":"fae7b13da1ceb077de2afdba8630c6790325f459","tarball":"https://registry.npmjs.org/cson/-/cson-1.6.2.tgz"}},"2.0.0":{"title":"CSON","name":"cson","version":"2.0.0","description":"CoffeeScript-Object-Notation Parser. Same as JSON but for CoffeeScript objects.","homepage":"https://github.com/bevry/cson","license":{"type":"MIT"},"badges":{"travis":true,"npm":true,"npmdownloads":true,"david":true,"daviddev":true,"gratipay":"bevry","flattr":"344188/balupton-on-Flattr","paypal":"QB8GQPZAH84N6","bitcoin":"https://coinbase.com/checkouts/9ef59f5479eec1d97d63382c9ebcb93a","wishlist":"http://amzn.com/w/2F8TXKSNAFG4V"},"keywords":["javascript","coffeescript","json","cson","parse","stringify"],"author":{"name":"2012+ Bevry Pty Ltd","email":"us@bevry.me","url":"http://bevry.me"},"maintainers":[{"name":"balupton","email":"b@lupton.cc"}],"contributors":[{"name":"attilaolah","url":"https://github.com/attilaolah"},{"name":"Benjamin Lupton","email":"b@lupton.cc","url":"https://github.com/balupton"},{"name":"evinugur","url":"https://github.com/evinugur"},{"name":"jasonkarns","url":"https://github.com/jasonkarns"},{"name":"Joel Perras","email":"joel.perras@gmail.com","url":"https://github.com/jperras"},{"name":"Linus G Thiel","email":"linus@hanssonlarsson.se","url":"https://github.com/linus"},{"name":"nanuclickity","url":"https://github.com/nanuclickity"},{"name":"Nicolae Claudius","email":"claudius.nicolae@gmail.com","url":"https://github.com/clyfe"},{"name":"RobLoach","url":"https://github.com/RobLoach"},{"name":"Ryan LeFevre","email":"meltingice8917@gmail.com","url":"https://github.com/meltingice"},{"name":"Zearin","url":"https://github.com/Zearin"},{"name":"Zhang Cheng","email":"czhang.oss@gmail.com","url":"https://github.com/zhangcheng"}],"bugs":{"url":"https://github.com/bevry/cson/issues"},"repository":{"type":"git","url":"http://github.com/bevry/cson.git"},"engines":{"node":">=0.8.0"},"dependencies":{"coffee-script":"~1.9.0","cson-parser":"^1.0.6","requirefresh":"^1.1.2","safefs":"^3.1.2"},"devDependencies":{"biscotto":"^2.3.1","chai":"~1.10.0","joe":"~1.6.0","joe-reporter-console":"~1.2.1","projectz":"^0.3.17","safeps":"^2.2.12"},"directories":{"lib":"./out/lib"},"scripts":{"test":"node ./out/test/cson-test.js"},"bin":{"cson2json":"./bin/cson2json","json2cson":"./bin/json2cson"},"main":"./out/lib/cson","cakeConfiguration":{"COFFEE_SRC_PATH":"src","BISCOTTO_SRC_PATH":"src"},"gitHead":"a05758738c0a9b436e4d1332598d3603f505e664","_id":"cson@2.0.0","_shasum":"783b5571860bcb419be3326c6232d2d491a1c84a","_from":".","_npmVersion":"2.4.1","_nodeVersion":"0.10.35","_npmUser":{"name":"balupton","email":"b@lupton.cc"},"dist":{"shasum":"783b5571860bcb419be3326c6232d2d491a1c84a","tarball":"https://registry.npmjs.org/cson/-/cson-2.0.0.tgz"}},"3.0.0":{"title":"CSON","name":"cson","version":"3.0.0","description":"CoffeeScript-Object-Notation Parser. Same as JSON but for CoffeeScript objects.","homepage":"https://github.com/bevry/cson","license":{"type":"MIT"},"badges":{"travis":true,"npm":true,"npmdownloads":true,"david":true,"daviddev":true,"gratipay":"bevry","flattr":"344188/balupton-on-Flattr","paypal":"QB8GQPZAH84N6","bitcoin":"https://coinbase.com/checkouts/9ef59f5479eec1d97d63382c9ebcb93a","wishlist":"http://amzn.com/w/2F8TXKSNAFG4V"},"keywords":["javascript","coffeescript","json","cson","parse","stringify"],"author":{"name":"2012+ Bevry Pty Ltd","email":"us@bevry.me","url":"http://bevry.me"},"maintainers":[{"name":"balupton","email":"b@lupton.cc"}],"contributors":[{"name":"attilaolah","url":"https://github.com/attilaolah"},{"name":"Benjamin Lupton","email":"b@lupton.cc","url":"https://github.com/balupton"},{"name":"evinugur","url":"https://github.com/evinugur"},{"name":"jasonkarns","url":"https://github.com/jasonkarns"},{"name":"Joel Perras","email":"joel.perras@gmail.com","url":"https://github.com/jperras"},{"name":"Linus G Thiel","email":"linus@hanssonlarsson.se","url":"https://github.com/linus"},{"name":"nanuclickity","url":"https://github.com/nanuclickity"},{"name":"Nicolae Claudius","email":"claudius.nicolae@gmail.com","url":"https://github.com/clyfe"},{"name":"RobLoach","url":"https://github.com/RobLoach"},{"name":"Ryan LeFevre","email":"meltingice8917@gmail.com","url":"https://github.com/meltingice"},{"name":"Zearin","url":"https://github.com/Zearin"},{"name":"Zhang Cheng","email":"czhang.oss@gmail.com","url":"https://github.com/zhangcheng"}],"bugs":{"url":"https://github.com/bevry/cson/issues"},"repository":{"type":"git","url":"http://github.com/bevry/cson.git"},"engines":{"node":">=0.8.0"},"dependencies":{"coffee-script":"~1.9.0","cson-parser":"^1.0.6","extract-opts":"^3.0.1","requirefresh":"^2.0.0","safefs":"^3.1.2"},"devDependencies":{"biscotto":"^2.3.1","assert-helpers":"^1.0.1","joe":"^1.6.0","joe-reporter-console":"^1.2.1","projectz":"^0.5.0","safeps":"^2.2.12"},"directories":{"lib":"./out/lib"},"scripts":{"test":"node ./out/test/cson-test.js"},"bin":{"cson2json":"./bin/cson2json","json2cson":"./bin/json2cson"},"main":"./out/lib/cson","cakeConfiguration":{"COFFEE_SRC_PATH":"src","BISCOTTO_SRC_PATH":"src"},"gitHead":"3c4858a9203c3034bafb62f736aa4836baf8dbda","_id":"cson@3.0.0","_shasum":"ab3747066975a0140b06db1b5366a4bdba18c982","_from":".","_npmVersion":"2.5.1","_nodeVersion":"0.12.0","_npmUser":{"name":"balupton","email":"b@lupton.cc"},"dist":{"shasum":"ab3747066975a0140b06db1b5366a4bdba18c982","tarball":"https://registry.npmjs.org/cson/-/cson-3.0.0.tgz"}},"3.0.1":{"title":"CSON","name":"cson","version":"3.0.1","description":"CoffeeScript-Object-Notation Parser. Same as JSON but for CoffeeScript objects.","homepage":"https://github.com/bevry/cson","license":{"type":"MIT"},"badges":{"travis":true,"npm":true,"npmdownloads":true,"david":true,"daviddev":true,"gratipay":"bevry","flattr":"344188/balupton-on-Flattr","paypal":"QB8GQPZAH84N6","bitcoin":"https://coinbase.com/checkouts/9ef59f5479eec1d97d63382c9ebcb93a","wishlist":"http://amzn.com/w/2F8TXKSNAFG4V"},"keywords":["javascript","coffeescript","json","cson","parse","stringify"],"author":{"name":"2012+ Bevry Pty Ltd","email":"us@bevry.me","url":"http://bevry.me"},"maintainers":[{"name":"balupton","email":"b@lupton.cc"}],"contributors":[{"name":"attilaolah","url":"https://github.com/attilaolah"},{"name":"Benjamin Lupton","email":"b@lupton.cc","url":"https://github.com/balupton"},{"name":"evinugur","url":"https://github.com/evinugur"},{"name":"jasonkarns","url":"https://github.com/jasonkarns"},{"name":"Joel Perras","email":"joel.perras@gmail.com","url":"https://github.com/jperras"},{"name":"Linus G Thiel","email":"linus@hanssonlarsson.se","url":"https://github.com/linus"},{"name":"nanuclickity","url":"https://github.com/nanuclickity"},{"name":"Nicolae Claudius","email":"claudius.nicolae@gmail.com","url":"https://github.com/clyfe"},{"name":"RobLoach","url":"https://github.com/RobLoach"},{"name":"Ryan LeFevre","email":"meltingice8917@gmail.com","url":"https://github.com/meltingice"},{"name":"Zearin","url":"https://github.com/Zearin"},{"name":"Zhang Cheng","email":"czhang.oss@gmail.com","url":"https://github.com/zhangcheng"}],"bugs":{"url":"https://github.com/bevry/cson/issues"},"repository":{"type":"git","url":"http://github.com/bevry/cson.git"},"engines":{"node":">=0.8.0"},"dependencies":{"coffee-script":"~1.9.0","cson-parser":"^1.0.6","extract-opts":"^3.0.1","requirefresh":"^2.0.0","safefs":"^3.1.2"},"devDependencies":{"biscotto":"^2.3.1","assert-helpers":"^1.0.1","joe":"^1.6.0","joe-reporter-console":"^1.2.1","projectz":"^0.5.0","safeps":"^2.2.12"},"directories":{"lib":"./out/lib"},"scripts":{"test":"node ./out/test/cson-test.js"},"bin":{"cson2json":"./bin/cson2json","json2cson":"./bin/json2cson"},"main":"./out/lib/cson","cakeConfiguration":{"COFFEE_SRC_PATH":"src","BISCOTTO_SRC_PATH":"src"},"gitHead":"cd136d1e24deebceb429784802d695940afb8417","_id":"cson@3.0.1","_shasum":"ed3c0947a12cbe536eb51587a24c324e62f8bd23","_from":".","_npmVersion":"2.5.1","_nodeVersion":"0.12.0","_npmUser":{"name":"balupton","email":"b@lupton.cc"},"dist":{"shasum":"ed3c0947a12cbe536eb51587a24c324e62f8bd23","tarball":"https://registry.npmjs.org/cson/-/cson-3.0.1.tgz"}},"3.0.2":{"title":"CSON","name":"cson","version":"3.0.2","description":"CoffeeScript-Object-Notation Parser. Same as JSON but for CoffeeScript objects.","homepage":"https://github.com/bevry/cson","license":"MIT","keywords":["javascript","coffeescript","json","cson","parse","stringify"],"badges":{"list":["travisci","npmversion","npmdownloads","daviddm","daviddmdev","---","slackin","patreon","gratipay","flattr","paypal","bitcoin","wishlist"],"config":{"patreonUsername":"bevry","gratipayUsername":"bevry","flattrCode":"344188/balupton-on-Flattr","paypalButtonID":"QB8GQPZAH84N6","bitcoinURL":"https://bevry.me/bitcoin","wishlistURL":"https://bevry.me/wishlist","slackinURL":"https://slack.bevry.me"}},"author":{"name":"2012+ Bevry Pty Ltd","email":"us@bevry.me","url":"http://bevry.me"},"maintainers":[{"name":"balupton","email":"b@lupton.cc"}],"contributors":[{"name":"Benjamin Lupton","email":"b@lupton.cc","url":"http://balupton.com"},{"name":"Attila Oláh","email":"attila@attilaolah.eu","url":"http://attilaolah.eu/"},{"name":"evinugur","url":"https://github.com/evinugur"},{"name":"Jason Karns","email":"jason@karns.name","url":"http://jasonkarns.com"},{"name":"Joël Perras","email":"joel@nerderati.com","url":"http://nerderati.com"},{"name":"Linus Gustav Larsson Thiel","email":"linus@hanssonlarsson.se","url":"http://yesbabyyes.se/"},{"name":"Tushar Kant","email":"nanu.clickity@gmail.com","url":"https://github.com/nanuclickity"},{"name":"Claudius Nicolae","email":"claudius.nicolae@gmail.com","url":"https://github.com/clyfe"},{"name":"Rob Loach","email":"robloach@gmail.com","url":"http://robloach.net"},{"name":"Ryan LeFevre","email":"meltingice8917@gmail.com","url":"http://meltingice.net"},{"name":"Zearin","url":"https://github.com/Zearin"},{"name":"ZHANG Cheng","email":"czhang.oss@gmail.com","url":"http://about.me/zhangcheng77"}],"bugs":{"url":"https://github.com/bevry/cson/issues"},"repository":{"type":"git","url":"git+ssh://git@github.com/bevry/cson.git"},"engines":{"node":">=0.8"},"dependencies":{"coffee-script":"^1.9.0","cson-parser":"^1.0.6","extract-opts":"^3.0.1","requirefresh":"^2.0.0","safefs":"^4.0.0"},"devDependencies":{"biscotto":"^2.3.1","assert-helpers":"^3.0.0","joe":"^1.6.0","joe-reporter-console":"^1.2.1","projectz":"^1.0.2","safeps":"^6.0.0"},"main":"./out/lib/cson","bin":{"cson2json":"./bin/cson2json","json2cson":"./bin/json2cson"},"scripts":{"clean":"node --harmony nakefile.js clean","setup":"node --harmony nakefile.js setup","compile":"node --harmony nakefile.js compile","watch":"node --harmony nakefile.js watch","verify":"node --harmony nakefile.js verify","meta":"node --harmony nakefile.js meta","prepare":"node --harmony nakefile.js prepare","release":"node --harmony nakefile.js release","test":"node --harmony ./out/test/cson-test.js"},"nakeConfiguration":{"COFFEE_SRC_PATH":"src","BISCOTTO_SRC_PATH":"src"},"gitHead":"fab30c3765cd954471e55ac8c111648d97b32f01","_id":"cson@3.0.2","_shasum":"83ee9089db3c254bec1e98e498d9aacf11adcc54","_from":".","_npmVersion":"3.3.3","_nodeVersion":"4.1.0","_npmUser":{"name":"balupton","email":"b@lupton.cc"},"dist":{"shasum":"83ee9089db3c254bec1e98e498d9aacf11adcc54","tarball":"https://registry.npmjs.org/cson/-/cson-3.0.2.tgz"},"directories":{}}},"maintainers":[{"name":"balupton","email":"b@lupton.cc"}],"time":{"modified":"2015-09-19T10:58:14.762Z","created":"2011-06-02T05:40:23.430Z","0.1.0":"2011-06-02T05:40:32.720Z","0.1.1":"2011-07-01T12:47:34.778Z","0.2.0":"2011-08-10T03:34:09.096Z","1.0.0":"2012-04-23T10:51:08.128Z","1.0.1":"2012-05-03T21:04:59.825Z","1.0.2":"2012-05-04T10:19:27.666Z","1.1.0":"2012-06-20T21:08:35.363Z","1.1.1":"2012-06-20T21:42:34.237Z","1.1.2":"2012-06-22T03:30:04.331Z","1.2.0":"2012-07-07T13:56:11.591Z","1.2.1":"2012-07-16T07:09:52.205Z","1.2.2":"2012-08-10T11:56:31.352Z","1.2.3":"2012-08-31T15:51:38.516Z","1.3.0":"2012-08-31T16:04:10.213Z","1.4.0":"2012-10-24T23:11:02.172Z","1.4.1":"2013-03-15T23:03:04.916Z","1.4.2":"2013-06-07T10:56:30.213Z","1.4.3":"2013-08-30T02:34:58.051Z","1.4.4":"2013-08-30T02:51:11.620Z","1.4.5":"2013-10-31T06:15:45.007Z","1.6.0":"2014-05-17T09:00:24.085Z","1.6.1":"2014-08-03T05:22:42.146Z","1.6.2":"2014-12-12T01:41:08.496Z","2.0.0":"2015-02-06T03:19:36.934Z","3.0.0":"2015-03-16T12:42:08.040Z","3.0.1":"2015-03-16T13:16:43.989Z","3.0.2":"2015-09-19T10:58:14.762Z"},"author":{"name":"2012+ Bevry Pty Ltd","email":"us@bevry.me","url":"http://bevry.me"},"repository":{"type":"git","url":"git+ssh://git@github.com/bevry/cson.git"},"readme":"<!-- TITLE/ -->\n\n<h1>CSON</h1>\n\n<!-- /TITLE -->\n\n\n<!-- BADGES/ -->\n\n<span class=\"badge-travisci\"><a href=\"http://travis-ci.org/bevry/cson\" title=\"Check this project's build status on TravisCI\"><img src=\"https://img.shields.io/travis/bevry/cson/master.svg\" alt=\"Travis CI Build Status\" /></a></span>\n<span class=\"badge-npmversion\"><a href=\"https://npmjs.org/package/cson\" title=\"View this project on NPM\"><img src=\"https://img.shields.io/npm/v/cson.svg\" alt=\"NPM version\" /></a></span>\n<span class=\"badge-npmdownloads\"><a href=\"https://npmjs.org/package/cson\" title=\"View this project on NPM\"><img src=\"https://img.shields.io/npm/dm/cson.svg\" alt=\"NPM downloads\" /></a></span>\n<span class=\"badge-daviddm\"><a href=\"https://david-dm.org/bevry/cson\" title=\"View the status of this project's dependencies on DavidDM\"><img src=\"https://img.shields.io/david/bevry/cson.svg\" alt=\"Dependency Status\" /></a></span>\n<span class=\"badge-daviddmdev\"><a href=\"https://david-dm.org/bevry/cson#info=devDependencies\" title=\"View the status of this project's development dependencies on DavidDM\"><img src=\"https://img.shields.io/david/dev/bevry/cson.svg\" alt=\"Dev Dependency Status\" /></a></span>\n<br class=\"badge-separator\" />\n<span class=\"badge-slackin\"><a href=\"https://slack.bevry.me\" title=\"Join this project's slack community\"><img src=\"https://slack.bevry.me/badge.svg\" alt=\"Slack community badge\" /></a></span>\n<span class=\"badge-patreon\"><a href=\"http://patreon.com/bevry\" title=\"Donate to this project using Patreon\"><img src=\"https://img.shields.io/badge/patreon-donate-yellow.svg\" alt=\"Patreon donate button\" /></a></span>\n<span class=\"badge-gratipay\"><a href=\"https://www.gratipay.com/bevry\" title=\"Donate weekly to this project using Gratipay\"><img src=\"https://img.shields.io/badge/gratipay-donate-yellow.svg\" alt=\"Gratipay donate button\" /></a></span>\n<span class=\"badge-flattr\"><a href=\"http://flattr.com/thing/344188/balupton-on-Flattr\" title=\"Donate to this project using Flattr\"><img src=\"https://img.shields.io/badge/flattr-donate-yellow.svg\" alt=\"Flattr donate button\" /></a></span>\n<span class=\"badge-paypal\"><a href=\"https://www.paypal.com/cgi-bin/webscr?cmd=_s-xclick&amp;hosted_button_id=QB8GQPZAH84N6\" title=\"Donate to this project using Paypal\"><img src=\"https://img.shields.io/badge/paypal-donate-yellow.svg\" alt=\"PayPal donate button\" /></a></span>\n<span class=\"badge-bitcoin\"><a href=\"https://bevry.me/bitcoin\" title=\"Donate once-off to this project using Bitcoin\"><img src=\"https://img.shields.io/badge/bitcoin-donate-yellow.svg\" alt=\"Bitcoin donate button\" /></a></span>\n<span class=\"badge-wishlist\"><a href=\"https://bevry.me/wishlist\" title=\"Buy an item on our wishlist for us\"><img src=\"https://img.shields.io/badge/wishlist-donate-yellow.svg\" alt=\"Wishlist browse button\" /></a></span>\n\n<!-- /BADGES -->\n\n\nCoffeeScript-Object-Notation. Same as JSON but for CoffeeScript objects.\n\n[Projects using CSON.](https://www.npmjs.org/browse/depended/cson)\n\n[Projects using CSON Parser directly.](https://www.npmjs.org/browse/depended/cson-parser)\n\n\n<!-- INSTALL/ -->\n\n<h2>Install</h2>\n\n<a href=\"https://npmjs.com\" title=\"npm is a package manager for javascript\"><h3>NPM</h3></a><ul>\n<li>Install: <code>npm install --save cson</code></li>\n<li>Use: <code>require('cson')</code></li></ul>\n\n<!-- /INSTALL -->\n\n\n## What is CSON?\n\nEveryone knows JSON, it's the thing that looks like this:\n\n``` javascript\n{\n  \"greatDocumentaries\": [\n    \"earthlings.com\",\n    \"forksoverknives.com\",\n    \"cowspiracy.com\"\n  ],\n  \"importantFacts\": {\n    \"emissions\": \"Livestock and their byproducts account for at least 32,000 million tons of carbon dioxide (CO2) per year, or 51% of all worldwide greenhouse gas emissions.\\nGoodland, R Anhang, J. “Livestock and Climate Change: What if the key actors in climate change were pigs, chickens and cows?”\\nWorldWatch, November/December 2009. Worldwatch Institute, Washington, DC, USA. Pp. 10–19.\\nhttp://www.worldwatch.org/node/6294\",\n    \"landuse\": \"Livestock covers 45% of the earth’s total land.\\nThornton, Phillip, Mario Herrero, and Polly Ericksen. “Livestock and Climate Change.” Livestock Exchange, no. 3 (2011).\\nhttps://cgspace.cgiar.org/bitstream/handle/10568/10601/IssueBrief3.pdf\",\n    \"burger\": \"One hamburger requires 660 gallons of water to produce – the equivalent of 2 months’ worth of showers.\\nCatanese, Christina. “Virtual Water, Real Impacts.” Greenversations: Official Blog of the U.S. EPA. 2012.\\nhttp://blog.epa.gov/healthywaters/2012/03/virtual-water-real-impacts-world-water-day-2012/\\n“50 Ways to Save Your River.” Friends of the River.\\nhttp://www.friendsoftheriver.org/site/PageServer?pagename=50ways\",\n    \"milk\": \"1,000 gallons of water are required to produce 1 gallon of milk.\\n“Water trivia facts.” United States Environmental Protection Agency.\\nhttp://water.epa.gov/learn/kids/drinkingwater/water_trivia_facts.cfm#_edn11\",\n    \"more\": \"http://cowspiracy.com/facts\"\n  }\n}\n```\n\nNow let's write the same thing in CSON:\n\n``` coffeescript\n# Comments!!!\n\n# An Array with no commas!\ngreatDocumentaries: [\n\t'earthlings.com'\n\t'forksoverknives.com'\n\t'cowspiracy.com'\n]\n\n# An Object without braces!\nimportantFacts:\n\t# Multi-Line Strings! Without Quote Escaping!\n\temissions: '''\n\t\tLivestock and their byproducts account for at least 32,000 million tons of carbon dioxide (CO2) per year, or 51% of all worldwide greenhouse gas emissions.\n\t\tGoodland, R Anhang, J. “Livestock and Climate Change: What if the key actors in climate change were pigs, chickens and cows?”\n\t\tWorldWatch, November/December 2009. Worldwatch Institute, Washington, DC, USA. Pp. 10–19.\n\t\thttp://www.worldwatch.org/node/6294\n\t\t'''\n\n\tlanduse: '''\n\t\tLivestock covers 45% of the earth’s total land.\n\t\tThornton, Phillip, Mario Herrero, and Polly Ericksen. “Livestock and Climate Change.” Livestock Exchange, no. 3 (2011).\n\t\thttps://cgspace.cgiar.org/bitstream/handle/10568/10601/IssueBrief3.pdf\n\t\t'''\n\n\tburger: '''\n\t\tOne hamburger requires 660 gallons of water to produce – the equivalent of 2 months’ worth of showers.\n\t\tCatanese, Christina. “Virtual Water, Real Impacts.” Greenversations: Official Blog of the U.S. EPA. 2012.\n\t\thttp://blog.epa.gov/healthywaters/2012/03/virtual-water-real-impacts-world-water-day-2012/\n\t\t“50 Ways to Save Your River.” Friends of the River.\n\t\thttp://www.friendsoftheriver.org/site/PageServer?pagename=50ways\n\t\t'''\n\n\tmilk: '''\n\t\t1,000 gallons of water are required to produce 1 gallon of milk.\n\t\t“Water trivia facts.” United States Environmental Protection Agency.\n\t\thttp://water.epa.gov/learn/kids/drinkingwater/water_trivia_facts.cfm#_edn11\n\t\t'''\n\n\tmore: 'http://cowspiracy.com/facts'\n```\n\nWhich is far more lenient that JSON, way nicer to write and read, no need to quote and escape everything, has comments and readable multi-line strings, and won't fail if you forget a comma.\n\n\n\n## Using CSON\n\n### Via the Command Line\n\nUse CSON with the command line with:\n\n``` bash\n# Convert a JSON file into a CSON file\njson2cson in.json > out.cson\n# Same thing via piping\ncat in.json | json2cson > out.cson\n\n# Convert a CSON file into a JSON file\ncson2json in.cson > out.json\n# Same thing via piping\ncat in.cson | cson2json > out.json\n```\n\nRequires a global CSON install: `npm install -g cson`\n\n\n### Via the API\n\nEach method can be executed without a callback like so:\n\n``` javascript\nresult = require('CSON').createCSONString({a:{b:'c'}}, {/* optional options argument */})\nif ( result instanceof Error ) {\n\tconsole.log(result.stack)\n} else {\n\tconsole.log(result)\n}\n```\n\nOr via a callback like so:\n\n``` javascript\nCSON.createCSONString({a:{b:'c'}}, {/* optional options argument */}, function(err,result){\n\tconsole.log(err, result)\n})\n```\n\nExecuting the method with a callback still executes the method synchronously.\n\nClick the below function names to open more detailed documentation.\n\n\n#### Create Strings\n\n- <a href='http://rawgit.com/bevry/cson/master/docs/classes/CSON.html#stringify-instance'>\nString <strong>CSON.stringify</strong>(data, replacer?, indent?)\n</a> <br/> Converts an <a href='https://developer.mozilla.org/en-US/docs/JavaScript/Reference/Global_Objects/Object'>Object</a> into a CSON <a href='https://developer.mozilla.org/en-US/docs/JavaScript/Reference/Global_Objects/String'>String</a>\n\n- <a href='http://rawgit.com/bevry/cson/master/docs/classes/CSON.html#createCSONString-instance'>\nString <strong>CSON.createCSONString</strong>(data, opts?, next?)\n</a> <br/> Converts an <a href='https://developer.mozilla.org/en-US/docs/JavaScript/Reference/Global_Objects/Object'>Object</a> into a CSON <a href='https://developer.mozilla.org/en-US/docs/JavaScript/Reference/Global_Objects/String'>String</a>\n\n- <a href='http://rawgit.com/bevry/cson/master/docs/classes/CSON.html#createJSONString-instance'>\nString <strong>CSON.createJSONString</strong>(data, opts?, next?)\n</a> <br/> Converts an <a href='https://developer.mozilla.org/en-US/docs/JavaScript/Reference/Global_Objects/Object'>Object</a> into a JSON <a href='https://developer.mozilla.org/en-US/docs/JavaScript/Reference/Global_Objects/String'>String</a>\n\n- <a href='http://rawgit.com/bevry/cson/master/docs/classes/CSON.html#createString-instance'>\nString <strong>CSON.createString</strong>(data, opts?, next?)\n</a> <br/> Converts an <a href='https://developer.mozilla.org/en-US/docs/JavaScript/Reference/Global_Objects/Object'>Object</a> into a <a href='https://developer.mozilla.org/en-US/docs/JavaScript/Reference/Global_Objects/String'>String</a> of the desired format If the format option is not specified, we default to CSON\n\n\n### Parse Strings\n\n- <a href='http://rawgit.com/bevry/cson/master/docs/classes/CSON.html#parse-instance'>\nObject <strong>CSON.parse</strong>(data, opts?, next?)\n</a> <br/> Parses a CSON <a href='https://developer.mozilla.org/en-US/docs/JavaScript/Reference/Global_Objects/String'>String</a> into an <a href='https://developer.mozilla.org/en-US/docs/JavaScript/Reference/Global_Objects/Object'>Object</a>\n\n- <a href='http://rawgit.com/bevry/cson/master/docs/classes/CSON.html#parseCSONString-instance'>\nObject <strong>CSON.parseCSONString</strong>(data, opts?, next?)\n</a> <br/> Parses a CSON <a href='https://developer.mozilla.org/en-US/docs/JavaScript/Reference/Global_Objects/String'>String</a> into an <a href='https://developer.mozilla.org/en-US/docs/JavaScript/Reference/Global_Objects/Object'>Object</a>\n\n- <a href='http://rawgit.com/bevry/cson/master/docs/classes/CSON.html#parseJSONString-instance'>\nObject <strong>CSON.parseJSONString</strong>(data, opts?, next?)\n</a> <br/> Parses a JSON <a href='https://developer.mozilla.org/en-US/docs/JavaScript/Reference/Global_Objects/String'>String</a> into an <a href='https://developer.mozilla.org/en-US/docs/JavaScript/Reference/Global_Objects/Object'>Object</a>\n\n- <a href='http://rawgit.com/bevry/cson/master/docs/classes/CSON.html#parseCSString-instance'>\nObject <strong>CSON.parseCSString</strong>(data, opts?, next?)\n</a> <br/> Parses a CoffeeScript <a href='https://developer.mozilla.org/en-US/docs/JavaScript/Reference/Global_Objects/String'>String</a> into an <a href='https://developer.mozilla.org/en-US/docs/JavaScript/Reference/Global_Objects/Object'>Object</a>\n\n- <a href='http://rawgit.com/bevry/cson/master/docs/classes/CSON.html#parseJSString-instance'>\nObject <strong>CSON.parseJSString</strong>(data, opts?, next?)\n</a> <br/> Parses a JavaScript <a href='https://developer.mozilla.org/en-US/docs/JavaScript/Reference/Global_Objects/String'>String</a> into an <a href='https://developer.mozilla.org/en-US/docs/JavaScript/Reference/Global_Objects/Object'>Object</a>\n\n- <a href='http://rawgit.com/bevry/cson/master/docs/classes/CSON.html#parseString-instance'>\nObject <strong>CSON.parseString</strong>(data, opts?, next?)\n</a> <br/> Converts a <a href='https://developer.mozilla.org/en-US/docs/JavaScript/Reference/Global_Objects/String'>String</a> of the desired format into an <a href='https://developer.mozilla.org/en-US/docs/JavaScript/Reference/Global_Objects/Object'>Object</a> If the format option is not specified, we default to CSON\n\n\n#### Parse Files\n\n- <a href='http://rawgit.com/bevry/cson/master/docs/classes/CSON.html#load-instance'>\nObject <strong>CSON.load</strong>(filePath, opts?, next?)\n</a> <br/> Parses a CSON file into an <a href='https://developer.mozilla.org/en-US/docs/JavaScript/Reference/Global_Objects/Object'>Object</a>\n\n- <a href='http://rawgit.com/bevry/cson/master/docs/classes/CSON.html#parseCSONFile-instance'>\nObject <strong>CSON.parseCSONFile</strong>(filePath, opts?, next?)\n</a> <br/> Parses a CSON file into an <a href='https://developer.mozilla.org/en-US/docs/JavaScript/Reference/Global_Objects/Object'>Object</a>\n\n- <a href='http://rawgit.com/bevry/cson/master/docs/classes/CSON.html#parseJSONFile-instance'>\nObject <strong>CSON.parseJSONFile</strong>(filePath, opts?, next?)\n</a> <br/> Parses a JSON file into an <a href='https://developer.mozilla.org/en-US/docs/JavaScript/Reference/Global_Objects/Object'>Object</a>\n\n- <a href='http://rawgit.com/bevry/cson/master/docs/classes/CSON.html#parseCSFile-instance'>\nObject <strong>CSON.parseCSFile</strong>(filePath, opts?, next?)\n</a> <br/> Parses a CoffeeScript file into an <a href='https://developer.mozilla.org/en-US/docs/JavaScript/Reference/Global_Objects/Object'>Object</a>\n\n- <a href='http://rawgit.com/bevry/cson/master/docs/classes/CSON.html#parseJSFile-instance'>\nObject <strong>CSON.parseJSFile</strong>(filePath, opts?, next?)\n</a> <br/> Parses a JavaScript file into an <a href='https://developer.mozilla.org/en-US/docs/JavaScript/Reference/Global_Objects/Object'>Object</a>\n\n- <a href='http://rawgit.com/bevry/cson/master/docs/classes/CSON.html#parseFile-instance'>\nObject <strong>CSON.parseFile</strong>(filePath, opts?, next?)\n</a> <br/> Parses a file path of the desired format into an <a href='https://developer.mozilla.org/en-US/docs/JavaScript/Reference/Global_Objects/Object'>Object</a> If the format option is not specified, we use the filename to detect what it should be, otherwise we default to CSON\n\n\n### Require Files\n\n- <a href='http://rawgit.com/bevry/cson/master/docs/classes/CSON.html#requireCSFile-instance'>\nObject <strong>CSON.requireCSFile</strong>(filePath, opts?, next?)\n</a> <br/> Requires a CoffeeScript file and returns the result <a href='https://developer.mozilla.org/en-US/docs/JavaScript/Reference/Global_Objects/Object'>Object</a>\n\n- <a href='http://rawgit.com/bevry/cson/master/docs/classes/CSON.html#requireJSFile-instance'>\nObject <strong>CSON.requireJSFile</strong>(filePath, opts?, next?)\n</a> <br/> Requires a JavaScript file and returns the result <a href='https://developer.mozilla.org/en-US/docs/JavaScript/Reference/Global_Objects/Object'>Object</a>\n\n- <a href='http://rawgit.com/bevry/cson/master/docs/classes/CSON.html#requireFile-instance'>\nObject <strong>CSON.requireFile</strong>(filePath, opts?, next?)\n</a> <br/> Requires or parses a file path of the desired format into an <a href='https://developer.mozilla.org/en-US/docs/JavaScript/Reference/Global_Objects/Object'>Object</a> If the format option is not specified, we use the filename to detect what it should be, otherwise we default to parsing CSON\n\n\n<!-- HISTORY/ -->\n\n<h2>History</h2>\n\n<a href=\"https://github.com/bevry/cson/blob/master/HISTORY.md#files\">Discover the release history by heading on over to the <code>HISTORY.md</code> file.</a>\n\n<!-- /HISTORY -->\n\n\n<!-- CONTRIBUTE/ -->\n\n<h2>Contribute</h2>\n\n<a href=\"https://github.com/bevry/cson/blob/master/CONTRIBUTING.md#files\">Discover how you can contribute by heading on over to the <code>CONTRIBUTING.md</code> file.</a>\n\n<!-- /CONTRIBUTE -->\n\n\n<!-- BACKERS/ -->\n\n<h2>Backers</h2>\n\n<h3>Maintainers</h3>\n\nThese amazing people are maintaining this project:\n\n<ul><li><a href=\"http://balupton.com\">Benjamin Lupton</a> — <a href=\"https://github.com/bevry/cson/commits?author=balupton\" title=\"View the GitHub contributions of Benjamin Lupton on repository bevry/cson\">view contributions</a></li></ul>\n\n<h3>Sponsors</h3>\n\nNo sponsors yet! Will you be the first?\n\n<span class=\"badge-patreon\"><a href=\"http://patreon.com/bevry\" title=\"Donate to this project using Patreon\"><img src=\"https://img.shields.io/badge/patreon-donate-yellow.svg\" alt=\"Patreon donate button\" /></a></span>\n<span class=\"badge-gratipay\"><a href=\"https://www.gratipay.com/bevry\" title=\"Donate weekly to this project using Gratipay\"><img src=\"https://img.shields.io/badge/gratipay-donate-yellow.svg\" alt=\"Gratipay donate button\" /></a></span>\n<span class=\"badge-flattr\"><a href=\"http://flattr.com/thing/344188/balupton-on-Flattr\" title=\"Donate to this project using Flattr\"><img src=\"https://img.shields.io/badge/flattr-donate-yellow.svg\" alt=\"Flattr donate button\" /></a></span>\n<span class=\"badge-paypal\"><a href=\"https://www.paypal.com/cgi-bin/webscr?cmd=_s-xclick&amp;hosted_button_id=QB8GQPZAH84N6\" title=\"Donate to this project using Paypal\"><img src=\"https://img.shields.io/badge/paypal-donate-yellow.svg\" alt=\"PayPal donate button\" /></a></span>\n<span class=\"badge-bitcoin\"><a href=\"https://bevry.me/bitcoin\" title=\"Donate once-off to this project using Bitcoin\"><img src=\"https://img.shields.io/badge/bitcoin-donate-yellow.svg\" alt=\"Bitcoin donate button\" /></a></span>\n<span class=\"badge-wishlist\"><a href=\"https://bevry.me/wishlist\" title=\"Buy an item on our wishlist for us\"><img src=\"https://img.shields.io/badge/wishlist-donate-yellow.svg\" alt=\"Wishlist browse button\" /></a></span>\n\n<h3>Contributors</h3>\n\nThese amazing people have contributed code to this project:\n\n<ul><li><a href=\"http://balupton.com\">Benjamin Lupton</a> — <a href=\"https://github.com/bevry/cson/commits?author=balupton\" title=\"View the GitHub contributions of Benjamin Lupton on repository bevry/cson\">view contributions</a></li>\n<li><a href=\"http://attilaolah.eu/\">Attila Oláh</a> — <a href=\"https://github.com/bevry/cson/commits?author=attilaolah\" title=\"View the GitHub contributions of Attila Oláh on repository bevry/cson\">view contributions</a></li>\n<li><a href=\"https://github.com/evinugur\">evinugur</a> — <a href=\"https://github.com/bevry/cson/commits?author=evinugur\" title=\"View the GitHub contributions of evinugur on repository bevry/cson\">view contributions</a></li>\n<li><a href=\"http://jasonkarns.com\">Jason Karns</a> — <a href=\"https://github.com/bevry/cson/commits?author=jasonkarns\" title=\"View the GitHub contributions of Jason Karns on repository bevry/cson\">view contributions</a></li>\n<li><a href=\"http://nerderati.com\">Joël Perras</a> — <a href=\"https://github.com/bevry/cson/commits?author=jperras\" title=\"View the GitHub contributions of Joël Perras on repository bevry/cson\">view contributions</a></li>\n<li><a href=\"http://yesbabyyes.se/\">Linus Gustav Larsson Thiel</a> — <a href=\"https://github.com/bevry/cson/commits?author=linus\" title=\"View the GitHub contributions of Linus Gustav Larsson Thiel on repository bevry/cson\">view contributions</a></li>\n<li><a href=\"https://github.com/nanuclickity\">Tushar Kant</a> — <a href=\"https://github.com/bevry/cson/commits?author=nanuclickity\" title=\"View the GitHub contributions of Tushar Kant on repository bevry/cson\">view contributions</a></li>\n<li><a href=\"https://github.com/clyfe\">Claudius Nicolae</a> — <a href=\"https://github.com/bevry/cson/commits?author=clyfe\" title=\"View the GitHub contributions of Claudius Nicolae on repository bevry/cson\">view contributions</a></li>\n<li><a href=\"http://robloach.net\">Rob Loach</a> — <a href=\"https://github.com/bevry/cson/commits?author=RobLoach\" title=\"View the GitHub contributions of Rob Loach on repository bevry/cson\">view contributions</a></li>\n<li><a href=\"http://meltingice.net\">Ryan LeFevre</a> — <a href=\"https://github.com/bevry/cson/commits?author=meltingice\" title=\"View the GitHub contributions of Ryan LeFevre on repository bevry/cson\">view contributions</a></li>\n<li><a href=\"https://github.com/Zearin\">Zearin</a> — <a href=\"https://github.com/bevry/cson/commits?author=Zearin\" title=\"View the GitHub contributions of Zearin on repository bevry/cson\">view contributions</a></li>\n<li><a href=\"http://about.me/zhangcheng77\">ZHANG Cheng</a> — <a href=\"https://github.com/bevry/cson/commits?author=zhangcheng\" title=\"View the GitHub contributions of ZHANG Cheng on repository bevry/cson\">view contributions</a></li></ul>\n\n<a href=\"https://github.com/bevry/cson/blob/master/CONTRIBUTING.md#files\">Discover how you can contribute by heading on over to the <code>CONTRIBUTING.md</code> file.</a>\n\n<!-- /BACKERS -->\n\n\n<!-- LICENSE/ -->\n\n<h2>License</h2>\n\nUnless stated otherwise all works are:\n\n<ul><li>Copyright &copy; 2012+ <a href=\"http://bevry.me\">Bevry Pty Ltd</a></li>\n<li>Copyright &copy; <a href=\"http://balupton.com\">Benjamin Lupton</a></li></ul>\n\nand licensed under:\n\n<ul><li><a href=\"http://spdx.org/licenses/MIT.html\">MIT License</a></li></ul>\n\n<!-- /LICENSE -->","homepage":"https://github.com/bevry/cson","keywords":["javascript","coffeescript","json","cson","parse","stringify"],"contributors":[{"name":"Benjamin Lupton","email":"b@lupton.cc","url":"http://balupton.com"},{"name":"Attila Oláh","email":"attila@attilaolah.eu","url":"http://attilaolah.eu/"},{"name":"evinugur","url":"https://github.com/evinugur"},{"name":"Jason Karns","email":"jason@karns.name","url":"http://jasonkarns.com"},{"name":"Joël Perras","email":"joel@nerderati.com","url":"http://nerderati.com"},{"name":"Linus Gustav Larsson Thiel","email":"linus@hanssonlarsson.se","url":"http://yesbabyyes.se/"},{"name":"Tushar Kant","email":"nanu.clickity@gmail.com","url":"https://github.com/nanuclickity"},{"name":"Claudius Nicolae","email":"claudius.nicolae@gmail.com","url":"https://github.com/clyfe"},{"name":"Rob Loach","email":"robloach@gmail.com","url":"http://robloach.net"},{"name":"Ryan LeFevre","email":"meltingice8917@gmail.com","url":"http://meltingice.net"},{"name":"Zearin","url":"https://github.com/Zearin"},{"name":"ZHANG Cheng","email":"czhang.oss@gmail.com","url":"http://about.me/zhangcheng77"}],"bugs":{"url":"https://github.com/bevry/cson/issues"},"license":"MIT","readmeFilename":"README.md","users":{"jisbert":true,"stpettersens":true,"msmiley":true,"elidiazgt":true,"naohta":true,"devg":true,"koz":true,"monsterkodi":true,"fdeneux":true,"shavyg2":true,"kontrax":true,"illuminator":true},"_attachments":{},"_etag":"\"W5TH8BRUV6XBL1KLJN6V2SI4\""}