{"_id":"longest","_rev":"18-509ca10d8c7c75a8db8af382f0e3c027","name":"longest","description":"Get the longest item in an array.","dist-tags":{"latest":"1.0.1"},"versions":{"0.1.0":{"name":"longest","version":"0.1.0","description":"Get the length of the longest item in an array.","main":"index.js","scripts":{"test":"mocha"},"repository":{"type":"git","url":"https://github.com/jonschlinkert/longest.git"},"bugs":{"url":"https://github.com/jonschlinkert/longest/issues"},"licenses":[{"type":"MIT","url":"https://github.com/jonschlinkert/longest/blob/master/LICENSE-MIT"}],"devDependencies":{"mocha":"~1.17.0","chai":"~1.8.1","fs-utils":"~0.1.4"},"homepage":"https://github.com/jonschlinkert/longest","_id":"longest@0.1.0","dist":{"shasum":"4a9284993a1a8f8608bffa01bb9d0ec2893954a5","tarball":"https://registry.npmjs.org/longest/-/longest-0.1.0.tgz"},"_from":".","_npmVersion":"1.3.14","_npmUser":{"name":"jonschlinkert","email":"github@sellside.com"},"maintainers":[{"name":"jonschlinkert","email":"github@sellside.com"}],"directories":{}},"0.2.0":{"name":"longest","version":"0.2.0","description":"Get the length of the longest item in an array.","main":"index.js","scripts":{"test":"mocha"},"repository":{"type":"git","url":"https://github.com/jonschlinkert/longest.git"},"bugs":{"url":"https://github.com/jonschlinkert/longest/issues"},"licenses":[{"type":"MIT","url":"https://github.com/jonschlinkert/longest/blob/master/LICENSE-MIT"}],"devDependencies":{"mocha":"~1.17.0","chai":"~1.8.1"},"homepage":"https://github.com/jonschlinkert/longest","_id":"longest@0.2.0","dist":{"shasum":"485f590095978967ec0e1df6018d39d4f1f0e361","tarball":"https://registry.npmjs.org/longest/-/longest-0.2.0.tgz"},"_from":".","_npmVersion":"1.3.24","_npmUser":{"name":"jonschlinkert","email":"github@sellside.com"},"maintainers":[{"name":"jonschlinkert","email":"github@sellside.com"}],"directories":{}},"0.2.1":{"name":"longest","version":"0.2.1","description":"Get the length of the longest item in an array.","main":"index.js","scripts":{"test":"mocha"},"repository":{"type":"git","url":"https://github.com/jonschlinkert/longest.git"},"bugs":{"url":"https://github.com/jonschlinkert/longest/issues"},"licenses":[{"type":"MIT","url":"https://github.com/jonschlinkert/longest/blob/master/LICENSE-MIT"}],"devDependencies":{"mocha":"~1.17.0","chai":"~1.8.1"},"homepage":"https://github.com/jonschlinkert/longest","_id":"longest@0.2.1","dist":{"shasum":"fc54fad8d4a006639c6430b2f73164a469d3bcae","tarball":"https://registry.npmjs.org/longest/-/longest-0.2.1.tgz"},"_from":".","_npmVersion":"1.3.24","_npmUser":{"name":"jonschlinkert","email":"github@sellside.com"},"maintainers":[{"name":"jonschlinkert","email":"github@sellside.com"}],"directories":{}},"0.3.0":{"name":"longest","version":"0.3.0","description":"Get the longest item in an array.","homepage":"https://github.com/jonschlinkert/longest","author":{"name":"Jon Schlinkert","url":"https://github.com/jonschlinkert"},"repository":{"type":"git","url":"https://github.com/jonschlinkert/longest.git"},"bugs":{"url":"https://github.com/jonschlinkert/longest/issues"},"license":{"type":"MIT","url":"https://github.com/jonschlinkert/longest/blob/master/LICENSE-MIT"},"main":"index.js","scripts":{"test":"mocha"},"engines":{"node":">=0.10.0"},"devDependencies":{"fill-range":"^0.2.0","mocha":"*","should":"^4.3.0"},"keywords":["array","element","item","javascript","long","longest","util","utility","utils"],"_id":"longest@0.3.0","_shasum":"0227b286f31b6a03b90e8d141220a59c34f292bf","_from":".","_npmVersion":"1.4.9","_npmUser":{"name":"jonschlinkert","email":"github@sellside.com"},"maintainers":[{"name":"jonschlinkert","email":"github@sellside.com"}],"dist":{"shasum":"0227b286f31b6a03b90e8d141220a59c34f292bf","tarball":"https://registry.npmjs.org/longest/-/longest-0.3.0.tgz"},"directories":{}},"0.3.1":{"name":"longest","version":"0.3.1","description":"Get the longest item in an array.","homepage":"https://github.com/jonschlinkert/longest","author":{"name":"Jon Schlinkert","url":"https://github.com/jonschlinkert"},"repository":{"type":"git","url":"https://github.com/jonschlinkert/longest.git"},"bugs":{"url":"https://github.com/jonschlinkert/longest/issues"},"license":{"type":"MIT","url":"https://github.com/jonschlinkert/longest/blob/master/LICENSE"},"main":"index.js","files":["index.js"],"scripts":{"test":"mocha"},"engines":{"node":">=0.10.0"},"devDependencies":{"fill-range":"^1.4.0","mocha":"*"},"keywords":["array","element","item","javascript","long","longest","util","utility","utils"],"gitHead":"972859afb09467a5d93b9bdad6ced544a3aab689","_id":"longest@0.3.1","_shasum":"036ccf531fef158e492ce3802c6c80e9f82678b4","_from":".","_npmVersion":"1.4.28","_npmUser":{"name":"jonschlinkert","email":"github@sellside.com"},"maintainers":[{"name":"jonschlinkert","email":"github@sellside.com"}],"dist":{"shasum":"036ccf531fef158e492ce3802c6c80e9f82678b4","tarball":"https://registry.npmjs.org/longest/-/longest-0.3.1.tgz"},"directories":{}},"0.3.2":{"name":"longest","version":"0.3.2","description":"Get the longest item in an array.","homepage":"https://github.com/jonschlinkert/longest","author":{"name":"Jon Schlinkert","url":"https://github.com/jonschlinkert"},"repository":{"type":"git","url":"https://github.com/jonschlinkert/longest.git"},"bugs":{"url":"https://github.com/jonschlinkert/longest/issues"},"license":{"type":"MIT","url":"https://github.com/jonschlinkert/longest/blob/master/LICENSE"},"main":"index.js","files":["index.js"],"scripts":{"test":"mocha"},"engines":{"node":">=0.10.0"},"devDependencies":{"fill-range":"^2.1.0","mocha":"*"},"keywords":["array","element","item","javascript","long","longest","util","utility","utils"],"gitHead":"fa7938763496320f62fd9ec3fbffeb97dad981d3","_id":"longest@0.3.2","_shasum":"d7e4743d40f740e30c38edd75f1bd348d8b5d240","_from":".","_npmVersion":"2.5.1","_nodeVersion":"0.12.0","_npmUser":{"name":"jonschlinkert","email":"github@sellside.com"},"maintainers":[{"name":"jonschlinkert","email":"github@sellside.com"}],"dist":{"shasum":"d7e4743d40f740e30c38edd75f1bd348d8b5d240","tarball":"https://registry.npmjs.org/longest/-/longest-0.3.2.tgz"},"directories":{}},"1.0.0":{"name":"longest","version":"1.0.0","description":"Get the longest item in an array.","homepage":"https://github.com/jonschlinkert/longest","author":{"name":"Jon Schlinkert","url":"https://github.com/jonschlinkert"},"repository":{"type":"git","url":"https://github.com/jonschlinkert/longest.git"},"bugs":{"url":"https://github.com/jonschlinkert/longest/issues"},"license":{"type":"MIT","url":"https://github.com/jonschlinkert/longest/blob/master/LICENSE"},"main":"index.js","files":["index.js"],"scripts":{"test":"mocha"},"engines":{"node":">=0.10.0"},"devDependencies":{"fill-range":"^2.1.0","mocha":"*"},"keywords":["array","element","item","javascript","long","longest","util","utility","utils"],"gitHead":"bf98c3f06ea47796bdf3d344986a6b00e9721044","_id":"longest@1.0.0","_shasum":"4116c606d2959620bbdab43acd3c4a0019d1b157","_from":".","_npmVersion":"2.5.1","_nodeVersion":"0.12.0","_npmUser":{"name":"jonschlinkert","email":"github@sellside.com"},"maintainers":[{"name":"jonschlinkert","email":"github@sellside.com"},{"name":"shinnn","email":"snnskwtnb@gmail.com"}],"dist":{"shasum":"4116c606d2959620bbdab43acd3c4a0019d1b157","tarball":"https://registry.npmjs.org/longest/-/longest-1.0.0.tgz"},"directories":{}},"1.0.1":{"name":"longest","description":"Get the longest item in an array.","version":"1.0.1","homepage":"https://github.com/jonschlinkert/longest","author":{"name":"Jon Schlinkert","url":"https://github.com/jonschlinkert"},"repository":{"type":"git","url":"https://github.com/jonschlinkert/longest.git"},"bugs":{"url":"https://github.com/jonschlinkert/longest/issues"},"license":{"type":"MIT","url":"https://github.com/jonschlinkert/longest/blob/master/LICENSE"},"files":["index.js"],"main":"index.js","engines":{"node":">=0.10.0"},"scripts":{"test":"mocha"},"devDependencies":{"fill-range":"^2.1.0","mocha":"*"},"keywords":["array","element","item","long","length","longest"],"gitHead":"99d9d8257584500aedaea54427a828197c452b0a","_id":"longest@1.0.1","_shasum":"30a0b2da38f73770e8294a0d22e6625ed77d0097","_from":".","_npmVersion":"2.5.1","_nodeVersion":"0.12.0","_npmUser":{"name":"jonschlinkert","email":"github@sellside.com"},"maintainers":[{"name":"jonschlinkert","email":"github@sellside.com"},{"name":"shinnn","email":"snnskwtnb@gmail.com"}],"dist":{"shasum":"30a0b2da38f73770e8294a0d22e6625ed77d0097","tarball":"https://registry.npmjs.org/longest/-/longest-1.0.1.tgz"},"directories":{}}},"readme":"# longest [![NPM version](https://badge.fury.io/js/longest.svg)](http://badge.fury.io/js/longest)  [![Build Status](https://travis-ci.org/jonschlinkert/longest.svg)](https://travis-ci.org/jonschlinkert/longest) \n\n> Get the longest item in an array.\n\n## Install with [npm](npmjs.org)\n\n```bash\nnpm i longest --save\n```\n### Install with [bower](https://github.com/bower/bower)\n\n```bash\nbower install longest --save\n```\n\n## Running tests\nInstall dev dependencies.\n\n```bash\nnpm i -d && npm test\n```\n\n## Usage\n\n```js\nvar longest = require('longest');\nlongest(['a', 'abcde', 'abc']);\n//=> 'abcde'\n\nlongest(['a', 'abcde', 'abc']).length;\n//=> 5\n```\n\n## Related projects\n* [longest-value](https://github.com/jonschlinkert/longest-value): Get the longest value for the given property from an array of objects. Useful for aligning values.\n* [right-align-values](https://github.com/jonschlinkert/right-align-values): Right align the values of a given property for each object in an array. Useful for creating text columns or tables.\n* [right-pad-values](https://github.com/jonschlinkert/right-pad-values): Right pad the values of a given property for each object in an array. Useful for creating text columns or tables.\n* [repeat-string](https://github.com/jonschlinkert/repeat-string): Repeat the given string n times. Fastest implementation for repeating a string.\n* [pad-right](https://github.com/jonschlinkert/pad-right): Right pad a string with zeros or a specified string. Fastest implementation.\n* [pad-left](https://github.com/jonschlinkert/pad-left): Left pad a string with zeros or a specified string. Fastest implementation.  \n\n## Running tests\nInstall dev dependencies.\n\n```bash\nnpm i -d && npm test\n```\n\n## Contributing\nPull requests and stars are always welcome. For bugs and feature requests, [please create an issue](https://github.com/jonschlinkert/longest/issues)\n\n## Author\n\n**Jon Schlinkert**\n \n+ [github/jonschlinkert](https://github.com/jonschlinkert)\n+ [twitter/jonschlinkert](http://twitter.com/jonschlinkert) \n\n## License\nCopyright (c) 2015 Jon Schlinkert  \nReleased under the MIT license\n\n***\n\n_This file was generated by [verb-cli](https://github.com/assemble/verb-cli) on March 31, 2015._","maintainers":[{"name":"jonschlinkert","email":"github@sellside.com"},{"name":"shinnn","email":"snnskwtnb@gmail.com"},{"name":"doowb","email":"brian.woodward@gmail.com"}],"time":{"modified":"2015-08-19T19:24:35.610Z","created":"2014-01-14T08:35:38.193Z","0.1.0":"2014-01-14T08:35:48.016Z","0.2.0":"2014-03-28T15:01:06.141Z","0.2.1":"2014-03-28T15:01:53.305Z","0.3.0":"2014-11-28T21:52:28.119Z","0.3.1":"2015-01-21T22:17:52.370Z","0.3.2":"2015-02-24T23:26:43.420Z","1.0.0":"2015-02-24T23:30:26.373Z","1.0.1":"2015-03-31T11:38:21.482Z"},"repository":{"type":"git","url":"https://github.com/jonschlinkert/longest.git"},"homepage":"https://github.com/jonschlinkert/longest","bugs":{"url":"https://github.com/jonschlinkert/longest/issues"},"readmeFilename":"README.md","keywords":["array","element","item","long","length","longest"],"author":{"name":"Jon Schlinkert","url":"https://github.com/jonschlinkert"},"license":{"type":"MIT","url":"https://github.com/jonschlinkert/longest/blob/master/LICENSE"},"_attachments":{},"_etag":"\"5RNJISO0RG4LDZKB1OVVUHYRU\""}