{"_id":"json-bigint","_rev":"23-fab9b0cc71e9b4a9820e24879db3bcee","name":"json-bigint","description":"JSON.parse with bigints support","dist-tags":{"latest":"0.2.0"},"versions":{"0.0.0":{"name":"json-bigint","version":"0.0.0","description":"JSON.parse with bigints support","main":"index.js","scripts":{"test":"echo \"Error: no test specified\" && exit 1"},"repository":{"type":"git","url":"git@github.com:sidorares/json-bigint.git"},"keywords":["JSON","bigint","bignumber","parse","json"],"author":{"name":"Andrey Sidorov","email":"sidorares@yandex.ru"},"license":"MIT","dependencies":{"bignumber.js":"~1.1.1"},"bugs":{"url":"https://github.com/sidorares/json-bigint/issues"},"_id":"json-bigint@0.0.0","dist":{"shasum":"6df22ba54e2587891ac1a914f1a368e6bbc0fa45","tarball":"https://registry.npmjs.org/json-bigint/-/json-bigint-0.0.0.tgz"},"_from":".","_npmVersion":"1.2.32","_npmUser":{"name":"sidorares","email":"sidorares@yandex.com"},"maintainers":[{"name":"sidorares","email":"sidorares@yandex.com"}],"directories":{}},"0.0.1":{"name":"json-bigint","version":"0.0.1","description":"JSON.parse with bigints support","main":"index.js","scripts":{"test":"echo \"Error: no test specified\" && exit 1"},"repository":{"type":"git","url":"git@github.com:sidorares/json-bigint.git"},"keywords":["JSON","bigint","bignumber","parse","json"],"author":{"name":"Andrey Sidorov","email":"sidorares@yandex.ru"},"license":"MIT","dependencies":{"bignumber.js":"~1.1.1"},"bugs":{"url":"https://github.com/sidorares/json-bigint/issues"},"_id":"json-bigint@0.0.1","dist":{"shasum":"9706594f2f7adaf5c49827187605966fcd8877cf","tarball":"https://registry.npmjs.org/json-bigint/-/json-bigint-0.0.1.tgz"},"_from":".","_npmVersion":"1.2.32","_npmUser":{"name":"sidorares","email":"sidorares@yandex.com"},"maintainers":[{"name":"sidorares","email":"sidorares@yandex.com"}],"directories":{}},"0.0.2":{"name":"json-bigint","version":"0.0.2","description":"JSON.parse with bigints support","main":"index.js","scripts":{"test":"echo \"Error: no test specified\" && exit 1"},"repository":{"type":"git","url":"git@github.com:sidorares/json-bigint.git"},"keywords":["JSON","bigint","bignumber","parse","json"],"author":{"name":"Andrey Sidorov","email":"sidorares@yandex.ru"},"license":"MIT","dependencies":{"bignumber.js":"~1.1.1"},"bugs":{"url":"https://github.com/sidorares/json-bigint/issues"},"_id":"json-bigint@0.0.2","dist":{"shasum":"b83708e7d8ebfd7c084abd3a9f97e3444c265462","tarball":"https://registry.npmjs.org/json-bigint/-/json-bigint-0.0.2.tgz"},"_from":".","_npmVersion":"1.3.8","_npmUser":{"name":"sidorares","email":"sidorares@yandex.com"},"maintainers":[{"name":"sidorares","email":"sidorares@yandex.com"}],"directories":{}},"0.0.3":{"name":"json-bigint","version":"0.0.3","description":"JSON.parse with bigints support","main":"index.js","scripts":{"test":"echo \"Error: no test specified\" && exit 1"},"repository":{"type":"git","url":"git@github.com:sidorares/json-bigint.git"},"keywords":["JSON","bigint","bignumber","parse","json"],"author":{"name":"Andrey Sidorov","email":"sidorares@yandex.ru"},"license":"MIT","dependencies":{"bignumber.js":"~1.1.1"},"bugs":{"url":"https://github.com/sidorares/json-bigint/issues"},"homepage":"https://github.com/sidorares/json-bigint","_id":"json-bigint@0.0.3","_shasum":"3256154ff00002e17731ca2c5505e3897921a50e","_from":".","_npmVersion":"1.4.9","_npmUser":{"name":"sidorares","email":"sidorares@yandex.com"},"maintainers":[{"name":"sidorares","email":"sidorares@yandex.com"}],"dist":{"shasum":"3256154ff00002e17731ca2c5505e3897921a50e","tarball":"https://registry.npmjs.org/json-bigint/-/json-bigint-0.0.3.tgz"},"directories":{}},"0.1.0":{"name":"json-bigint","version":"0.1.0","description":"JSON.parse with bigints support","main":"index.js","scripts":{"test":"echo \"Error: no test specified\" && exit 1"},"repository":{"type":"git","url":"git@github.com:sidorares/json-bigint.git"},"keywords":["JSON","bigint","bignumber","parse","json"],"author":{"name":"Andrey Sidorov","email":"sidorares@yandex.ru"},"license":"MIT","dependencies":{"bignumber.js":"~1.1.1"},"bugs":{"url":"https://github.com/sidorares/json-bigint/issues"},"homepage":"https://github.com/sidorares/json-bigint","_id":"json-bigint@0.1.0","_shasum":"6987cbdd3d02b65c622bd5c160131ba78e0edb4e","_from":".","_npmVersion":"1.4.9","_npmUser":{"name":"sidorares","email":"sidorares@yandex.com"},"maintainers":[{"name":"sidorares","email":"sidorares@yandex.com"}],"dist":{"shasum":"6987cbdd3d02b65c622bd5c160131ba78e0edb4e","tarball":"https://registry.npmjs.org/json-bigint/-/json-bigint-0.1.0.tgz"},"directories":{}},"0.1.1":{"name":"json-bigint","version":"0.1.1","description":"JSON.parse with bigints support","main":"index.js","scripts":{"test":"./node_modules/mocha/bin/mocha -R spec test/*-test.js"},"repository":{"type":"git","url":"git@github.com:sidorares/json-bigint.git"},"keywords":["JSON","bigint","bignumber","parse","json"],"author":{"name":"Andrey Sidorov","email":"sidorares@yandex.ru"},"license":"MIT","dependencies":{"bignumber.js":"~1.1.1"},"devDependencies":{"chai":"~1.9.1","mocha":"~1.20.1"},"bugs":{"url":"https://github.com/sidorares/json-bigint/issues"},"homepage":"https://github.com/sidorares/json-bigint","_id":"json-bigint@0.1.1","_shasum":"4f3ed01ccd133eff0908b42f674b741d6934be65","_from":".","_npmVersion":"1.4.9","_npmUser":{"name":"sidorares","email":"sidorares@yandex.com"},"maintainers":[{"name":"sidorares","email":"sidorares@yandex.com"}],"dist":{"shasum":"4f3ed01ccd133eff0908b42f674b741d6934be65","tarball":"https://registry.npmjs.org/json-bigint/-/json-bigint-0.1.1.tgz"},"directories":{}},"0.1.2":{"name":"json-bigint","version":"0.1.2","description":"JSON.parse with bigints support","main":"index.js","scripts":{"test":"./node_modules/mocha/bin/mocha -R spec test/*-test.js"},"repository":{"type":"git","url":"git@github.com:sidorares/json-bigint.git"},"keywords":["JSON","bigint","bignumber","parse","json"],"author":{"name":"Andrey Sidorov","email":"sidorares@yandex.ru"},"license":"MIT","dependencies":{"bignumber.js":"~1.1.1"},"devDependencies":{"chai":"~1.9.1","mocha":"~1.20.1"},"bugs":{"url":"https://github.com/sidorares/json-bigint/issues"},"homepage":"https://github.com/sidorares/json-bigint","_id":"json-bigint@0.1.2","_shasum":"8203878e2bdc7dd0f83251ed3adc610c222e54a7","_from":".","_npmVersion":"1.4.9","_npmUser":{"name":"sidorares","email":"sidorares@yandex.com"},"maintainers":[{"name":"sidorares","email":"sidorares@yandex.com"}],"dist":{"shasum":"8203878e2bdc7dd0f83251ed3adc610c222e54a7","tarball":"https://registry.npmjs.org/json-bigint/-/json-bigint-0.1.2.tgz"},"directories":{}},"0.1.3":{"name":"json-bigint","version":"0.1.3","description":"JSON.parse with bigints support","main":"index.js","scripts":{"test":"./node_modules/mocha/bin/mocha -R spec test/*-test.js"},"repository":{"type":"git","url":"git@github.com:sidorares/json-bigint.git"},"keywords":["JSON","bigint","bignumber","parse","json"],"author":{"name":"Andrey Sidorov","email":"sidorares@yandex.ru"},"license":"MIT","dependencies":{"bignumber.js":"~1.1.1"},"devDependencies":{"chai":"~1.9.1","mocha":"~1.20.1"},"bugs":{"url":"https://github.com/sidorares/json-bigint/issues"},"homepage":"https://github.com/sidorares/json-bigint","_id":"json-bigint@0.1.3","_shasum":"5635dc2ac26b690b9a2425ef0d226e318b48d87b","_from":".","_npmVersion":"1.4.9","_npmUser":{"name":"sidorares","email":"sidorares@yandex.com"},"maintainers":[{"name":"sidorares","email":"sidorares@yandex.com"}],"dist":{"shasum":"5635dc2ac26b690b9a2425ef0d226e318b48d87b","tarball":"https://registry.npmjs.org/json-bigint/-/json-bigint-0.1.3.tgz"},"directories":{}},"0.1.4":{"name":"json-bigint","version":"0.1.4","description":"JSON.parse with bigints support","main":"index.js","scripts":{"test":"./node_modules/mocha/bin/mocha -R spec --check-leaks test/*-test.js"},"repository":{"type":"git","url":"git@github.com:sidorares/json-bigint.git"},"keywords":["JSON","bigint","bignumber","parse","json"],"author":{"name":"Andrey Sidorov","email":"sidorares@yandex.ru"},"license":"MIT","dependencies":{"bignumber.js":"~1.1.1"},"devDependencies":{"chai":"~1.9.1","mocha":"~1.20.1"},"gitHead":"919bdb9085dc209d20f5dc38c005079ff39e6db8","bugs":{"url":"https://github.com/sidorares/json-bigint/issues"},"homepage":"https://github.com/sidorares/json-bigint","_id":"json-bigint@0.1.4","_shasum":"b5d40b8a9009e92f157f7c079db097001830e01e","_from":".","_npmVersion":"1.4.23","_npmUser":{"name":"sidorares","email":"sidorares@yandex.com"},"maintainers":[{"name":"sidorares","email":"sidorares@yandex.com"}],"dist":{"shasum":"b5d40b8a9009e92f157f7c079db097001830e01e","tarball":"https://registry.npmjs.org/json-bigint/-/json-bigint-0.1.4.tgz"},"directories":{}},"0.2.0":{"name":"json-bigint","version":"0.2.0","description":"JSON.parse with bigints support","main":"index.js","scripts":{"test":"./node_modules/mocha/bin/mocha -R spec --check-leaks test/*-test.js"},"repository":{"type":"git","url":"git+ssh://git@github.com/sidorares/json-bigint.git"},"keywords":["JSON","bigint","bignumber","parse","json"],"author":{"name":"Andrey Sidorov","email":"sidorares@yandex.ru"},"license":"MIT","dependencies":{"bignumber.js":"~1.1.1"},"devDependencies":{"chai":"~1.9.1","mocha":"~1.20.1"},"gitHead":"272e2af3a99602f73cadf9ceeeeaeb855e853b5e","bugs":{"url":"https://github.com/sidorares/json-bigint/issues"},"homepage":"https://github.com/sidorares/json-bigint#readme","_id":"json-bigint@0.2.0","_shasum":"3883013d758d4467347d3fc59d25008209ab192a","_from":".","_npmVersion":"2.14.7","_nodeVersion":"4.2.1","_npmUser":{"name":"sidorares","email":"sidorares@yandex.com"},"maintainers":[{"name":"sidorares","email":"sidorares@yandex.com"}],"dist":{"shasum":"3883013d758d4467347d3fc59d25008209ab192a","tarball":"https://registry.npmjs.org/json-bigint/-/json-bigint-0.2.0.tgz"},"_npmOperationalInternal":{"host":"packages-13-west.internal.npmjs.com","tmp":"tmp/json-bigint-0.2.0.tgz_1457478420406_0.1604073557537049"},"directories":{}}},"readme":"json-bigint\n===========\n\n[![Build Status](https://secure.travis-ci.org/sidorares/json-bigint.png)](http://travis-ci.org/sidorares/json-bigint)\n[![NPM](https://nodei.co/npm/json-bigint.png?downloads=true&stars=true)](https://nodei.co/npm/json-bigint/)\n\nJSON.parse/stringify with bigints support. Based on Douglas Crockford [JSON.js](https://github.com/douglascrockford/JSON-js) package and [bignumber.js](https://github.com/MikeMcl/bignumber.js) library.\n\nWhile most JSON parsers assume numeric values have same precision restrictions as IEEE 754 double, JSON specification _does not_ say anything about number precision. Any floating point number in decimal (optionally scientific) notation is valid JSON value. It's a good idea to serialize values which might fall out of IEEE 754 integer precision as strings in your JSON api, but `{ \"value\" : 9223372036854775807}`, for example, is still a valid RFC4627 JSON string, and in most JS runtimes the result of `JSON.parse` is this object: `{ value: 9223372036854776000 }`\n\n==========\n\nexample:\n\n```js\nvar JSONbig = require('json-bigint');\n\nvar json = '{ \"value\" : 9223372036854775807, \"v2\": 123 }';\nconsole.log('Input:', json);\nconsole.log('');\n\nconsole.log('node.js bult-in JSON:')\nvar r = JSON.parse(json);\nconsole.log('JSON.parse(input).value : ', r.value.toString());\nconsole.log('JSON.stringify(JSON.parse(input)):', JSON.stringify(r));\n\nconsole.log('\\n\\nbig number JSON:');\nvar r1 = JSONbig.parse(json);\nconsole.log('JSON.parse(input).value : ', r1.value.toString());\nconsole.log('JSON.stringify(JSON.parse(input)):', JSONbig.stringify(r1));\n```\n\nOutput:\n\n```\nInput: { \"value\" : 9223372036854775807, \"v2\": 123 }\n\nnode.js bult-in JSON:\nJSON.parse(input).value :  9223372036854776000\nJSON.stringify(JSON.parse(input)): {\"value\":9223372036854776000,\"v2\":123}\n\n\nbig number JSON:\nJSON.parse(input).value :  9223372036854775807\nJSON.stringify(JSON.parse(input)): {\"value\":9223372036854775807,\"v2\":123}\n```\n### Options\nThe behaviour of the parser is somewhat configurable through 'options'\n\n#### options.strict, boolean, default false\nSpecifies the parsing should be \"strict\" towards reporting duplicate-keys in the parsed string.\nThe default follows what is allowed in standard json and resembles the behavior of JSON.parse, but overwrites any previous values with the last one assigned to the duplicate-key.\n\nSetting options.strict = true will fail-fast on such duplicate-key occurances and thus warn you upfront of possible lost information.\n\nexample:\n```js\nvar JSONbig = require('json-bigint');\nvar JSONstrict = require('json-bigint')({\"strict\": true});\n\nvar dupkeys = '{ \"dupkey\": \"value 1\", \"dupkey\": \"value 2\"}';\nconsole.log('\\n\\nDuplicate Key test with both lenient and strict JSON parsing');\nconsole.log('Input:', dupkeys);\nvar works = JSONbig.parse(dupkeys);\nconsole.log('JSON.parse(dupkeys).dupkey: %s', works.dupkey);\nvar fails = \"will stay like this\";\ntry {\n    fails = JSONstrict.parse(dupkeys);\n    console.log('ERROR!! Should never get here');\n} catch (e) {\n    console.log('Succesfully catched expected exception on duplicate keys: %j', e);\n}\n```\n\nOutput\n```\nDuplicate Key test with big number JSON\nInput: { \"dupkey\": \"value 1\", \"dupkey\": \"value 2\"}\nJSON.parse(dupkeys).dupkey: value 2\nSuccesfully catched expected exception on duplicate keys: {\"name\":\"SyntaxError\",\"message\":\"Duplicate key \\\"dupkey\\\"\",\"at\":33,\"text\":\"{ \\\"dupkey\\\": \\\"value 1\\\", \\\"dupkey\\\": \\\"value 2\\\"}\"}\n\n```\n\n#### options.storeAsString, boolean, default false\nSpecifies if BigInts should be stored in the object as a string, rather than the default BigNumber.\n\nNote that this is a dangerous behavior as it breaks the default functionality of being able to convert back-and-forth without data type changes (as this will convert all BigInts to be-and-stay strings).\n\nexample:\n```js\nvar JSONbig = require('json-bigint');\nvar JSONbigString = require('json-bigint')({\"storeAsString\": true});\nvar key = '{ \"key\": 1234567890123456789 }';\nconsole.log('\\n\\nStoring the BigInt as a string, instead of a BigNumber');\nconsole.log('Input:', key);\nvar withInt = JSONbig.parse(key);\nvar withString = JSONbigString.parse(key);\nconsole.log('Default type: %s, With option type: %s', typeof withInt.key, typeof withString.key);\n\n```\n\nOutput\n```\nStoring the BigInt as a string, instead of a BigNumber\nInput: { \"key\": 1234567890123456789 }\nDefault type: object, With option type: string\n\n```\n\n\n### Links:\n- [RFC4627: The application/json Media Type for JavaScript Object Notation (JSON)](http://www.ietf.org/rfc/rfc4627.txt)\n- [Re: \\[Json\\] Limitations on number size?](http://www.ietf.org/mail-archive/web/json/current/msg00297.html)\n- [Is there any proper way to parse JSON with large numbers? (long, bigint, int64)](http://stackoverflow.com/questions/18755125/node-js-is-there-any-proper-way-to-parse-json-with-large-numbers-long-bigint)\n- [What is JavaScript's Max Int? What's the highest Integer value a Number can go to without losing precision?](http://stackoverflow.com/questions/307179/what-is-javascripts-max-int-whats-the-highest-integer-value-a-number-can-go-t)\n- [Large numbers erroneously rounded in Javascript](http://stackoverflow.com/questions/1379934/large-numbers-erroneously-rounded-in-javascript)\n\n","maintainers":[{"name":"sidorares","email":"sidorares@yandex.com"}],"time":{"modified":"2016-03-08T23:07:03.220Z","created":"2013-09-12T04:49:06.365Z","0.0.0":"2013-09-12T04:49:13.457Z","0.0.1":"2013-09-12T07:25:49.559Z","0.0.2":"2014-03-20T23:32:34.469Z","0.0.3":"2014-07-03T01:28:52.753Z","0.1.0":"2014-08-15T05:49:32.982Z","0.1.1":"2014-08-15T07:31:35.896Z","0.1.2":"2014-08-15T07:49:42.715Z","0.1.3":"2014-08-15T08:08:41.578Z","0.1.4":"2014-10-07T22:54:23.900Z","0.2.0":"2016-03-08T23:07:03.220Z"},"author":{"name":"Andrey Sidorov","email":"sidorares@yandex.ru"},"repository":{"type":"git","url":"git+ssh://git@github.com/sidorares/json-bigint.git"},"keywords":["JSON","bigint","bignumber","parse","json"],"bugs":{"url":"https://github.com/sidorares/json-bigint/issues"},"license":"MIT","readmeFilename":"README.md","homepage":"https://github.com/sidorares/json-bigint#readme","users":{"shanemileham":true},"_attachments":{},"_etag":"\"1HILNET6L085RT6NEXHL7S5FZ\""}