{"_id":"cson-parser","_rev":"17-8ef7d76a99451be88482ccfa1695b950","name":"cson-parser","description":"Safe parsing of CSON files","dist-tags":{"latest":"1.3.3"},"versions":{"1.0.6":{"name":"cson-parser","version":"1.0.6","description":"Safe parsing of CSON files","main":"lib/cson-parser.js","keywords":["cson","parser"],"license":"BSD-2-Clause","scripts":{"build":"npub prep && coffee -cbo lib src","prepublish":"rm -rf lib && npm run build","pretest":"npm run build","test":"mocha","posttest":"npub verify"},"author":{"name":"Jan Krems","email":"<jan.krems@groupon.com"},"devDependencies":{"assertive":"^1.4.0","mocha":"^2.0.0","npub":"~0.5.1"},"dependencies":{"coffee-script":"^1.8.0"},"publishConfig":{"registry":"https://registry.npmjs.org","license":{"exclude":["lib","test"]}},"repository":{"type":"git","url":"https://github.com/groupon/cson-parser.git"},"bugs":{"url":"https://github.com/groupon/cson-parser/issues"},"gitHead":"47c47eb6a94a35470960b1205c95dead43ae1726","homepage":"https://github.com/groupon/cson-parser","_id":"cson-parser@1.0.6","_shasum":"1d13b15c00a5c5cdae15231c943f92b8dcef9f71","_from":".","_npmVersion":"2.4.1","_nodeVersion":"0.10.33","_npmUser":{"name":"jkrems","email":"jan.krems@groupon.com"},"maintainers":[{"name":"jkrems","email":"jan.krems@groupon.com"}],"dist":{"shasum":"1d13b15c00a5c5cdae15231c943f92b8dcef9f71","tarball":"https://registry.npmjs.org/cson-parser/-/cson-parser-1.0.6.tgz"},"directories":{}},"1.0.7":{"name":"cson-parser","version":"1.0.7","description":"Safe parsing of CSON files","main":"lib/cson-parser.js","keywords":["cson","parser"],"license":"BSD-2-Clause","scripts":{"build":"npub prep && coffee -cbo lib src","prepublish":"rm -rf lib && npm run build","pretest":"npm run build","test":"mocha","posttest":"npub verify"},"author":{"name":"Jan Krems","email":"<jan.krems@groupon.com"},"devDependencies":{"assertive":"^1.4.0","mocha":"^2.0.0","npub":"~0.5.1"},"dependencies":{"coffee-script":"^1.8.0"},"publishConfig":{"registry":"https://registry.npmjs.org","license":{"exclude":["lib","test"]}},"repository":{"type":"git","url":"https://github.com/groupon/cson-parser.git"},"bugs":{"url":"https://github.com/groupon/cson-parser/issues"},"gitHead":"67f2dc61994d80354ad8f2d169ebd8dbd23ad6eb","homepage":"https://github.com/groupon/cson-parser","_id":"cson-parser@1.0.7","_shasum":"02036cf07095155344c843be5da0eeb7800d1d32","_from":".","_npmVersion":"2.4.1","_nodeVersion":"0.10.33","_npmUser":{"name":"jkrems","email":"jan.krems@groupon.com"},"maintainers":[{"name":"jkrems","email":"jan.krems@groupon.com"}],"dist":{"shasum":"02036cf07095155344c843be5da0eeb7800d1d32","tarball":"https://registry.npmjs.org/cson-parser/-/cson-parser-1.0.7.tgz"},"directories":{}},"1.0.8":{"name":"cson-parser","version":"1.0.8","description":"Safe parsing of CSON files","main":"lib/cson-parser.js","keywords":["cson","parser"],"license":"BSD-2-Clause","scripts":{"build":"npub prep && coffee -cbo lib src","prepublish":"rm -rf lib && npm run build","pretest":"npm run build","test":"mocha","posttest":"npub verify"},"author":{"name":"Jan Krems","email":"<jan.krems@groupon.com"},"devDependencies":{"assertive":"^1.4.0","mocha":"^2.0.0","npub":"~0.5.1"},"dependencies":{"coffee-script":"^1.8.0"},"publishConfig":{"registry":"https://registry.npmjs.org","license":{"exclude":["lib","test"]}},"repository":{"type":"git","url":"https://github.com/groupon/cson-parser.git"},"bugs":{"url":"https://github.com/groupon/cson-parser/issues"},"gitHead":"2a52f63e9bbd83c859b3ce632b775affadc487bd","homepage":"https://github.com/groupon/cson-parser","_id":"cson-parser@1.0.8","_shasum":"aa96760f98f355c0529a4ccb9c81542fa140d49a","_from":".","_npmVersion":"2.4.1","_nodeVersion":"1.1.0","_npmUser":{"name":"jkrems","email":"jan.krems@groupon.com"},"maintainers":[{"name":"jkrems","email":"jan.krems@groupon.com"}],"dist":{"shasum":"aa96760f98f355c0529a4ccb9c81542fa140d49a","tarball":"https://registry.npmjs.org/cson-parser/-/cson-parser-1.0.8.tgz"},"directories":{}},"1.0.9":{"name":"cson-parser","version":"1.0.9","description":"Safe parsing of CSON files","main":"lib/cson-parser.js","keywords":["cson","parser"],"license":"BSD-2-Clause","scripts":{"build":"npub prep && coffee -cbo lib src","prepublish":"rm -rf lib && npm run build","pretest":"npm run build","test":"mocha","posttest":"npub verify"},"author":{"name":"Jan Krems","email":"<jan.krems@groupon.com"},"devDependencies":{"assertive":"^1.4.0","mocha":"^2.0.0","npub":"^2.0.0"},"dependencies":{"coffee-script":"1.9.0"},"publishConfig":{"registry":"https://registry.npmjs.org","license":{"exclude":["lib","test"]}},"repository":{"type":"git","url":"https://github.com/groupon/cson-parser.git"},"bugs":{"url":"https://github.com/groupon/cson-parser/issues"},"gitHead":"3790b79ad62bf1a1eb5a3f274ad3bdc159226cd4","homepage":"https://github.com/groupon/cson-parser","_id":"cson-parser@1.0.9","_shasum":"b79fc1b82a775743680f0effb8bfad31134dac74","_from":".","_npmVersion":"2.4.1","_nodeVersion":"0.10.33","_npmUser":{"name":"jkrems","email":"jan.krems@gmail.com"},"maintainers":[{"name":"jkrems","email":"jan.krems@groupon.com"},{"name":"khoomeister","email":"chris.khoo@gmail.com"}],"dist":{"shasum":"b79fc1b82a775743680f0effb8bfad31134dac74","tarball":"https://registry.npmjs.org/cson-parser/-/cson-parser-1.0.9.tgz"},"directories":{}},"1.1.0":{"name":"cson-parser","version":"1.1.0","description":"Safe parsing of CSON files","main":"lib/cson-parser.js","keywords":["cson","parser"],"license":"BSD-2-Clause","scripts":{"build":"npub prep && coffee -cbo lib src","prepublish":"rm -rf lib && npm run build","pretest":"npm run build","test":"mocha","posttest":"npub verify"},"author":{"name":"Jan Krems","email":"<jan.krems@groupon.com"},"devDependencies":{"assertive":"^1.4.0","mocha":"^2.0.0","npub":"^2.0.0"},"dependencies":{"coffee-script":"1.9.0"},"publishConfig":{"registry":"https://registry.npmjs.org","license":{"exclude":["lib","test"]}},"repository":{"type":"git","url":"git+https://github.com/groupon/cson-parser.git"},"bugs":{"url":"https://github.com/groupon/cson-parser/issues"},"gitHead":"9061b41bd477d29757eee6c8a2473f66e904a729","homepage":"https://github.com/groupon/cson-parser#readme","_id":"cson-parser@1.1.0","_shasum":"25f04cebc107f0a1f1f44b814679fc5abf98ef35","_from":".","_npmVersion":"2.9.0","_nodeVersion":"2.0.0","_npmUser":{"name":"jkrems","email":"jan.krems@gmail.com"},"maintainers":[{"name":"jkrems","email":"jan.krems@groupon.com"},{"name":"khoomeister","email":"chris.khoo@gmail.com"}],"dist":{"shasum":"25f04cebc107f0a1f1f44b814679fc5abf98ef35","tarball":"https://registry.npmjs.org/cson-parser/-/cson-parser-1.1.0.tgz"},"directories":{}},"1.1.1":{"name":"cson-parser","version":"1.1.1","description":"Safe parsing of CSON files","main":"lib/cson-parser.js","keywords":["cson","parser"],"license":"BSD-2-Clause","scripts":{"build":"npub prep && coffee -cbo lib src","prepublish":"rm -rf lib && npm run build","pretest":"npm run build","test":"mocha","posttest":"npub verify"},"author":{"name":"Jan Krems","email":"<jan.krems@groupon.com"},"devDependencies":{"assertive":"^1.4.0","mocha":"^2.0.0","npub":"^2.0.0"},"dependencies":{"coffee-script":"1.9.0"},"publishConfig":{"registry":"https://registry.npmjs.org","license":{"exclude":["lib","test"]}},"repository":{"type":"git","url":"git+https://github.com/groupon/cson-parser.git"},"bugs":{"url":"https://github.com/groupon/cson-parser/issues"},"gitHead":"0e0fb0a4374aa818079b688e606513021bfaa175","homepage":"https://github.com/groupon/cson-parser#readme","_id":"cson-parser@1.1.1","_shasum":"4830358ac276cb9283837d77f3c947cfff5e8b50","_from":".","_npmVersion":"2.9.0","_nodeVersion":"2.0.0","_npmUser":{"name":"jkrems","email":"jan.krems@gmail.com"},"maintainers":[{"name":"jkrems","email":"jan.krems@groupon.com"},{"name":"khoomeister","email":"chris.khoo@gmail.com"}],"dist":{"shasum":"4830358ac276cb9283837d77f3c947cfff5e8b50","tarball":"https://registry.npmjs.org/cson-parser/-/cson-parser-1.1.1.tgz"},"directories":{}},"1.2.0":{"name":"cson-parser","version":"1.2.0","description":"Safe parsing of CSON files","main":"lib/cson-parser.js","keywords":["cson","parser"],"license":"BSD-2-Clause","scripts":{"build":"npub prep && coffee -cbo lib src","prepublish":"rm -rf lib && npm run build","pretest":"npm run build","test":"mocha","posttest":"npub verify"},"author":{"name":"Jan Krems","email":"<jan.krems@groupon.com"},"devDependencies":{"assertive":"^1.4.0","mocha":"^2.0.0","npub":"^2.0.0"},"dependencies":{"coffee-script":"^1.9.0"},"publishConfig":{"registry":"https://registry.npmjs.org","license":{"exclude":["lib","test"]}},"repository":{"type":"git","url":"git+https://github.com/groupon/cson-parser.git"},"bugs":{"url":"https://github.com/groupon/cson-parser/issues"},"gitHead":"0d3af7453dc9b032634837031295530983d3c42c","homepage":"https://github.com/groupon/cson-parser#readme","_id":"cson-parser@1.2.0","_shasum":"c3058ebaa8ad7945e42f9f6618b0faf5ae25e691","_from":".","_npmVersion":"2.14.2","_nodeVersion":"0.10.39","_npmUser":{"name":"jkrems","email":"jan.krems@gmail.com"},"maintainers":[{"name":"jkrems","email":"jan.krems@groupon.com"},{"name":"khoomeister","email":"chris.khoo@gmail.com"}],"dist":{"shasum":"c3058ebaa8ad7945e42f9f6618b0faf5ae25e691","tarball":"https://registry.npmjs.org/cson-parser/-/cson-parser-1.2.0.tgz"},"directories":{}},"1.3.0":{"name":"cson-parser","version":"1.3.0","description":"Safe parsing of CSON files","main":"lib/cson-parser.js","keywords":["cson","parser"],"license":"BSD-2-Clause","scripts":{"build":"npub prep && coffee -cbo lib src","prepublish":"rm -rf lib && npm run build","pretest":"npm run build","test":"mocha","posttest":"npub verify"},"author":{"name":"Jan Krems","email":"<jan.krems@groupon.com"},"devDependencies":{"assertive":"^1.4.0","mocha":"^2.0.0","npub":"^2.0.0"},"dependencies":{"coffee-script":"^1.9.0"},"publishConfig":{"registry":"https://registry.npmjs.org","license":{"exclude":["lib","test"]}},"repository":{"type":"git","url":"https://github.com/groupon/cson-parser.git"},"bugs":{"url":"https://github.com/groupon/cson-parser/issues"},"gitHead":"f358482c5c31a81cfe50c9d2a5b9f09440ef979a","homepage":"https://github.com/groupon/cson-parser","_id":"cson-parser@1.3.0","_shasum":"a4e2c9a38fd35ad648ff1108ca7e3d920e8e1294","_from":".","_npmVersion":"2.6.1","_nodeVersion":"4.2.2","_npmUser":{"name":"jkrems","email":"jan.krems@gmail.com"},"dist":{"shasum":"a4e2c9a38fd35ad648ff1108ca7e3d920e8e1294","tarball":"https://registry.npmjs.org/cson-parser/-/cson-parser-1.3.0.tgz"},"maintainers":[{"name":"jkrems","email":"jan.krems@groupon.com"},{"name":"khoomeister","email":"chris.khoo@gmail.com"}],"directories":{}},"1.3.2":{"name":"cson-parser","version":"1.3.2","description":"Safe parsing of CSON files","license":"BSD-3-Clause","main":"lib/cson-parser.js","homepage":"https://github.com/groupon/cson-parser","repository":{"type":"git","url":"git+ssh://git@github.com/groupon/cson-parser.git"},"bugs":{"url":"https://github.com/groupon/cson-parser/issues"},"scripts":{"build":"rm -rf lib && coffee --no-header -cbo lib src","pretest":"npm run build","test":"mocha","posttest":"nlm verify","watch":"coffee --no-header -wcbo lib src & nodemon -w lib -w test -e coffee,js,json -x \"mocha\""},"nlm":{"license":{"files":["src"]}},"dependencies":{"coffee-script":"^1.10.0"},"devDependencies":{"assertive":"^2.0.0","mocha":"^2.0.0","nlm":"^2.0.0","nodemon":"^1.0.0"},"author":{"name":"Groupon","email":"opensource@groupon.com"},"keywords":["cson","parser"],"files":["*.js","lib"],"publishConfig":{"registry":"https://registry.npmjs.org"},"gitHead":"3a7222f0234ad56422b5f3398a5dec187fb60ae8","_id":"cson-parser@1.3.2","_shasum":"ec87cc7fda69b2bb1b4ae793f1a47abba8b27984","_from":".","_npmVersion":"2.14.14","_nodeVersion":"4.2.4","_npmUser":{"name":"groupon","email":"i-tier-devs@groupon.com"},"dist":{"shasum":"ec87cc7fda69b2bb1b4ae793f1a47abba8b27984","tarball":"https://registry.npmjs.org/cson-parser/-/cson-parser-1.3.2.tgz"},"maintainers":[{"name":"groupon","email":"i-tier-devs@groupon.com"},{"name":"jkrems","email":"jan.krems@gmail.com"},{"name":"khoomeister","email":"chris.khoo@gmail.com"}],"directories":{}},"1.3.3":{"name":"cson-parser","version":"1.3.3","description":"Safe parsing of CSON files","license":"BSD-3-Clause","main":"lib/cson-parser.js","homepage":"https://github.com/groupon/cson-parser","repository":{"type":"git","url":"git+ssh://git@github.com/groupon/cson-parser.git"},"bugs":{"url":"https://github.com/groupon/cson-parser/issues"},"scripts":{"build":"rm -rf lib && coffee --no-header -cbo lib src","pretest":"npm run build","test":"mocha","posttest":"nlm verify","watch":"coffee --no-header -wcbo lib src & nodemon -w lib -w test -e coffee,js,json -x \"mocha\""},"nlm":{"license":{"files":["src"]}},"dependencies":{"coffee-script":"^1.10.0"},"devDependencies":{"assertive":"^2.0.0","mocha":"^2.0.0","nlm":"^2.0.0","nodemon":"^1.0.0"},"author":{"name":"Groupon","email":"opensource@groupon.com"},"keywords":["cson","parser"],"files":["*.js","lib"],"publishConfig":{"registry":"https://registry.npmjs.org"},"gitHead":"e6211b1d840f24f6da8f449f7fe0eabe49f35920","_id":"cson-parser@1.3.3","_shasum":"3f9946b099d0fe8cecdfb9e0d42944454d8a5e56","_from":".","_npmVersion":"2.14.21","_nodeVersion":"4.3.2","_npmUser":{"name":"groupon","email":"i-tier-devs@groupon.com"},"dist":{"shasum":"3f9946b099d0fe8cecdfb9e0d42944454d8a5e56","tarball":"https://registry.npmjs.org/cson-parser/-/cson-parser-1.3.3.tgz"},"maintainers":[{"name":"groupon","email":"i-tier-devs@groupon.com"},{"name":"jkrems","email":"jan.krems@gmail.com"},{"name":"khoomeister","email":"chris.khoo@gmail.com"}],"_npmOperationalInternal":{"host":"packages-13-west.internal.npmjs.com","tmp":"tmp/cson-parser-1.3.3.tgz_1457475798701_0.7954911082051694"},"directories":{}}},"readme":"# cson-parser\n\nA minimalistic CSON parser. Offers:\n\n* A strict subset of CSON that allows only data\n* Interface is identical to JSON.{parse,stringify}\n* Does not run the code, free of intermediate string representations\n* Sane parse error messages with line/column\n* Regular Expressions are considered data and will be accepted as well\n\nIn addition of pure data it allows for simple arithmetic expressions like\naddition and multiplication.\nThis allows more readable configuration of numbers,\nthe following is a valid strict CSON file:\n\n```coffee\ncachedData:\n  refreshIntervalMs: 5 * 60 * 1000\n```\n\n## Install\n\n`npm install --save cson-parser`\n\n## Usage\n\n```coffee\nCSON = require 'cson-parser'\n# This will print { a: '123' }\nconsole.log CSON.parse \"a: '123'\"\n```\n\n## High-level APIs\n\n`cson-parser` only offers basic parsing and serialization.\nBut there are some great tools if you want more than that:\n\n* [`fs-cson`](https://github.com/charlierudolph/fs-cson), read and write CSON files\n* [`CSON`](https://github.com/bevry/cson), provides file, coffeescript, javascript handling and a CLI\n* [`season`](https://www.npmjs.org/package/season),\n  atom.io's CSON package.\n  Includes CLI tool to convert CSON to JSON\n* [`grunt-cson`](https://www.npmjs.org/package/grunt-cson),\n  converts CSON to JSON as a grunt task\n* [`load-grunt-configs`](https://www.npmjs.org/package/load-grunt-configs),\n  loads grunt config from CSON files (among other formats)\n* [`fetcher`](https://www.npmjs.org/package/fetcher),\n  a declarative way to download (frontend) libraries, supports CSON configs\n* [`csonschema`](https://www.npmjs.org/package/csonschema),\n  parses [JSON Schema](http://json-schema.org) files written in CSON\n\nYou can find more on the\n[npm website](https://preview.npmjs.com/browse/depended/cson-parser).\n\n## FAQ\n\n### Why not just use YAML?\n\nYAML allows for some pretty complex constructs like anchor and alias,\nwhich can behave in unexpected ways, especially with nested objects.\nCSON is simpler while still offering most of the niceties of YAML.\n\n### Why not just use JSON?\n\nJSON doesn't offer multi-line strings and is generally a little noisier.\nAlso sometimes it can be nice to have comments in config files.\n\n### Why not just use CoffeeScript directly?\n\nYou don't want data files being able to run arbitrary code.\nEven when ran in a proper sandbox, `while(true)` is still possible.\n","maintainers":[{"name":"groupon","email":"i-tier-devs@groupon.com"},{"name":"jkrems","email":"jan.krems@gmail.com"},{"name":"khoomeister","email":"chris.khoo@gmail.com"}],"time":{"modified":"2016-03-08T22:23:23.708Z","created":"2015-02-03T22:58:21.208Z","1.0.6":"2015-02-03T22:58:21.208Z","1.0.7":"2015-02-06T03:32:33.624Z","1.0.8":"2015-02-09T18:15:43.758Z","1.0.9":"2015-03-13T17:14:36.721Z","1.1.0":"2015-05-12T20:42:27.663Z","1.1.1":"2015-06-15T04:54:56.356Z","1.2.0":"2015-09-22T20:01:07.974Z","1.3.0":"2015-11-25T00:56:38.948Z","1.3.2":"2016-01-13T20:56:44.098Z","1.3.3":"2016-03-08T22:23:23.708Z"},"homepage":"https://github.com/groupon/cson-parser","keywords":["cson","parser"],"repository":{"type":"git","url":"git+ssh://git@github.com/groupon/cson-parser.git"},"author":{"name":"Groupon","email":"opensource@groupon.com"},"bugs":{"url":"https://github.com/groupon/cson-parser/issues"},"license":"BSD-3-Clause","readmeFilename":"README.md","users":{"tunnckocore":true},"_attachments":{},"_etag":"\"ADYZNYPN1CIALANHDGL3AUTY\""}