{"_id":"github4","_rev":"26-d51fd986cb94de88a0f088eb305a8fd1","name":"github4","description":"NodeJS wrapper for the GitHub API","dist-tags":{"latest":"1.0.0"},"versions":{"0.2.4":{"name":"github4","version":"0.2.4","description":"NodeJS wrapper for the GitHub API","author":{"name":"Mike de Boer","email":"info@mikedeboer.nl"},"contributors":[{"name":"Mike de Boer","email":"info@mikedeboer.nl"},{"name":"Fabian Jakobs","email":"fabian@c9.io"},{"name":"Joe Gallo","email":"joe@brassafrax.com"}],"homepage":"https://github.com/kaizensoze/node-github","repository":{"type":"git","url":"git+https://github.com/kaizensoze/node-github.git"},"engine":{"node":">=0.4.0"},"dependencies":{"mime":"^1.2.11"},"devDependencies":{"async":"^0.9.0","oauth":"~0.9.7","optimist":"~0.6.0","mocha":"~1.13.0"},"main":".","scripts":{"test":"node ./test/all.js"},"license":"MIT","licenses":[{"type":"The MIT License","url":"http://www.opensource.org/licenses/mit-license.php"}],"gitHead":"96b9da36ebad9014e7207664cc5d7fd9daaf8d0d","bugs":{"url":"https://github.com/kaizensoze/node-github/issues"},"_id":"github4@0.2.4","_shasum":"0b719cd318b808b841cb17b3d1d3bb865a702acd","_from":".","_npmVersion":"3.3.12","_nodeVersion":"5.3.0","_npmUser":{"name":"kaizensoze","email":"joe@brassafrax.com"},"dist":{"shasum":"0b719cd318b808b841cb17b3d1d3bb865a702acd","tarball":"https://registry.npmjs.org/github4/-/github4-0.2.4.tgz"},"maintainers":[{"name":"kaizensoze","email":"joe@brassafrax.com"}],"directories":{}},"0.2.5":{"name":"github4","version":"0.2.5","description":"NodeJS wrapper for the GitHub API","author":{"name":"Mike de Boer","email":"info@mikedeboer.nl"},"contributors":[{"name":"Mike de Boer","email":"info@mikedeboer.nl"},{"name":"Fabian Jakobs","email":"fabian@c9.io"},{"name":"Joe Gallo","email":"joe@brassafrax.com"}],"homepage":"https://github.com/kaizensoze/node-github","repository":{"type":"git","url":"git+https://github.com/kaizensoze/node-github.git"},"engine":{"node":">=0.4.0"},"dependencies":{"mime":"^1.2.11"},"devDependencies":{"async":"^0.9.0","oauth":"~0.9.7","optimist":"~0.6.0","mocha":"~1.13.0"},"main":".","scripts":{"test":"node ./test/all.js"},"license":"MIT","licenses":[{"type":"The MIT License","url":"http://www.opensource.org/licenses/mit-license.php"}],"gitHead":"961456b0ae741161eff7792c224668be346774cb","bugs":{"url":"https://github.com/kaizensoze/node-github/issues"},"_id":"github4@0.2.5","_shasum":"078c6fd1f235f12c73479ea5291bd671f2f67864","_from":".","_npmVersion":"3.3.12","_nodeVersion":"5.3.0","_npmUser":{"name":"kaizensoze","email":"joe@brassafrax.com"},"dist":{"shasum":"078c6fd1f235f12c73479ea5291bd671f2f67864","tarball":"https://registry.npmjs.org/github4/-/github4-0.2.5.tgz"},"maintainers":[{"name":"kaizensoze","email":"joe@brassafrax.com"}],"directories":{}},"0.2.6":{"name":"github4","version":"0.2.6","description":"NodeJS wrapper for the GitHub API","author":{"name":"Mike de Boer","email":"info@mikedeboer.nl"},"contributors":[{"name":"Mike de Boer","email":"info@mikedeboer.nl"},{"name":"Fabian Jakobs","email":"fabian@c9.io"},{"name":"Joe Gallo","email":"joe@brassafrax.com"}],"homepage":"https://github.com/kaizensoze/node-github","repository":{"type":"git","url":"git+https://github.com/kaizensoze/node-github.git"},"engine":{"node":">=0.4.0"},"dependencies":{"mime":"^1.2.11"},"devDependencies":{"async":"^0.9.0","oauth":"~0.9.7","optimist":"~0.6.0","mocha":"~1.13.0"},"main":".","scripts":{"test":"node ./test/all.js"},"license":"MIT","licenses":[{"type":"The MIT License","url":"http://www.opensource.org/licenses/mit-license.php"}],"gitHead":"d6cf50fc7c1f7504b85fccc6931e2491c1369434","bugs":{"url":"https://github.com/kaizensoze/node-github/issues"},"_id":"github4@0.2.6","_shasum":"28d2b2bf5873641506133cb4c45d4019018d9b0e","_from":".","_npmVersion":"3.3.12","_nodeVersion":"5.3.0","_npmUser":{"name":"kaizensoze","email":"joe@brassafrax.com"},"dist":{"shasum":"28d2b2bf5873641506133cb4c45d4019018d9b0e","tarball":"https://registry.npmjs.org/github4/-/github4-0.2.6.tgz"},"maintainers":[{"name":"kaizensoze","email":"joe@brassafrax.com"}],"directories":{}},"0.2.7":{"name":"github4","version":"0.2.7","description":"NodeJS wrapper for the GitHub API","author":{"name":"Mike de Boer","email":"info@mikedeboer.nl"},"contributors":[{"name":"Mike de Boer","email":"info@mikedeboer.nl"},{"name":"Fabian Jakobs","email":"fabian@c9.io"},{"name":"Joe Gallo","email":"joe@brassafrax.com"}],"homepage":"https://github.com/kaizensoze/github4","repository":{"type":"git","url":"git+https://github.com/kaizensoze/github4.git"},"engine":{"node":">=0.4.0"},"dependencies":{"mime":"^1.2.11"},"devDependencies":{"async":"^0.9.0","oauth":"~0.9.7","optimist":"~0.6.0","mocha":"~1.13.0"},"main":".","scripts":{"test":"node ./test/all.js"},"license":"MIT","licenses":[{"type":"The MIT License","url":"http://www.opensource.org/licenses/mit-license.php"}],"gitHead":"616f989ccd95119accee4666200bc9b1a6ce1ff7","bugs":{"url":"https://github.com/kaizensoze/github4/issues"},"_id":"github4@0.2.7","_shasum":"5e1dc221cec547caee359de40ebe00c61d22657c","_from":".","_npmVersion":"3.3.12","_nodeVersion":"5.3.0","_npmUser":{"name":"kaizensoze","email":"joe@brassafrax.com"},"dist":{"shasum":"5e1dc221cec547caee359de40ebe00c61d22657c","tarball":"https://registry.npmjs.org/github4/-/github4-0.2.7.tgz"},"maintainers":[{"name":"kaizensoze","email":"joe@brassafrax.com"}],"directories":{}},"0.2.8":{"name":"github4","version":"0.2.8","description":"NodeJS wrapper for the GitHub API","author":{"name":"Mike de Boer","email":"info@mikedeboer.nl"},"contributors":[{"name":"Mike de Boer","email":"info@mikedeboer.nl"},{"name":"Fabian Jakobs","email":"fabian@c9.io"},{"name":"Joe Gallo","email":"joe@brassafrax.com"}],"homepage":"https://github.com/kaizensoze/github4","repository":{"type":"git","url":"git+https://github.com/kaizensoze/github4.git"},"engine":{"node":">=0.4.0"},"dependencies":{"https-proxy-agent":"^1.0.0","mime":"^1.2.11"},"devDependencies":{"async":"^0.9.0","oauth":"~0.9.7","optimist":"~0.6.0","mocha":"~1.13.0"},"main":".","scripts":{"test":"node ./test/all.js"},"license":"MIT","licenses":[{"type":"The MIT License","url":"http://www.opensource.org/licenses/mit-license.php"}],"gitHead":"22ff7c56aa7d3dbb0fb11939e9a72c794fd6e219","bugs":{"url":"https://github.com/kaizensoze/github4/issues"},"_id":"github4@0.2.8","_shasum":"95e4759b93da3ff310515976a6fb4cf49e252f36","_from":".","_npmVersion":"3.3.12","_nodeVersion":"5.3.0","_npmUser":{"name":"kaizensoze","email":"joe@brassafrax.com"},"dist":{"shasum":"95e4759b93da3ff310515976a6fb4cf49e252f36","tarball":"https://registry.npmjs.org/github4/-/github4-0.2.8.tgz"},"maintainers":[{"name":"kaizensoze","email":"joe@brassafrax.com"}],"directories":{}},"0.2.9":{"name":"github4","version":"0.2.9","description":"NodeJS wrapper for the GitHub API","author":{"name":"Mike de Boer","email":"info@mikedeboer.nl"},"contributors":[{"name":"Mike de Boer","email":"info@mikedeboer.nl"},{"name":"Fabian Jakobs","email":"fabian@c9.io"},{"name":"Joe Gallo","email":"joe@brassafrax.com"}],"homepage":"https://github.com/kaizensoze/github4","repository":{"type":"git","url":"git+https://github.com/kaizensoze/github4.git"},"engine":{"node":">=0.4.0"},"dependencies":{"follow-redirects":"0.0.7","https-proxy-agent":"^1.0.0","mime":"^1.2.11","oauth":"^0.9.14"},"devDependencies":{"async":"^0.9.0","mocha":"~1.13.0","optimist":"~0.6.0","should":"^8.0.2"},"main":".","scripts":{"test":"mocha"},"license":"MIT","licenses":[{"type":"The MIT License","url":"http://www.opensource.org/licenses/mit-license.php"}],"gitHead":"127dfe6f4b7acbcd5f30c27a654cc093d775c3dd","bugs":{"url":"https://github.com/kaizensoze/github4/issues"},"_id":"github4@0.2.9","_shasum":"f82ad5ac6493958b446a8ebf9472fc97d3f4d77d","_from":".","_npmVersion":"3.3.12","_nodeVersion":"5.3.0","_npmUser":{"name":"kaizensoze","email":"joe@brassafrax.com"},"dist":{"shasum":"f82ad5ac6493958b446a8ebf9472fc97d3f4d77d","tarball":"https://registry.npmjs.org/github4/-/github4-0.2.9.tgz"},"maintainers":[{"name":"kaizensoze","email":"joe@brassafrax.com"}],"directories":{}},"0.2.10":{"name":"github4","version":"0.2.10","description":"NodeJS wrapper for the GitHub API","author":{"name":"Mike de Boer","email":"info@mikedeboer.nl"},"contributors":[{"name":"Mike de Boer","email":"info@mikedeboer.nl"},{"name":"Fabian Jakobs","email":"fabian@c9.io"},{"name":"Joe Gallo","email":"joe@brassafrax.com"}],"homepage":"https://github.com/kaizensoze/github4","repository":{"type":"git","url":"git+https://github.com/kaizensoze/github4.git"},"engine":{"node":">=0.4.0"},"dependencies":{"follow-redirects":"0.0.7","https-proxy-agent":"^1.0.0","mime":"^1.2.11","oauth":"^0.9.14"},"devDependencies":{"async":"^0.9.0","mocha":"~1.13.0","optimist":"~0.6.0","should":"^8.0.2"},"main":".","scripts":{"test":"mocha"},"license":"MIT","licenses":[{"type":"The MIT License","url":"http://www.opensource.org/licenses/mit-license.php"}],"gitHead":"cfcea41f0ccfe92a29c22b9b1e1365fdf0d025bf","bugs":{"url":"https://github.com/kaizensoze/github4/issues"},"_id":"github4@0.2.10","_shasum":"fd9c5e807488c0dfb651bfd51b2ec5295bf83786","_from":".","_npmVersion":"3.3.12","_nodeVersion":"5.3.0","_npmUser":{"name":"kaizensoze","email":"joe@brassafrax.com"},"dist":{"shasum":"fd9c5e807488c0dfb651bfd51b2ec5295bf83786","tarball":"https://registry.npmjs.org/github4/-/github4-0.2.10.tgz"},"maintainers":[{"name":"kaizensoze","email":"joe@brassafrax.com"}],"directories":{}},"0.2.11":{"name":"github4","version":"0.2.11","description":"NodeJS wrapper for the GitHub API","author":{"name":"Mike de Boer","email":"info@mikedeboer.nl"},"contributors":[{"name":"Mike de Boer","email":"info@mikedeboer.nl"},{"name":"Fabian Jakobs","email":"fabian@c9.io"},{"name":"Joe Gallo","email":"joe@brassafrax.com"}],"homepage":"https://github.com/kaizensoze/github4","repository":{"type":"git","url":"git+https://github.com/kaizensoze/github4.git"},"engine":{"node":">=0.4.0"},"dependencies":{"follow-redirects":"0.0.7","https-proxy-agent":"^1.0.0","mime":"^1.2.11"},"devDependencies":{"async":"^0.9.0","mocha":"~1.13.0","optimist":"~0.6.0","should":"^8.0.2"},"main":".","scripts":{"test":"mocha"},"license":"MIT","licenses":[{"type":"The MIT License","url":"http://www.opensource.org/licenses/mit-license.php"}],"gitHead":"7563c6a817afb8a253e6b31952aac06b2cace5fd","bugs":{"url":"https://github.com/kaizensoze/github4/issues"},"_id":"github4@0.2.11","_shasum":"bf89d8e201ba1baac1eb63e1ab8a669889e9ced8","_from":".","_npmVersion":"3.3.12","_nodeVersion":"5.3.0","_npmUser":{"name":"kaizensoze","email":"joe@brassafrax.com"},"dist":{"shasum":"bf89d8e201ba1baac1eb63e1ab8a669889e9ced8","tarball":"https://registry.npmjs.org/github4/-/github4-0.2.11.tgz"},"maintainers":[{"name":"kaizensoze","email":"joe@brassafrax.com"}],"directories":{}},"0.2.12":{"name":"github4","version":"0.2.12","description":"NodeJS wrapper for the GitHub API","author":{"name":"Mike de Boer","email":"info@mikedeboer.nl"},"contributors":[{"name":"Mike de Boer","email":"info@mikedeboer.nl"},{"name":"Fabian Jakobs","email":"fabian@c9.io"},{"name":"Joe Gallo","email":"joe@brassafrax.com"}],"homepage":"https://github.com/kaizensoze/github4","repository":{"type":"git","url":"git+https://github.com/kaizensoze/github4.git"},"engine":{"node":">=0.4.0"},"dependencies":{"follow-redirects":"0.0.7","https-proxy-agent":"^1.0.0","mime":"^1.2.11"},"devDependencies":{"async":"^0.9.0","mocha":"~1.13.0","optimist":"~0.6.0","should":"^8.0.2"},"main":".","scripts":{"test":"mocha"},"license":"MIT","licenses":[{"type":"The MIT License","url":"http://www.opensource.org/licenses/mit-license.php"}],"apidoc":{"title":"github4","template":{"withCompare":false}},"gitHead":"02551aa99f15b18a5ecd6d3f26f3f0a3070b7051","bugs":{"url":"https://github.com/kaizensoze/github4/issues"},"_id":"github4@0.2.12","_shasum":"43fdef4fcb9476ccea4a5d3f7b3833637ca11643","_from":".","_npmVersion":"3.3.12","_nodeVersion":"5.3.0","_npmUser":{"name":"kaizensoze","email":"joe@brassafrax.com"},"dist":{"shasum":"43fdef4fcb9476ccea4a5d3f7b3833637ca11643","tarball":"https://registry.npmjs.org/github4/-/github4-0.2.12.tgz"},"maintainers":[{"name":"kaizensoze","email":"joe@brassafrax.com"}],"directories":{}},"0.2.13":{"name":"github4","version":"0.2.13","description":"NodeJS wrapper for the GitHub API","author":{"name":"Mike de Boer","email":"info@mikedeboer.nl"},"contributors":[{"name":"Mike de Boer","email":"info@mikedeboer.nl"},{"name":"Fabian Jakobs","email":"fabian@c9.io"},{"name":"Joe Gallo","email":"joe@brassafrax.com"}],"homepage":"https://github.com/kaizensoze/github4","repository":{"type":"git","url":"git+https://github.com/kaizensoze/github4.git"},"engine":{"node":">=0.4.0"},"dependencies":{"follow-redirects":"0.0.7","https-proxy-agent":"^1.0.0","mime":"^1.2.11"},"devDependencies":{"async":"^0.9.0","mocha":"~1.13.0","optimist":"~0.6.0","should":"^8.0.2"},"main":".","scripts":{"test":"mocha"},"license":"MIT","licenses":[{"type":"The MIT License","url":"http://www.opensource.org/licenses/mit-license.php"}],"apidoc":{"title":"github4","template":{"withCompare":false}},"gitHead":"f40802c5cfddc54847606b9748063c08eb8a02ad","bugs":{"url":"https://github.com/kaizensoze/github4/issues"},"_id":"github4@0.2.13","_shasum":"17238f0452f502a7eb08134d37275ae8dcf13218","_from":".","_npmVersion":"3.3.12","_nodeVersion":"5.3.0","_npmUser":{"name":"kaizensoze","email":"joe@brassafrax.com"},"dist":{"shasum":"17238f0452f502a7eb08134d37275ae8dcf13218","tarball":"https://registry.npmjs.org/github4/-/github4-0.2.13.tgz"},"maintainers":[{"name":"kaizensoze","email":"joe@brassafrax.com"}],"directories":{}},"0.2.14":{"name":"github4","version":"0.2.14","description":"NodeJS wrapper for the GitHub API","author":{"name":"Mike de Boer","email":"info@mikedeboer.nl"},"contributors":[{"name":"Mike de Boer","email":"info@mikedeboer.nl"},{"name":"Fabian Jakobs","email":"fabian@c9.io"},{"name":"Joe Gallo","email":"joe@brassafrax.com"}],"homepage":"https://github.com/kaizensoze/github4","repository":{"type":"git","url":"git+https://github.com/kaizensoze/github4.git"},"engine":{"node":">=0.4.0"},"dependencies":{"follow-redirects":"0.0.7","https-proxy-agent":"^1.0.0","mime":"^1.2.11"},"devDependencies":{"async":"^0.9.0","mocha":"~1.13.0","optimist":"~0.6.0","should":"^8.0.2"},"main":".","scripts":{"test":"mocha"},"license":"MIT","licenses":[{"type":"The MIT License","url":"http://www.opensource.org/licenses/mit-license.php"}],"apidoc":{"title":"github4","template":{"withCompare":false}},"gitHead":"1751e00ef76f24586cee3caaedce8eb891875969","bugs":{"url":"https://github.com/kaizensoze/github4/issues"},"_id":"github4@0.2.14","_shasum":"f778127136347b5d37b0c0b4da4d5ae28a4ccd2a","_from":".","_npmVersion":"3.3.12","_nodeVersion":"5.3.0","_npmUser":{"name":"kaizensoze","email":"joe@brassafrax.com"},"dist":{"shasum":"f778127136347b5d37b0c0b4da4d5ae28a4ccd2a","tarball":"https://registry.npmjs.org/github4/-/github4-0.2.14.tgz"},"maintainers":[{"name":"kaizensoze","email":"joe@brassafrax.com"}],"directories":{}},"0.2.15":{"name":"github4","version":"0.2.15","description":"NodeJS wrapper for the GitHub API","author":{"name":"Mike de Boer","email":"info@mikedeboer.nl"},"contributors":[{"name":"Mike de Boer","email":"info@mikedeboer.nl"},{"name":"Fabian Jakobs","email":"fabian@c9.io"},{"name":"Joe Gallo","email":"joe@brassafrax.com"}],"homepage":"https://github.com/kaizensoze/node-github","repository":{"type":"git","url":"git+https://github.com/kaizensoze/node-github.git"},"engine":{"node":">=0.4.0"},"dependencies":{"follow-redirects":"0.0.7","https-proxy-agent":"^1.0.0","mime":"^1.2.11"},"devDependencies":{"mocha":"~1.13.0"},"main":".","scripts":{"test":"mocha"},"license":"MIT","licenses":[{"type":"The MIT License","url":"http://www.opensource.org/licenses/mit-license.php"}],"apidoc":{"title":"node-github","name":"node-github","template":{"withCompare":false}},"gitHead":"3526b9b3e14340714f5540bc84556c84ef0b8011","bugs":{"url":"https://github.com/kaizensoze/node-github/issues"},"_id":"github4@0.2.15","_shasum":"0c8d5cd82946dd1679b5212f8c057b663477a971","_from":".","_npmVersion":"3.3.12","_nodeVersion":"5.3.0","_npmUser":{"name":"kaizensoze","email":"joe@brassafrax.com"},"dist":{"shasum":"0c8d5cd82946dd1679b5212f8c057b663477a971","tarball":"https://registry.npmjs.org/github4/-/github4-0.2.15.tgz"},"maintainers":[{"name":"kaizensoze","email":"joe@brassafrax.com"}],"directories":{}},"0.2.16":{"name":"github4","version":"0.2.16","description":"NodeJS wrapper for the GitHub API","author":{"name":"Mike de Boer","email":"info@mikedeboer.nl"},"contributors":[{"name":"Mike de Boer","email":"info@mikedeboer.nl"},{"name":"Fabian Jakobs","email":"fabian@c9.io"},{"name":"Joe Gallo","email":"joe@brassafrax.com"}],"homepage":"https://github.com/kaizensoze/node-github","repository":{"type":"git","url":"git+https://github.com/kaizensoze/node-github.git"},"engine":{"node":">=0.4.0"},"dependencies":{"follow-redirects":"0.0.7","https-proxy-agent":"^1.0.0","mime":"^1.2.11"},"devDependencies":{"mocha":"~1.13.0"},"main":".","scripts":{"test":"mocha"},"license":"MIT","licenses":[{"type":"The MIT License","url":"http://www.opensource.org/licenses/mit-license.php"}],"apidoc":{"title":"node-github","name":"node-github","template":{"withCompare":false}},"gitHead":"960919f7ff0bbe7cc5b14f66d52ab7b5d552b38d","bugs":{"url":"https://github.com/kaizensoze/node-github/issues"},"_id":"github4@0.2.16","_shasum":"7e758f5a8e9eaeba6c5e711f2384fc196a7ff960","_from":".","_npmVersion":"3.3.12","_nodeVersion":"5.3.0","_npmUser":{"name":"kaizensoze","email":"joe@brassafrax.com"},"dist":{"shasum":"7e758f5a8e9eaeba6c5e711f2384fc196a7ff960","tarball":"https://registry.npmjs.org/github4/-/github4-0.2.16.tgz"},"maintainers":[{"name":"kaizensoze","email":"joe@brassafrax.com"}],"directories":{}},"0.2.17":{"name":"github4","version":"0.2.17","description":"NodeJS wrapper for the GitHub API","author":{"name":"Mike de Boer","email":"info@mikedeboer.nl"},"contributors":[{"name":"Mike de Boer","email":"info@mikedeboer.nl"},{"name":"Fabian Jakobs","email":"fabian@c9.io"},{"name":"Joe Gallo","email":"joe@brassafrax.com"}],"homepage":"https://github.com/kaizensoze/node-github","repository":{"type":"git","url":"git+https://github.com/kaizensoze/node-github.git"},"engine":{"node":">=0.4.0"},"dependencies":{"follow-redirects":"0.0.7","https-proxy-agent":"^1.0.0","mime":"^1.2.11"},"devDependencies":{"mocha":"~1.13.0"},"main":".","scripts":{"test":"mocha"},"license":"MIT","licenses":[{"type":"The MIT License","url":"http://www.opensource.org/licenses/mit-license.php"}],"apidoc":{"title":"node-github","name":"node-github","template":{"withCompare":false}},"gitHead":"cd0dada6d0c8dd58ef74409db3e6e57740e98dac","bugs":{"url":"https://github.com/kaizensoze/node-github/issues"},"_id":"github4@0.2.17","_shasum":"86b692309b92a5496f200b434255afbaa59b48e9","_from":".","_npmVersion":"3.3.12","_nodeVersion":"5.3.0","_npmUser":{"name":"kaizensoze","email":"joe@brassafrax.com"},"dist":{"shasum":"86b692309b92a5496f200b434255afbaa59b48e9","tarball":"https://registry.npmjs.org/github4/-/github4-0.2.17.tgz"},"maintainers":[{"name":"kaizensoze","email":"joe@brassafrax.com"}],"directories":{}},"0.2.18":{"name":"github4","version":"0.2.18","description":"NodeJS wrapper for the GitHub API","author":{"name":"Mike de Boer","email":"info@mikedeboer.nl"},"contributors":[{"name":"Mike de Boer","email":"info@mikedeboer.nl"},{"name":"Fabian Jakobs","email":"fabian@c9.io"},{"name":"Joe Gallo","email":"joe@brassafrax.com"}],"homepage":"https://github.com/kaizensoze/node-github","repository":{"type":"git","url":"git+https://github.com/kaizensoze/node-github.git"},"engine":{"node":">=0.4.0"},"dependencies":{"follow-redirects":"0.0.7","https-proxy-agent":"^1.0.0","mime":"^1.2.11"},"devDependencies":{"mocha":"~1.13.0"},"main":".","scripts":{"test":"mocha"},"license":"MIT","licenses":[{"type":"The MIT License","url":"http://www.opensource.org/licenses/mit-license.php"}],"apidoc":{"title":"node-github","name":"node-github","template":{"withCompare":false}},"gitHead":"4fbbec95eb79e8caeb23c6964921c298475cc066","bugs":{"url":"https://github.com/kaizensoze/node-github/issues"},"_id":"github4@0.2.18","_shasum":"2f97506dd223bf38374077bd2df731f862df7e65","_from":".","_npmVersion":"3.3.12","_nodeVersion":"5.3.0","_npmUser":{"name":"kaizensoze","email":"joe@brassafrax.com"},"dist":{"shasum":"2f97506dd223bf38374077bd2df731f862df7e65","tarball":"https://registry.npmjs.org/github4/-/github4-0.2.18.tgz"},"maintainers":[{"name":"kaizensoze","email":"joe@brassafrax.com"}],"directories":{}},"0.2.19":{"name":"github4","version":"0.2.19","description":"NodeJS wrapper for the GitHub API","author":{"name":"Mike de Boer","email":"info@mikedeboer.nl"},"contributors":[{"name":"Mike de Boer","email":"info@mikedeboer.nl"},{"name":"Fabian Jakobs","email":"fabian@c9.io"},{"name":"Joe Gallo","email":"joe@brassafrax.com"}],"homepage":"https://github.com/kaizensoze/node-github","repository":{"type":"git","url":"git+https://github.com/kaizensoze/node-github.git"},"engine":{"node":">=0.4.0"},"dependencies":{"follow-redirects":"0.0.7","https-proxy-agent":"^1.0.0","mime":"^1.2.11"},"devDependencies":{"mocha":"~1.13.0"},"main":".","scripts":{"test":"mocha"},"license":"MIT","licenses":[{"type":"The MIT License","url":"http://www.opensource.org/licenses/mit-license.php"}],"apidoc":{"title":"node-github","name":"node-github","template":{"withCompare":false}},"gitHead":"a3c464596a981f4523916e75bd6764a1313f9f04","bugs":{"url":"https://github.com/kaizensoze/node-github/issues"},"_id":"github4@0.2.19","_shasum":"2bb3ef33bc6bb362c35a2100e7e415ade01c9037","_from":".","_npmVersion":"3.3.12","_nodeVersion":"5.3.0","_npmUser":{"name":"kaizensoze","email":"joe@brassafrax.com"},"dist":{"shasum":"2bb3ef33bc6bb362c35a2100e7e415ade01c9037","tarball":"https://registry.npmjs.org/github4/-/github4-0.2.19.tgz"},"maintainers":[{"name":"kaizensoze","email":"joe@brassafrax.com"}],"directories":{}},"0.2.20":{"name":"github4","version":"0.2.20","description":"NodeJS wrapper for the GitHub API","author":{"name":"Mike de Boer","email":"info@mikedeboer.nl"},"contributors":[{"name":"Mike de Boer","email":"info@mikedeboer.nl"},{"name":"Fabian Jakobs","email":"fabian@c9.io"},{"name":"Joe Gallo","email":"joe@brassafrax.com"}],"homepage":"https://github.com/kaizensoze/node-github","repository":{"type":"git","url":"git+https://github.com/kaizensoze/node-github.git"},"engine":{"node":">=0.4.0"},"dependencies":{"follow-redirects":"0.0.7","https-proxy-agent":"^1.0.0","mime":"^1.2.11"},"devDependencies":{"mocha":"~1.13.0"},"main":".","scripts":{"test":"mocha"},"license":"MIT","licenses":[{"type":"The MIT License","url":"http://www.opensource.org/licenses/mit-license.php"}],"apidoc":{"title":"node-github","name":"node-github","template":{"withCompare":false}},"gitHead":"bbfbc3c59fdd5e55e269670838dec6320acf722e","bugs":{"url":"https://github.com/kaizensoze/node-github/issues"},"_id":"github4@0.2.20","_shasum":"6f5f2b54bace9299cd3679cf4a17f953ecfd845d","_from":".","_npmVersion":"3.3.12","_nodeVersion":"5.3.0","_npmUser":{"name":"kaizensoze","email":"joe@brassafrax.com"},"dist":{"shasum":"6f5f2b54bace9299cd3679cf4a17f953ecfd845d","tarball":"https://registry.npmjs.org/github4/-/github4-0.2.20.tgz"},"maintainers":[{"name":"kaizensoze","email":"joe@brassafrax.com"}],"directories":{}},"0.3.0":{"name":"github4","version":"0.3.0","description":"NodeJS wrapper for the GitHub API","author":{"name":"Mike de Boer","email":"info@mikedeboer.nl"},"contributors":[{"name":"Mike de Boer","email":"info@mikedeboer.nl"},{"name":"Fabian Jakobs","email":"fabian@c9.io"},{"name":"Joe Gallo","email":"joe@brassafrax.com"}],"homepage":"https://github.com/kaizensoze/node-github","repository":{"type":"git","url":"git+https://github.com/kaizensoze/node-github.git"},"engine":{"node":">=0.4.0"},"dependencies":{"follow-redirects":"0.0.7","https-proxy-agent":"^1.0.0","mime":"^1.2.11"},"devDependencies":{"mocha":"~1.13.0"},"main":".","scripts":{"test":"mocha"},"license":"MIT","licenses":[{"type":"The MIT License","url":"http://www.opensource.org/licenses/mit-license.php"}],"apidoc":{"title":"node-github","name":"node-github","template":{"withCompare":false}},"gitHead":"016839efc8cf2c684b8540fdeb01c436416a5c33","bugs":{"url":"https://github.com/kaizensoze/node-github/issues"},"_id":"github4@0.3.0","_shasum":"21d3ccfa45c8593e4f7274b0bfc50c99edd940e2","_from":".","_npmVersion":"3.3.12","_nodeVersion":"5.3.0","_npmUser":{"name":"kaizensoze","email":"joe@brassafrax.com"},"dist":{"shasum":"21d3ccfa45c8593e4f7274b0bfc50c99edd940e2","tarball":"https://registry.npmjs.org/github4/-/github4-0.3.0.tgz"},"maintainers":[{"name":"kaizensoze","email":"joe@brassafrax.com"}],"directories":{}},"0.4.0":{"name":"github4","version":"0.4.0","description":"NodeJS wrapper for the GitHub API","author":{"name":"Mike de Boer","email":"info@mikedeboer.nl"},"contributors":[{"name":"Mike de Boer","email":"info@mikedeboer.nl"},{"name":"Fabian Jakobs","email":"fabian@c9.io"},{"name":"Joe Gallo","email":"joe@brassafrax.com"}],"homepage":"https://github.com/kaizensoze/node-github","repository":{"type":"git","url":"git+https://github.com/kaizensoze/node-github.git"},"engine":{"node":">=0.4.0"},"dependencies":{"follow-redirects":"0.0.7","https-proxy-agent":"^1.0.0","mime":"^1.2.11"},"devDependencies":{"mocha":"~1.13.0"},"main":".","scripts":{"test":"mocha"},"license":"MIT","licenses":[{"type":"The MIT License","url":"http://www.opensource.org/licenses/mit-license.php"}],"apidoc":{"title":"node-github","name":"node-github","template":{"withCompare":false}},"gitHead":"e8a194623703da845fb9aa6e9331a8100bb595d4","bugs":{"url":"https://github.com/kaizensoze/node-github/issues"},"_id":"github4@0.4.0","_shasum":"bc483d568af1b92b27fa8f46dc716febf546a2c7","_from":".","_npmVersion":"3.3.12","_nodeVersion":"5.4.0","_npmUser":{"name":"kaizensoze","email":"joe@brassafrax.com"},"dist":{"shasum":"bc483d568af1b92b27fa8f46dc716febf546a2c7","tarball":"https://registry.npmjs.org/github4/-/github4-0.4.0.tgz"},"maintainers":[{"name":"kaizensoze","email":"joe@brassafrax.com"}],"directories":{}},"0.5.1":{"name":"github4","version":"0.5.1","description":"NodeJS wrapper for the GitHub API","author":{"name":"Mike de Boer","email":"info@mikedeboer.nl"},"contributors":[{"name":"Mike de Boer","email":"info@mikedeboer.nl"},{"name":"Fabian Jakobs","email":"fabian@c9.io"},{"name":"Joe Gallo","email":"joe@brassafrax.com"}],"homepage":"https://github.com/kaizensoze/node-github","repository":{"type":"git","url":"git+https://github.com/kaizensoze/node-github.git"},"engine":{"node":">=0.4.0"},"dependencies":{"follow-redirects":"0.0.7","https-proxy-agent":"^1.0.0","mime":"^1.2.11"},"devDependencies":{"mocha":"~1.13.0"},"main":".","scripts":{"test":"mocha"},"license":"MIT","licenses":[{"type":"The MIT License","url":"http://www.opensource.org/licenses/mit-license.php"}],"apidoc":{"title":"node-github","name":"node-github","template":{"withCompare":false}},"gitHead":"ca9ec5bca00c5611ff9a84d2297d8b424802f893","bugs":{"url":"https://github.com/kaizensoze/node-github/issues"},"_id":"github4@0.5.1","_shasum":"1d2136f3cc387283f82d22bde2867056403144a6","_from":".","_npmVersion":"3.5.3","_nodeVersion":"5.5.0","_npmUser":{"name":"kaizensoze","email":"joe@brassafrax.com"},"dist":{"shasum":"1d2136f3cc387283f82d22bde2867056403144a6","tarball":"https://registry.npmjs.org/github4/-/github4-0.5.1.tgz"},"maintainers":[{"name":"kaizensoze","email":"joe@brassafrax.com"}],"directories":{}},"0.5.2":{"name":"github4","version":"0.5.2","description":"NodeJS wrapper for the GitHub API","author":{"name":"Mike de Boer","email":"info@mikedeboer.nl"},"contributors":[{"name":"Mike de Boer","email":"info@mikedeboer.nl"},{"name":"Fabian Jakobs","email":"fabian@c9.io"},{"name":"Joe Gallo","email":"joe@brassafrax.com"}],"homepage":"https://github.com/kaizensoze/node-github","repository":{"type":"git","url":"git+https://github.com/kaizensoze/node-github.git"},"engine":{"node":">=0.4.0"},"dependencies":{"follow-redirects":"0.0.7","https-proxy-agent":"^1.0.0","mime":"^1.2.11"},"devDependencies":{"mocha":"~1.13.0"},"main":".","scripts":{"test":"mocha"},"license":"MIT","licenses":[{"type":"The MIT License","url":"http://www.opensource.org/licenses/mit-license.php"}],"apidoc":{"title":"node-github","name":"node-github","template":{"withCompare":false}},"gitHead":"7bb23130125cc9a5ff55317d960d0775eadf7348","bugs":{"url":"https://github.com/kaizensoze/node-github/issues"},"_id":"github4@0.5.2","_shasum":"42dd08f57a04f7d25233bfeb8437001cc32e2842","_from":".","_npmVersion":"3.6.0","_nodeVersion":"5.6.0","_npmUser":{"name":"kaizensoze","email":"joe@brassafrax.com"},"dist":{"shasum":"42dd08f57a04f7d25233bfeb8437001cc32e2842","tarball":"https://registry.npmjs.org/github4/-/github4-0.5.2.tgz"},"maintainers":[{"name":"kaizensoze","email":"joe@brassafrax.com"}],"_npmOperationalInternal":{"host":"packages-6-west.internal.npmjs.com","tmp":"tmp/github4-0.5.2.tgz_1455418029948_0.4118869660887867"},"directories":{}},"0.5.3":{"name":"github4","version":"0.5.3","description":"NodeJS wrapper for the GitHub API","author":{"name":"Mike de Boer","email":"info@mikedeboer.nl"},"contributors":[{"name":"Mike de Boer","email":"info@mikedeboer.nl"},{"name":"Fabian Jakobs","email":"fabian@c9.io"},{"name":"Joe Gallo","email":"joe@brassafrax.com"}],"homepage":"https://github.com/kaizensoze/node-github","repository":{"type":"git","url":"git+https://github.com/kaizensoze/node-github.git"},"engine":{"node":">=0.4.0"},"dependencies":{"follow-redirects":"0.0.7","https-proxy-agent":"^1.0.0","mime":"^1.2.11"},"devDependencies":{"mocha":"~1.13.0"},"main":"lib","scripts":{"test":"mocha"},"license":"MIT","licenses":[{"type":"The MIT License","url":"http://www.opensource.org/licenses/mit-license.php"}],"apidoc":{"title":"node-github","name":"node-github","template":{"withCompare":false}},"gitHead":"6531592ceeb0f5610275af25c114f73e218eb0e4","bugs":{"url":"https://github.com/kaizensoze/node-github/issues"},"_id":"github4@0.5.3","_shasum":"9899d842aefc56b561d3f1f8a8cfb0000dd110fc","_from":".","_npmVersion":"3.6.0","_nodeVersion":"5.6.0","_npmUser":{"name":"kaizensoze","email":"joe@brassafrax.com"},"dist":{"shasum":"9899d842aefc56b561d3f1f8a8cfb0000dd110fc","tarball":"https://registry.npmjs.org/github4/-/github4-0.5.3.tgz"},"maintainers":[{"name":"kaizensoze","email":"joe@brassafrax.com"}],"_npmOperationalInternal":{"host":"packages-9-west.internal.npmjs.com","tmp":"tmp/github4-0.5.3.tgz_1455563050405_0.3479206778574735"},"directories":{}},"0.5.4":{"name":"github4","version":"0.5.4","description":"NodeJS wrapper for the GitHub API","author":{"name":"Mike de Boer","email":"info@mikedeboer.nl"},"contributors":[{"name":"Mike de Boer","email":"info@mikedeboer.nl"},{"name":"Fabian Jakobs","email":"fabian@c9.io"},{"name":"Joe Gallo","email":"joe@brassafrax.com"}],"homepage":"https://github.com/kaizensoze/node-github","repository":{"type":"git","url":"git+https://github.com/kaizensoze/node-github.git"},"engine":{"node":">=0.4.0"},"dependencies":{"follow-redirects":"0.0.7","https-proxy-agent":"^1.0.0","mime":"^1.2.11"},"devDependencies":{"mocha":"~1.13.0"},"main":"lib","scripts":{"test":"mocha"},"license":"MIT","licenses":[{"type":"The MIT License","url":"http://www.opensource.org/licenses/mit-license.php"}],"apidoc":{"title":"node-github","name":"node-github","template":{"withCompare":false}},"gitHead":"0b507bdd42016c58d85e8ed498c2fa5895a2b3b1","bugs":{"url":"https://github.com/kaizensoze/node-github/issues"},"_id":"github4@0.5.4","_shasum":"0c8618d17bf2ade50ac5ba357ac0a85fdb156aed","_from":".","_npmVersion":"3.6.0","_nodeVersion":"5.7.0","_npmUser":{"name":"kaizensoze","email":"joe@brassafrax.com"},"dist":{"shasum":"0c8618d17bf2ade50ac5ba357ac0a85fdb156aed","tarball":"https://registry.npmjs.org/github4/-/github4-0.5.4.tgz"},"maintainers":[{"name":"kaizensoze","email":"joe@brassafrax.com"}],"_npmOperationalInternal":{"host":"packages-9-west.internal.npmjs.com","tmp":"tmp/github4-0.5.4.tgz_1456510169715_0.6471679545938969"},"directories":{}},"0.5.5":{"name":"github4","version":"0.5.5","description":"NodeJS wrapper for the GitHub API","author":{"name":"Mike de Boer","email":"info@mikedeboer.nl"},"contributors":[{"name":"Mike de Boer","email":"info@mikedeboer.nl"},{"name":"Fabian Jakobs","email":"fabian@c9.io"},{"name":"Joe Gallo","email":"joe@brassafrax.com"}],"homepage":"https://github.com/kaizensoze/node-github","repository":{"type":"git","url":"git+https://github.com/kaizensoze/node-github.git"},"engine":{"node":">=0.4.0"},"dependencies":{"follow-redirects":"0.0.7","https-proxy-agent":"^1.0.0","mime":"^1.2.11"},"devDependencies":{"mocha":"~1.13.0"},"main":"lib","scripts":{"test":"mocha"},"license":"MIT","licenses":[{"type":"The MIT License","url":"http://www.opensource.org/licenses/mit-license.php"}],"apidoc":{"title":"node-github","name":"node-github","template":{"withCompare":false}},"gitHead":"65622f9ae26a0d1dcac1ed24827948700c720d00","bugs":{"url":"https://github.com/kaizensoze/node-github/issues"},"_id":"github4@0.5.5","_shasum":"28b5eb1e654c2f99120aa03b19b8aeb8cec58cad","_from":".","_npmVersion":"3.8.3","_nodeVersion":"5.10.1","_npmUser":{"name":"kaizensoze","email":"joe@brassafrax.com"},"dist":{"shasum":"28b5eb1e654c2f99120aa03b19b8aeb8cec58cad","tarball":"https://registry.npmjs.org/github4/-/github4-0.5.5.tgz"},"maintainers":[{"name":"kaizensoze","email":"joe@brassafrax.com"}],"_npmOperationalInternal":{"host":"packages-16-east.internal.npmjs.com","tmp":"tmp/github4-0.5.5.tgz_1460567695817_0.3106048824265599"},"directories":{}},"0.6.0":{"name":"github4","version":"0.6.0","description":"NodeJS wrapper for the GitHub API","author":{"name":"Mike de Boer","email":"info@mikedeboer.nl"},"contributors":[{"name":"Mike de Boer","email":"info@mikedeboer.nl"},{"name":"Fabian Jakobs","email":"fabian@c9.io"},{"name":"Joe Gallo","email":"joe@brassafrax.com"}],"homepage":"https://github.com/kaizensoze/node-github","repository":{"type":"git","url":"git+https://github.com/kaizensoze/node-github.git"},"engine":{"node":">=0.4.0"},"dependencies":{"follow-redirects":"0.0.7","https-proxy-agent":"^1.0.0","mime":"^1.2.11"},"devDependencies":{"mocha":"~1.13.0"},"main":"lib","scripts":{"test":"mocha"},"license":"MIT","licenses":[{"type":"The MIT License","url":"http://www.opensource.org/licenses/mit-license.php"}],"apidoc":{"title":"node-github","name":"node-github","template":{"withCompare":false}},"gitHead":"1291a7fdf8f29f9cfa334813dcd4ea472d487856","bugs":{"url":"https://github.com/kaizensoze/node-github/issues"},"_id":"github4@0.6.0","_shasum":"db6985fa278cf1998ec8125d0d1b1a2e154b1928","_from":".","_npmVersion":"3.8.3","_nodeVersion":"5.10.1","_npmUser":{"name":"kaizensoze","email":"joe@brassafrax.com"},"dist":{"shasum":"db6985fa278cf1998ec8125d0d1b1a2e154b1928","tarball":"https://registry.npmjs.org/github4/-/github4-0.6.0.tgz"},"maintainers":[{"name":"kaizensoze","email":"joe@brassafrax.com"}],"_npmOperationalInternal":{"host":"packages-16-east.internal.npmjs.com","tmp":"tmp/github4-0.6.0.tgz_1461187526240_0.41145794396288693"},"directories":{}},"1.0.0":{"name":"github4","version":"1.0.0","description":"NodeJS wrapper for the GitHub API","author":{"name":"Mike de Boer","email":"info@mikedeboer.nl"},"contributors":[{"name":"Mike de Boer","email":"info@mikedeboer.nl"},{"name":"Fabian Jakobs","email":"fabian@c9.io"},{"name":"Joe Gallo","email":"joe@brassafrax.com"}],"homepage":"https://github.com/kaizensoze/node-github","repository":{"type":"git","url":"git+https://github.com/kaizensoze/node-github.git"},"engine":{"node":">=0.4.0"},"dependencies":{"follow-redirects":"0.0.7","https-proxy-agent":"^1.0.0","mime":"^1.2.11"},"devDependencies":{"mocha":"~1.13.0"},"main":"lib","scripts":{"test":"mocha"},"license":"MIT","licenses":[{"type":"The MIT License","url":"http://www.opensource.org/licenses/mit-license.php"}],"apidoc":{"title":"node-github","name":"node-github","template":{"withCompare":false}},"gitHead":"5ac66ad52a8f5952eae7188c82bc2deb6db7290b","bugs":{"url":"https://github.com/kaizensoze/node-github/issues"},"_id":"github4@1.0.0","_shasum":"972708eda63054bd00829c01e3b7d5c8d411b881","_from":".","_npmVersion":"3.8.6","_nodeVersion":"6.0.0","_npmUser":{"name":"kaizensoze","email":"joe@brassafrax.com"},"dist":{"shasum":"972708eda63054bd00829c01e3b7d5c8d411b881","tarball":"https://registry.npmjs.org/github4/-/github4-1.0.0.tgz"},"maintainers":[{"name":"kaizensoze","email":"joe@brassafrax.com"}],"_npmOperationalInternal":{"host":"packages-16-east.internal.npmjs.com","tmp":"tmp/github4-1.0.0.tgz_1461908189185_0.714335655560717"},"directories":{}}},"readme":"##### NOTE: See [here](https://github.com/kaizensoze/node-github/wiki/Transition-from-upstream) for a list of PRs applied from the now defunct [mikedeboer/node-github](https://github.com/mikedeboer/node-github).\n\n# Node-github\n\nA Node.js wrapper for GitHub API.\n\n## Installation\n\nInstall via [npm](https://www.npmjs.com/package/github4) ![NPM version](https://badge.fury.io/js/github4.svg)\n\n```bash\n$ npm install github4\n```\n\nor\n\nInstall via git clone\n\n```bash\n$ git clone git@github.com:kaizensoze/node-github.git\n$ cd node-github\n$ npm install\n```\n\n## Documentation\n\nClient API: [https://kaizensoze.github.io/node-github/](https://kaizensoze.github.io/node-github/)  \nGitHub API: [https://developer.github.com/v3/](https://developer.github.com/v3/)\n\n## Test auth file\n\nCreate test auth file for running tests/examples.\n\n```bash\n$ > testAuth.json\n{\n    \"token\": \"<TOKEN>\"\n}\n```\n\n## Example\n\nGet all followers for user \"defunkt\":\n```javascript\nvar GitHubApi = require(\"github4\");\n\nvar github = new GitHubApi({\n    // optional\n    debug: true,\n    protocol: \"https\",\n    host: \"github.my-GHE-enabled-company.com\", // should be api.github.com for GitHub\n    pathPrefix: \"/api/v3\", // for some GHEs; none for GitHub\n    timeout: 5000,\n    headers: {\n        \"user-agent\": \"My-Cool-GitHub-App\" // GitHub is happy with a unique user agent\n    }\n});\ngithub.users.getFollowingForUser({\n    // optional:\n    // headers: {\n    //     \"cookie\": \"blahblah\"\n    // },\n    user: \"defunkt\"\n}, function(err, res) {\n    console.log(JSON.stringify(res));\n});\n```\n\n## Authentication\n\nMost GitHub API calls don't require authentication. As a rule of thumb: If you can see the information by visiting the site without being logged in, you don't have to be authenticated to retrieve the same information through the API. Of course calls, which change data or read sensitive information have to be authenticated.\n\nYou need the GitHub user name and the API key for authentication. The API key can be found in the user's _Account Settings_.\n\n```javascript\n// basic\ngithub.authenticate({\n    type: \"basic\",\n    username: USERNAME,\n    password: PASSWORD\n});\n\n// OAuth2\ngithub.authenticate({\n    type: \"oauth\",\n    token: AUTH_TOKEN\n});\n\n// OAuth2 Key/Secret\ngithub.authenticate({\n    type: \"oauth\",\n    key: CLIENT_ID,\n    secret: CLIENT_SECRET\n})\n```\n\nNote: `authenticate` is synchronous because it only stores the\ncredentials for the next request.\n\nOnce authenticated you can update a user field like so:\n```javascript\ngithub.users.update({\n    location: \"Argentina\"\n}, function(err) {\n    console.log(\"done!\");\n});\n```\n\n### Creating tokens for your application\n[Create a new authorization](https://developer.github.com/v3/oauth_authorizations/#create-a-new-authorization) for your application giving it access to the wanted scopes you need instead of relying on username / password and is the way to go if you have [two-factor authentication](https://github.com/blog/1614-two-factor-authentication) on.\n\nFor example:\n\n1. Use github.authenticate() to auth with GitHub using your username / password\n2. Create an application token programmatically with the scopes you need and, if you use two-factor authentication send the `X-GitHub-OTP` header with the one-time-password you get on your token device.\n\n```javascript\ngithub.authorization.create({\n    scopes: [\"user\", \"public_repo\", \"repo\", \"repo:status\", \"gist\"],\n    note: \"what this auth is for\",\n    note_url: \"http://url-to-this-auth-app\",\n    headers: {\n        \"X-GitHub-OTP\": \"two-factor-code\"\n    }\n}, function(err, res) {\n    if (res.token) {\n        //save and use res.token as in the Oauth process above from now on\n    }\n});\n```\n\n## Update docs/tests\n\n```bash\n$ node lib/generate.js\n```\n\nDev note for updating apidoc for github pages:\n\n```bash\n$ npm install apidoc -g\n$ apidoc -i doc/ -o apidoc/\n```\n\n## Tests\n\nRun all tests\n\n```bash\n$ npm test\n```\n\nOr run a specific test\n\n```bash\n$ npm test test/issuesTest.js\n```\n\n## LICENSE\n\nMIT license. See the LICENSE file for details.\n","maintainers":[{"name":"kaizensoze","email":"joe@brassafrax.com"}],"time":{"modified":"2016-04-29T05:36:30.116Z","created":"2015-12-20T05:12:23.544Z","0.2.4":"2015-12-20T05:12:23.544Z","0.2.5":"2015-12-20T06:10:53.147Z","0.2.6":"2015-12-20T08:29:42.988Z","0.2.7":"2015-12-20T17:51:42.623Z","0.2.8":"2015-12-21T02:12:14.671Z","0.2.9":"2015-12-22T19:56:47.458Z","0.2.10":"2015-12-23T09:22:22.670Z","0.2.11":"2015-12-25T11:46:10.439Z","0.2.12":"2015-12-26T23:46:17.606Z","0.2.13":"2015-12-26T23:51:23.959Z","0.2.14":"2015-12-30T02:06:44.588Z","0.2.15":"2016-01-03T01:09:33.423Z","0.2.16":"2016-01-03T03:00:03.230Z","0.2.17":"2016-01-03T05:03:21.316Z","0.2.18":"2016-01-03T05:05:21.704Z","0.2.19":"2016-01-04T06:36:21.496Z","0.2.20":"2016-01-04T09:03:28.474Z","0.3.0":"2016-01-04T09:40:55.619Z","0.4.0":"2016-01-09T04:10:49.018Z","0.5.1":"2016-01-25T06:32:37.822Z","0.5.2":"2016-02-14T02:47:13.569Z","0.5.3":"2016-02-15T19:04:14.274Z","0.5.4":"2016-02-26T18:09:32.854Z","0.5.5":"2016-04-13T17:14:59.088Z","0.6.0":"2016-04-20T21:25:27.328Z","1.0.0":"2016-04-29T05:36:30.116Z"},"homepage":"https://github.com/kaizensoze/node-github","repository":{"type":"git","url":"git+https://github.com/kaizensoze/node-github.git"},"contributors":[{"name":"Mike de Boer","email":"info@mikedeboer.nl"},{"name":"Fabian Jakobs","email":"fabian@c9.io"},{"name":"Joe Gallo","email":"joe@brassafrax.com"}],"author":{"name":"Mike de Boer","email":"info@mikedeboer.nl"},"bugs":{"url":"https://github.com/kaizensoze/node-github/issues"},"license":"MIT","readmeFilename":"README.md","_attachments":{},"_etag":"\"E1HD468LJ3W18LL4497Z3700U\""}