{"_id":"constant-case","_rev":"12-4a0d94ce421df6f24f124b1a2b7e16fd","name":"constant-case","description":"Constant case a string","dist-tags":{"latest":"1.1.2"},"versions":{"0.0.1":{"name":"constant-case","version":"0.0.1","description":"Constant case a string","main":"constant-case.js","scripts":{"test":"istanbul cover _mocha -- -R spec"},"repository":{"type":"git","url":"git://github.com/blakeembrey/constant-case.git"},"keywords":["constant","case","upper"],"author":{"name":"Blake Embrey"},"license":"MIT","bugs":{"url":"https://github.com/blakeembrey/constant-case/issues"},"homepage":"https://github.com/blakeembrey/constant-case","devDependencies":{"istanbul":"^0.2.6","mocha":"^1.18.2"},"dependencies":{"sentence-case":"0.0.1"},"_id":"constant-case@0.0.1","dist":{"shasum":"8636c156afd257013efefa85308bd5ff92842e28","tarball":"https://registry.npmjs.org/constant-case/-/constant-case-0.0.1.tgz"},"_from":".","_npmVersion":"1.4.6","_npmUser":{"name":"blakeembrey","email":"hello@blakeembrey.com"},"maintainers":[{"name":"blakeembrey","email":"hello@blakeembrey.com"}],"directories":{}},"0.0.2":{"name":"constant-case","version":"0.0.2","description":"Constant case a string","main":"constant-case.js","scripts":{"test":"istanbul cover _mocha -- -R spec"},"repository":{"type":"git","url":"git://github.com/blakeembrey/constant-case.git"},"keywords":["constant","case","upper"],"author":{"name":"Blake Embrey"},"license":"MIT","bugs":{"url":"https://github.com/blakeembrey/constant-case/issues"},"homepage":"https://github.com/blakeembrey/constant-case","devDependencies":{"istanbul":"^0.2.6","mocha":"^1.18.2"},"dependencies":{"sentence-case":"0.0.2"},"_id":"constant-case@0.0.2","dist":{"shasum":"5b5e890e08638826114799ab351a5e6e699612b8","tarball":"https://registry.npmjs.org/constant-case/-/constant-case-0.0.2.tgz"},"_from":".","_npmVersion":"1.4.6","_npmUser":{"name":"blakeembrey","email":"hello@blakeembrey.com"},"maintainers":[{"name":"blakeembrey","email":"hello@blakeembrey.com"}],"directories":{}},"0.1.0":{"name":"constant-case","version":"0.1.0","description":"Constant case a string","main":"constant-case.js","scripts":{"test":"istanbul cover _mocha -- -R spec"},"repository":{"type":"git","url":"git://github.com/blakeembrey/constant-case.git"},"keywords":["constant","case","upper"],"author":{"name":"Blake Embrey"},"license":"MIT","bugs":{"url":"https://github.com/blakeembrey/constant-case/issues"},"homepage":"https://github.com/blakeembrey/constant-case","devDependencies":{"istanbul":"^0.2.6","mocha":"^1.18.2"},"dependencies":{"snake-case":"^0.1.1"},"_id":"constant-case@0.1.0","dist":{"shasum":"5ee66707b49155e4484e55623c4338c3c2fb4115","tarball":"https://registry.npmjs.org/constant-case/-/constant-case-0.1.0.tgz"},"_from":".","_npmVersion":"1.4.6","_npmUser":{"name":"blakeembrey","email":"hello@blakeembrey.com"},"maintainers":[{"name":"blakeembrey","email":"hello@blakeembrey.com"}],"directories":{}},"1.0.0":{"name":"constant-case","version":"1.0.0","description":"Constant case a string","main":"constant-case.js","scripts":{"test":"istanbul cover _mocha -- -R spec"},"repository":{"type":"git","url":"git://github.com/blakeembrey/constant-case.git"},"keywords":["constant","case","upper"],"author":{"name":"Blake Embrey","email":"hello@blakeembrey.com","url":"http://blakeembrey.me"},"license":"MIT","bugs":{"url":"https://github.com/blakeembrey/constant-case/issues"},"homepage":"https://github.com/blakeembrey/constant-case","devDependencies":{"istanbul":"^0.3.0","mocha":"^1.18.2"},"dependencies":{"snake-case":"^1.0.0"},"gitHead":"c5e8d755cf0526c59c003f344e3fc40779653098","_id":"constant-case@1.0.0","_shasum":"af988d7919ae1c60f5e79e661a74e281656cff46","_from":".","_npmVersion":"1.4.14","_npmUser":{"name":"blakeembrey","email":"hello@blakeembrey.com"},"maintainers":[{"name":"blakeembrey","email":"hello@blakeembrey.com"}],"dist":{"shasum":"af988d7919ae1c60f5e79e661a74e281656cff46","tarball":"https://registry.npmjs.org/constant-case/-/constant-case-1.0.0.tgz"},"directories":{}},"1.1.0":{"name":"constant-case","version":"1.1.0","description":"Constant case a string","main":"constant-case.js","files":["constant-case.js","LICENSE"],"scripts":{"test":"istanbul cover _mocha -- -R spec"},"repository":{"type":"git","url":"git://github.com/blakeembrey/constant-case.git"},"keywords":["constant","case","upper"],"author":{"name":"Blake Embrey","email":"hello@blakeembrey.com","url":"http://blakeembrey.me"},"license":"MIT","bugs":{"url":"https://github.com/blakeembrey/constant-case/issues"},"homepage":"https://github.com/blakeembrey/constant-case","devDependencies":{"istanbul":"^0.3.0","mocha":"^1.18.2","pre-commit":"0.0.9"},"dependencies":{"snake-case":"^1.1.0","upper-case":"^1.1.1"},"gitHead":"a49d2799e55aed11df61f968a835a17a63604fcf","_id":"constant-case@1.1.0","_shasum":"7537b81b4a13473445f5d858181769de0e7854fa","_from":".","_npmVersion":"2.1.17","_nodeVersion":"0.11.14","_npmUser":{"name":"blakeembrey","email":"hello@blakeembrey.com"},"maintainers":[{"name":"blakeembrey","email":"hello@blakeembrey.com"}],"dist":{"shasum":"7537b81b4a13473445f5d858181769de0e7854fa","tarball":"https://registry.npmjs.org/constant-case/-/constant-case-1.1.0.tgz"},"directories":{}},"1.1.1":{"name":"constant-case","version":"1.1.1","description":"Constant case a string","main":"constant-case.js","files":["constant-case.js","LICENSE"],"scripts":{"lint":"standard","test-std":"mocha -- -R spec --bail","test-cov":"istanbul cover node_modules/mocha/bin/_mocha -- -R spec --bail","test":"npm run lint && npm run test-cov"},"repository":{"type":"git","url":"git://github.com/blakeembrey/constant-case.git"},"keywords":["constant","case","upper"],"author":{"name":"Blake Embrey","email":"hello@blakeembrey.com","url":"http://blakeembrey.me"},"license":"MIT","bugs":{"url":"https://github.com/blakeembrey/constant-case/issues"},"homepage":"https://github.com/blakeembrey/constant-case","devDependencies":{"istanbul":"^0.3.0","mocha":"^2.2.1","pre-commit":"^1.0.6","standard":"^3.3.0"},"dependencies":{"snake-case":"^1.1.0","upper-case":"^1.1.1"},"gitHead":"517c5b48323de8f3c2be616215ed9c8e9ef16369","_id":"constant-case@1.1.1","_shasum":"5798b36fb26dc26ec21e67f65473efadc4825cf6","_from":".","_npmVersion":"2.9.0","_nodeVersion":"2.0.1","_npmUser":{"name":"blakeembrey","email":"hello@blakeembrey.com"},"maintainers":[{"name":"blakeembrey","email":"hello@blakeembrey.com"}],"dist":{"shasum":"5798b36fb26dc26ec21e67f65473efadc4825cf6","tarball":"https://registry.npmjs.org/constant-case/-/constant-case-1.1.1.tgz"},"directories":{}},"1.1.2":{"name":"constant-case","version":"1.1.2","description":"Constant case a string","main":"constant-case.js","typings":"constant-case.d.ts","files":["constant-case.js","constant-case.d.ts","LICENSE"],"scripts":{"lint":"standard","test-std":"mocha -- -R spec --bail","test-cov":"istanbul cover node_modules/mocha/bin/_mocha -- -R spec --bail","test":"npm run lint && npm run test-cov"},"repository":{"type":"git","url":"git://github.com/blakeembrey/constant-case.git"},"keywords":["constant","case","upper"],"author":{"name":"Blake Embrey","email":"hello@blakeembrey.com","url":"http://blakeembrey.me"},"license":"MIT","bugs":{"url":"https://github.com/blakeembrey/constant-case/issues"},"homepage":"https://github.com/blakeembrey/constant-case","devDependencies":{"istanbul":"^0.3.0","mocha":"^2.2.1","pre-commit":"^1.0.6","standard":"^3.3.0"},"dependencies":{"snake-case":"^1.1.0","upper-case":"^1.1.1"},"gitHead":"eba1cd434012d325880ce1d6c21c7537361afcd8","_id":"constant-case@1.1.2","_shasum":"8ec2ca5ba343e00aa38dbf4e200fd5ac907efd63","_from":".","_npmVersion":"3.3.12","_nodeVersion":"5.2.0","_npmUser":{"name":"blakeembrey","email":"hello@blakeembrey.com"},"dist":{"shasum":"8ec2ca5ba343e00aa38dbf4e200fd5ac907efd63","tarball":"https://registry.npmjs.org/constant-case/-/constant-case-1.1.2.tgz"},"maintainers":[{"name":"blakeembrey","email":"hello@blakeembrey.com"}],"directories":{}}},"readme":"# Constant Case\n\n[![NPM version][npm-image]][npm-url]\n[![NPM downloads][downloads-image]][downloads-url]\n[![Build status][travis-image]][travis-url]\n[![Test coverage][coveralls-image]][coveralls-url]\n\nConstant case a string.\n\nSupports Unicode (non-ASCII characters) and non-string entities, such as objects with a `toString` property, numbers and booleans. Empty values (`null` and `undefined`) will result in an empty string.\n\n## Installation\n\n```\nnpm install constant-case --save\n```\n\n## Usage\n\n```javascript\nvar constantCase = require('constant-case')\n\nconstantCase('string')     //=> \"STRING\"\nconstantCase('PascalCase') //=> \"PASCAL_CASE\"\n\nconstantCase('myString', 'tr') //=> \"MY_STRİNG\"\n```\n\n## Typings\n\nIncludes a [TypeScript definition](constant-case.d.ts).\n\n## License\n\nMIT\n\n[npm-image]: https://img.shields.io/npm/v/constant-case.svg?style=flat\n[npm-url]: https://npmjs.org/package/constant-case\n[downloads-image]: https://img.shields.io/npm/dm/constant-case.svg?style=flat\n[downloads-url]: https://npmjs.org/package/constant-case\n[travis-image]: https://img.shields.io/travis/blakeembrey/constant-case.svg?style=flat\n[travis-url]: https://travis-ci.org/blakeembrey/constant-case\n[coveralls-image]: https://img.shields.io/coveralls/blakeembrey/constant-case.svg?style=flat\n[coveralls-url]: https://coveralls.io/r/blakeembrey/constant-case?branch=master\n","maintainers":[{"name":"blakeembrey","email":"hello@blakeembrey.com"}],"time":{"modified":"2015-12-16T00:14:51.921Z","created":"2014-03-24T23:07:08.807Z","0.0.1":"2014-03-24T23:07:08.807Z","0.0.2":"2014-03-25T02:08:35.763Z","0.1.0":"2014-04-09T10:01:01.731Z","1.0.0":"2014-08-17T18:51:45.987Z","1.1.0":"2015-01-12T08:41:53.926Z","1.1.1":"2015-05-11T23:35:22.240Z","1.1.2":"2015-12-16T00:14:51.921Z"},"homepage":"https://github.com/blakeembrey/constant-case","keywords":["constant","case","upper"],"repository":{"type":"git","url":"git://github.com/blakeembrey/constant-case.git"},"author":{"name":"Blake Embrey","email":"hello@blakeembrey.com","url":"http://blakeembrey.me"},"bugs":{"url":"https://github.com/blakeembrey/constant-case/issues"},"license":"MIT","readmeFilename":"README.md","_attachments":{},"_etag":"\"HJACIYVSM9BYBEWOJ5MV8YI6\""}